{"chunk_definitions":[{"chunk_id":"csetup_chunk","chunk_label":"setup","document_id":"CF07EE","expansion_state":0,"options":{"engine":"r","include":false,"label":"setup"},"row":8,"row_count":1,"visible":true},{"chunk_id":"c3dqu1ywlxj0p","chunk_label":"unnamed-chunk-1","document_id":"CF07EE","expansion_state":0,"options":{"engine":"r","label":"unnamed-chunk-21"},"row":17,"row_count":1,"visible":true},{"chunk_id":"crcngxe1dbvcq","chunk_label":"unnamed-chunk-2","document_id":"CF07EE","expansion_state":0,"options":{"echo":false,"engine":"r","label":"unnamed-chunk-49"},"row":26,"row_count":1,"visible":true},{"chunk_id":"c9dy4cdx83dy1","chunk_label":"unnamed-chunk-3","document_id":"CF07EE","expansion_state":0,"options":{"engine":"r","label":"unnamed-chunk-50"},"row":40,"row_count":1,"visible":true},{"chunk_id":"cdpeoz1t5zwk7","chunk_label":"unnamed-chunk-4","document_id":"CF07EE","expansion_state":0,"options":{"engine":"r","label":"unnamed-chunk-51"},"row":50,"row_count":1,"visible":true},{"chunk_id":"c8abaxxldsf9d","chunk_label":"unnamed-chunk-5","document_id":"CF07EE","expansion_state":0,"options":{"engine":"r","label":"unnamed-chunk-52"},"row":60,"row_count":1,"visible":true},{"chunk_id":"c174i4pk1h4iq","chunk_label":"unnamed-chunk-6","document_id":"CF07EE","expansion_state":0,"options":{"engine":"r","label":"unnamed-chunk-54"},"row":69,"row_count":1,"visible":true},{"chunk_id":"cgsloynl53ylm","chunk_label":"unnamed-chunk-7","document_id":"CF07EE","expansion_state":0,"options":{"engine":"r","label":"unnamed-chunk-56"},"row":80,"row_count":1,"visible":true},{"chunk_id":"cbl4x19076dqk","chunk_label":"unnamed-chunk-9","document_id":"CF07EE","expansion_state":0,"options":{"engine":"r","label":"unnamed-chunk-73"},"row":113,"row_count":1,"visible":true}],"default_chunk_options":{"echo":true,"error":false},"doc_write_time":1531653740,"working_dir":null}