"event_type_id","event_type","category","outcome","forward","impact","attribute","weight"
4,"foul","defending",0,NA,-1,"foul",-1.066
7,"tackle","defending",1,NA,1,"s_tackle",1.279
7,"tackle","defending",0,NA,-1,"u_tackle",-3.357
8,"interception","defending",1,NA,1,"interception",0.607
12,"clearance","defending",1,NA,1,"clearance",0.306
44,"aerial","duel",1,NA,1,"s_aerial",0.982
44,"aerial","duel",0,NA,-1,"u_aerial",-1.241
50,"dispossess","duel",1,NA,1,"dispossess",1.283
3,"take_on","other",1,NA,1,"s_takeon",1.543
3,"take_on","other",0,NA,-1,"u_takeon",-1.467
4,"foul","other",1,NA,-1,"fouled",0.354
55,"offside_provoked","other",1,NA,1,"offside_provoked",3.816
51,"error","other",1,NA,-1,"error",-77.068
61,"ball_touch","other",0,NA,-1,"ball_touch",-0.305
1,"pass","passing",0,-1,-1,"u_back_pass",-0.006
1,"pass","passing",0,1,-1,"u_for_pass",-0.011
1,"pass","passing",1,-1,1,"s_back_pass",0.021
1,"pass","passing",1,1,1,"s_for_pass",0.024
5,"out","possession",1,NA,1,"out_gain",0.457
5,"out","possession",0,NA,-1,"out_lose",-0.505
49,"ball_recovery","possession",1,NA,1,"ball_recovery",0.169
