Player,Score
Ivan Rakitic,0.0
Marcelo Brozovic,3.4294678887547523
Ivan Rakitic,0.0
Marcelo Brozovic,0.0
Sime Vrsaljko,0.0
Dejan Lovren,0.0
Domagoj Vida,7.951729371652436
Ivan Rakitic,13.970146742250058
Domagoj Vida,6.844340727929901
Mario Mandzukic,16.692513291892244
Sime Vrsaljko,14.210955281049898
Mario Mandzukic,0.0
Dejan Lovren,15.23913547416651
Luka Modric,17.718493163923405
Marcelo Brozovic,11.891225756834325
Ivan Rakitic,0.0
Marcelo Brozovic,21.155643455116184
Sime Vrsaljko,0.0
Luka Modric,21.225721424724295
Ivan Strinic,0.0
Ivan Rakitic,0.0
Marcelo Brozovic,0.0
Luka Modric,17.92554043815695
Sime Vrsaljko,0.0
Dejan Lovren,0.0
Marcelo Brozovic,37.66430671073078
Ivan Perisic,0.0
Ivan Rakitic,16.60963575759564
Ivan Rakitic,28.467525357852928
Marcelo Brozovic,46.16416359038687
Dejan Lovren,13.963523910532045
Luka Modric,22.685788502937253
Ivan Strinic,13.788038294115667
Ivan Strinic,0.0
Sime Vrsaljko,13.613642054938861
Marcelo Brozovic,2.706473720544874
Ivan Rakitic,0.0
Domagoj Vida,0.0
Sime Vrsaljko,13.859292911256327
Marcelo Brozovic,15.569682077679046
Sime Vrsaljko,10.89311709291697
Ante Rebic,0.0
Marcelo Brozovic,0.0
Domagoj Vida,14.805784342614214
Ivan Rakitic,0.0
Dejan Lovren,18.70401026518109
Sime Vrsaljko,0.0
Marcelo Brozovic,0.0
Dejan Lovren,14.327072275939699
Luka Modric,103.17679002566422
Ivan Perisic,11.943617542436641
Mario Mandzukic,22.720035211240333
Ivan Rakitic,29.353194034039976
Ivan Strinic,0.0
Sime Vrsaljko,0.0
Luka Modric,6.440593916712969
Sime Vrsaljko,0.0
Luka Modric,32.78339900010369
Ivan Strinic,0.0
Dejan Lovren,8.022546353870444
Sime Vrsaljko,37.44010216332216
Dejan Lovren,10.258167477673581
Luka Modric,10.170791512955125
Sime Vrsaljko,0.0
Luka Modric,0.0
Domagoj Vida,14.618481453283719
Ivan Rakitic,49.47261868953371
Ivan Perisic,0.0
Mario Mandzukic,22.175887806354005
Dejan Lovren,14.496594427657827
Domagoj Vida,8.062955413494487
Marcelo Brozovic,6.977911578688857
Ivan Strinic,18.077195578960797
Mario Mandzukic,0.0
Sime Vrsaljko,3.758324094593227
Luka Modric,14.60136979875518
Marcelo Brozovic,16.563249983019634
Ivan Strinic,17.73358395812869
Dejan Lovren,23.400427346525102
Domagoj Vida,23.941204021519045
Luka Modric,0.0
Sime Vrsaljko,0.0
Dejan Lovren,23.36003531675413
Ivan Strinic,3.4743704465701417
Ivan Rakitic,0.0
Marcelo Brozovic,11.962075488810465
Luka Modric,0.0
Marcelo Brozovic,8.994442728707538
Ivan Rakitic,12.682320371288535
Dejan Lovren,10.561309104462378
Marcelo Brozovic,12.910654514779642
Sime Vrsaljko,4.287336002694449
Marcelo Brozovic,35.41216245868077
Ivan Strinic,4.1930001192463635
Ivan Perisic,0.0
Ivan Rakitic,28.348919732504797
Sime Vrsaljko,16.412495239907937
Luka Modric,0.0
Ivan Strinic,5.708765190476834
Marcelo Brozovic,14.516886718577094
Domagoj Vida,16.50670318385837
Ivan Rakitic,15.912927134879995
Luka Modric,0.0
Domagoj Vida,0.0
Sime Vrsaljko,0.0
Dejan Lovren,6.771632004177426
Ivan Perisic,0.0
Ivan Rakitic,13.476831971943565
Domagoj Vida,10.534229919647665
Ivan Strinic,18.015305992405455
Sime Vrsaljko,19.187105044795057
Sime Vrsaljko,8.715503427800371
Ante Rebic,0.0
Sime Vrsaljko,26.535659969181093
Sime Vrsaljko,0.0
Dejan Lovren,0.0
Domagoj Vida,13.468899361120789
Ivan Rakitic,13.194127481572998
Ivan Strinic,0.0
Domagoj Vida,0.0
Dejan Lovren,16.786639032278025
Sime Vrsaljko,0.0
Dejan Lovren,0.0
Domagoj Vida,10.380811625301755
Marcelo Brozovic,11.748244549718903
Ivan Strinic,3.864097566056014
Ivan Rakitic,0.0
Ivan Strinic,0.0
Domagoj Vida,14.714321255158191
Luka Modric,48.298473060750055
Dejan Lovren,0.0
Domagoj Vida,8.720736780800117
Marcelo Brozovic,23.19525813609325
Ivan Strinic,0.0
Ivan Rakitic,0.0
Domagoj Vida,20.11867913159311
Ivan Strinic,9.958162481100617
Ivan Rakitic,0.0
Dejan Lovren,0.0
Dejan Lovren,6.966706538960859
Sime Vrsaljko,0.0
Dejan Lovren,9.219815616377588
Marcelo Brozovic,0.0
Domagoj Vida,8.246893354469913
Ivan Strinic,0.0
Domagoj Vida,0.0
Marcelo Brozovic,23.776248652804757
Sime Vrsaljko,27.079166346104525
Ante Rebic,0.0
Luka Modric,19.231744590650113
Marcelo Brozovic,5.417679392507458
Ivan Strinic,0.0
Ivan Rakitic,6.228964600958973
Luka Modric,33.78535185550093
Ivan Rakitic,10.235782823018472
Ivan Perisic,0.0
Dejan Lovren,15.96386544668928
Sime Vrsaljko,0.0
Luka Modric,14.077819433420794
Ivan Perisic,96.07002654314196
Ivan Strinic,14.271650219929011
Ivan Rakitic,0.0
Ivan Strinic,0.0
Mario Mandzukic,0.0
Marcelo Brozovic,5.882176467941099
Luka Modric,6.082043242200769
Marcelo Brozovic,8.977819891265362
Sime Vrsaljko,0.0
Dejan Lovren,13.377780084901977
Marcelo Brozovic,20.600515770242254
Sime Vrsaljko,0.0
Luka Modric,11.628413477340752
Ivan Strinic,0.0
Ivan Rakitic,10.904127658827187
Ante Rebic,22.439474147136327
Ivan Strinic,18.34802441681394
Domagoj Vida,10.27131929208707
Marcelo Brozovic,20.82861613261909
Ivan Rakitic,10.275273718981898
Ivan Strinic,0.0
Ivan Rakitic,0.0
Marcelo Brozovic,0.0
Dejan Lovren,22.706414292001288
Dejan Lovren,9.287693470394037
Sime Vrsaljko,11.36705766678431
Luka Modric,0.0
Marcelo Brozovic,0.0
Ivan Rakitic,6.950179853787957
Ivan Rakitic,0.0
Marcelo Brozovic,25.26244742696162
Sime Vrsaljko,0.0
Dejan Lovren,0.0
Domagoj Vida,14.065605212716585
Marcelo Brozovic,25.657942240171952
Ivan Strinic,12.718539617424636
Ivan Rakitic,0.0
Ivan Strinic,4.123105625617661
Luka Modric,0.0
Ivan Strinic,0.0
Domagoj Vida,17.050806432541542
Dejan Lovren,21.921935361641772
Sime Vrsaljko,14.74601641122103
Ivan Perisic,0.0
Marcelo Brozovic,14.110324234403686
Luka Modric,21.213939992372946
Ivan Strinic,38.7960049489635
Ivan Strinic,15.894653189044398
Ivan Rakitic,0.0
Ivan Strinic,5.42425110038243
Sime Vrsaljko,29.50052965626211
Marcelo Brozovic,3.5418921496849682
Luka Modric,0.0
Ivan Rakitic,14.388233039536164
Ivan Strinic,18.486278695291784
Ivan Rakitic,0.0
Mario Mandzukic,11.706034768443155
Ante Rebic,20.786534102634803
Dejan Lovren,0.0
Sime Vrsaljko,0.0
Marcelo Brozovic,6.9477514348168805
Luka Modric,15.420765220960991
Ivan Strinic,22.371633825002604
Ante Rebic,39.0901522125458
Marcelo Brozovic,17.788198334851117
Marcelo Brozovic,17.98402068504148
Mario Mandzukic,0.0
Ivan Strinic,24.214252001662178
Ante Rebic,0.0
Ivan Strinic,0.0
Marcelo Brozovic,0.0
Ivan Rakitic,54.97635855529176
Luka Modric,21.602083232873635
Marcelo Brozovic,21.203773249117706
Ivan Rakitic,11.08563259358707
Luka Modric,14.202112518917739
Ivan Perisic,32.66496594212215
Sime Vrsaljko,0.0
Sime Vrsaljko,0.0
Marcelo Brozovic,19.378112653197164
Ivan Strinic,0.0
Ivan Rakitic,13.073637596323373
Luka Modric,36.358836615051366
Sime Vrsaljko,14.51654228802438
Marcelo Brozovic,14.04563989286355
Ante Rebic,0.0
Ivan Rakitic,0.0
Ivan Strinic,24.011481628587603
Luka Modric,16.285269417482784
Ivan Rakitic,11.908872742623458
Mario Mandzukic,3.3632201830983344
Ivan Strinic,0.0
Domagoj Vida,40.8313604965595
Sime Vrsaljko,0.0
Marcelo Brozovic,0.0
Luka Modric,25.415177552006206
Ivan Strinic,29.25307676125709
Ante Rebic,0.0
Ivan Strinic,0.0
Ivan Rakitic,0.0
Dejan Lovren,18.608902439423982
Domagoj Vida,0.0
Ivan Rakitic,14.650767897963572
Luka Modric,0.0
Marcelo Brozovic,18.040821766205664
Luka Modric,12.396773773849375
Sime Vrsaljko,58.83544849833304
Ivan Strinic,16.19166452221637
Sime Vrsaljko,12.586699329053664
Sime Vrsaljko,0.0
Luka Modric,0.0
Dejan Lovren,0.0
Domagoj Vida,17.884944786048404
Ivan Rakitic,12.491246935354377
Ivan Strinic,0.0
Ivan Rakitic,27.27196362567243
Sime Vrsaljko,60.7375501646222
Marcelo Brozovic,6.615228643062913
Dejan Lovren,6.878226515607057
Marcelo Brozovic,26.237568484903477
Dejan Lovren,30.68232390155609
Sime Vrsaljko,21.8961183774659
Luka Modric,45.28500027602959
Ivan Rakitic,14.56021977856103
Luka Modric,16.402743672934733
Mario Mandzukic,0.0
Ivan Rakitic,37.903594816323135
Luka Modric,0.0
Sime Vrsaljko,0.0
Mario Mandzukic,14.344336861632886
Luka Modric,6.25459830844477
Luka Modric,0.0
Ivan Strinic,10.99556728868504
Ivan Rakitic,0.0
Ivan Strinic,0.0
Ivan Rakitic,0.0
Dejan Lovren,21.453787544394114
Sime Vrsaljko,15.882380174268587
Luka Modric,78.37863229222621
Sime Vrsaljko,24.439312592624205
Ivan Strinic,0.0
Marcelo Brozovic,27.10166046573531
Marcelo Brozovic,0.0
Domagoj Vida,6.123724356957945
Marcelo Brozovic,17.30028901492689
Sime Vrsaljko,0.0
Marcelo Brozovic,0.0
Domagoj Vida,12.324163257600892
Ivan Rakitic,24.400230531697858
Ivan Perisic,0.0
Sime Vrsaljko,21.74155008273329
Mario Mandzukic,11.598491281196871
Dejan Lovren,6.874681810818594
Luka Modric,6.207354508967568
Sime Vrsaljko,0.0
Dejan Lovren,8.501249908101748
Luka Modric,0.0
Dejan Lovren,9.17196816392207
Sime Vrsaljko,0.0
Marcelo Brozovic,7.317871958431623
Sime Vrsaljko,10.522416547542681
Luka Modric,0.0
Luka Modric,9.021086409075131
Mario Mandzukic,15.164473284621536
Ivan Rakitic,44.73209138862168
Dejan Lovren,28.02019361103702
Luka Modric,0.0
Marcelo Brozovic,84.86795626147713
Ivan Strinic,2.769702150051525
Ivan Perisic,0.0
Ivan Rakitic,24.397233449717206
Sime Vrsaljko,0.0
Ivan Rakitic,48.493401613003
Ante Rebic,81.22659662942922
Domagoj Vida,0.0
Marcelo Brozovic,8.304291059446314
Luka Modric,17.39486274737458
Sime Vrsaljko,5.199158585771356
Luka Modric,0.0
Dejan Lovren,6.874681810818594
Luka Modric,4.559056920021945
Luka Modric,0.0
Dejan Lovren,5.138579570270368
Domagoj Vida,21.422184762530645
Dejan Lovren,7.300000000000004
Ivan Perisic,0.0
Luka Modric,0.0
Sime Vrsaljko,0.0
Dejan Lovren,10.501011856007018
Domagoj Vida,9.50480141823068
Ivan Rakitic,20.183656754909407
Dejan Lovren,10.616555467758834
Marcelo Brozovic,0.0
Domagoj Vida,12.301829132287608
Marcelo Brozovic,21.98567715582124
Sime Vrsaljko,0.0
Dejan Lovren,22.19304508173676
Ivan Rakitic,7.646649593122476
Ivan Strinic,31.679370258892465
Mario Mandzukic,39.619313472093395
Dejan Lovren,4.923921201644079
Marcelo Brozovic,0.0
Dejan Lovren,0.0
Domagoj Vida,10.29878633626312
Ivan Strinic,0.0
Domagoj Vida,27.898767893941127
Sime Vrsaljko,9.575032637020099
Ivan Perisic,8.671865427922636
Sime Vrsaljko,4.237924020083419
Luka Modric,0.0
Sime Vrsaljko,0.0
Marcelo Brozovic,13.833654614742974
Sime Vrsaljko,10.468166028488474
Luka Modric,0.0
Marcelo Brozovic,0.0
Luka Modric,0.0
Domagoj Vida,44.944410108488455
Ivan Rakitic,56.02365571791975
Ivan Strinic,0.0
Ante Rebic,47.592541432455555
Marcelo Brozovic,19.189841062395487
Ivan Strinic,0.0
Marcelo Brozovic,7.135825109964503
Ante Rebic,0.0
Marcelo Brozovic,49.56167874477215
Domagoj Vida,8.988395296158263
Ivan Strinic,0.0
Marcelo Brozovic,23.807561823924768
Ivan Rakitic,8.736704184073085
Luka Modric,38.96665240946418
Ivan Strinic,44.29548509724212
Dejan Lovren,0.0
Ivan Strinic,0.0
Mario Mandzukic,0.0
Ivan Rakitic,0.0
Ivan Perisic,35.5093121589253
Josip Pivaric,13.372406290567163
Ivan Perisic,9.501578816175765
Dejan Lovren,18.720343212665735
Sime Vrsaljko,36.86368470459782
Marcelo Brozovic,0.0
Domagoj Vida,11.683802891182305
Ivan Rakitic,15.831613941730643
Ivan Perisic,0.0
Luka Modric,23.08679276123039
Ivan Rakitic,22.92444110551007
Marcelo Brozovic,60.944893141263286
Marcelo Brozovic,20.55723716845238
Andrej Kramaric,0.0
Luka Modric,7.200781207619074
Marcelo Brozovic,0.0
Domagoj Vida,4.92354039284741
Marcelo Brozovic,10.089660549295001
Josip Pivaric,0.0
Marcelo Brozovic,0.0
Ivan Rakitic,25.04398630410103
Sime Vrsaljko,4.804164859785718
Andrej Kramaric,0.0
Sime Vrsaljko,0.0
Andrej Kramaric,5.396526660732803
Dejan Lovren,4.91273854382665
Marcelo Brozovic,26.60397056831931
Josip Pivaric,4.2473521163190595
Ivan Rakitic,22.633630950424198
Luka Modric,6.826419266350405
Dejan Lovren,5.976725692216435
Luka Modric,36.098078203693895
Ivan Perisic,37.176874532429466
Marcelo Brozovic,0.0
Domagoj Vida,7.37707597900415
Ivan Rakitic,13.992319321685017
Andrej Kramaric,22.425209029126105
Ivan Perisic,50.629240563137046
Marcelo Brozovic,0.0
Domagoj Vida,16.327009830339414
Ivan Rakitic,28.588306175777532
Ivan Perisic,64.24204230875603
Luka Modric,0.0
Andrej Kramaric,0.0
Luka Modric,0.0
Andrej Kramaric,0.0
Marcelo Brozovic,6.188800368407435
Luka Modric,14.027517599347366
Dejan Lovren,0.0
Josip Pivaric,8.071632424732929
Ivan Rakitic,19.702030352225137
Mario Mandzukic,37.12064789305271
Josip Pivaric,5.901059226952395
Andrej Kramaric,0.0
Josip Pivaric,0.0
Andrej Kramaric,7.942291860665898
Josip Pivaric,0.0
Marcelo Brozovic,14.008925726121907
Luka Modric,40.0
Dejan Lovren,0.0
Marcelo Brozovic,14.699659860010366
Josip Pivaric,7.2844011421667325
Ivan Rakitic,47.87661224439338
Domagoj Vida,33.61519373735632
Andrej Kramaric,7.6501633969478045
Josip Pivaric,0.0
Marcelo Brozovic,0.0
Dejan Lovren,0.0
Marcelo Brozovic,23.191916695262602
Ivan Rakitic,11.65638237190254
Ivan Perisic,48.26437609666163
Ivan Perisic,0.0
Josip Pivaric,0.0
Luka Modric,14.66100269422252
Andrej Kramaric,0.0
Luka Modric,15.379572490807409
Ivan Rakitic,0.0
Domagoj Vida,11.63577457670954
Ivan Rakitic,0.0
Domagoj Vida,11.47480936660823
Ivan Rakitic,15.09672977833279
Andrej Kramaric,53.02687997610264
Josip Pivaric,22.188285197373837
Ivan Rakitic,0.0
Andrej Kramaric,91.68560410446125
Andrej Kramaric,10.584953944160553
Vedran Corluka,25.42174266253202
Marcelo Brozovic,59.418599781549865
Josip Pivaric,6.906518659932809
Marcelo Brozovic,5.972541335143693
Ivan Rakitic,19.388946593355705
Ivan Perisic,0.0
Ivan Perisic,14.192955999368138
Mario Mandzukic,0.0
Ivan Rakitic,0.0
Luka Modric,4.32377150182569
Ivan Rakitic,0.0
Domagoj Vida,18.24582143944197
Ivan Strinic,0.0
Domagoj Vida,0.0
Domagoj Vida,27.916146761327933
Dejan Lovren,10.225030562301516
Sime Vrsaljko,0.0
Dejan Lovren,0.0
Ivan Rakitic,11.706622057621914
Ivan Strinic,0.0
Ivan Rakitic,0.0
Dejan Lovren,0.0
Dejan Lovren,0.0
Ivan Strinic,18.931752428129837
Ivan Rakitic,6.258693953214199
Sime Vrsaljko,0.0
Dejan Lovren,0.0
Domagoj Vida,9.558242516278815
Ivan Strinic,0.0
Domagoj Vida,7.033491309442275
Mario Mandzukic,7.4773825634375575
Andrej Kramaric,14.070003553659822
Ivan Perisic,6.958807369082735
Ante Rebic,0.0
Ivan Perisic,27.090980971533686
Sime Vrsaljko,81.9258811365493
Luka Modric,79.08678777140973
Dejan Lovren,0.0
Domagoj Vida,0.0
Dejan Lovren,0.0
Luka Modric,13.316343341923869
Sime Vrsaljko,0.0
Luka Modric,0.0
Domagoj Vida,12.78534317099076
Ivan Strinic,0.0
Luka Modric,25.3998277553215
Sime Vrsaljko,0.0
Dejan Lovren,0.0
Luka Modric,13.105151658794341
Ante Rebic,0.0
Dejan Lovren,0.0
Luka Modric,0.0
Domagoj Vida,11.472575996697516
Domagoj Vida,1.9039432764659834
Ivan Rakitic,51.21768493401475
Domagoj Vida,12.921348613825097
Ivan Rakitic,0.0
Luka Modric,10.196138975121901
Ivan Rakitic,0.0
Luka Modric,12.284339624090501
Ivan Strinic,7.6501633969478045
Ivan Perisic,0.0
Domagoj Vida,16.66433316997713
Dejan Lovren,24.12892455125176
Sime Vrsaljko,0.0
Luka Modric,16.07000311138738
Ivan Strinic,22.49824993193914
Ivan Strinic,0.0
Ivan Rakitic,19.099247367370268
Dejan Lovren,14.2732266849511
Sime Vrsaljko,4.688549882426338
Ante Rebic,63.78087487640792
Sime Vrsaljko,28.417600180170037
Ivan Rakitic,0.0
Luka Modric,14.501206846328337
Andrej Kramaric,5.646348377491419
Ante Rebic,9.577055915050304
Sime Vrsaljko,15.378881623837282
Ivan Rakitic,0.0
Domagoj Vida,22.543541203635243
Ivan Strinic,5.105022037170848
Luka Modric,10.252804494381039
Andrej Kramaric,0.0
Ivan Strinic,0.0
Domagoj Vida,0.0
Ivan Rakitic,12.922122503675629
Dejan Lovren,45.95401233842372
Ivan Perisic,1.8764994004795246
Luka Modric,15.168882621999552
Andrej Kramaric,0.0
Ivan Perisic,9.490587442303031
Luka Modric,20.422567174574304
Sime Vrsaljko,11.420650156624182
Ante Rebic,90.02449666618529
Sime Vrsaljko,45.1220566907139
Ivan Strinic,9.012491331479882
Ivan Rakitic,7.213269023126756
Ivan Rakitic,0.0
Ivan Strinic,0.0
Ivan Rakitic,8.440379138403678
Luka Modric,16.02595550973482
Sime Vrsaljko,0.0
Dejan Lovren,0.0
Domagoj Vida,17.18676816623765
Ivan Strinic,0.0
Domagoj Vida,0.0
Ivan Rakitic,7.599013093816854
Dejan Lovren,21.76192201989521
Luka Modric,0.0
Sime Vrsaljko,0.0
Dejan Lovren,14.721922428813436
Ivan Rakitic,13.037685760900972
Ivan Strinic,0.0
Andrej Kramaric,4.3709266752028695
Ivan Strinic,9.064491160567158
Ivan Perisic,0.0
Ivan Strinic,0.0
Ivan Rakitic,22.686119103980744
Dejan Lovren,26.062281174141315
Sime Vrsaljko,4.952272205765752
Mario Mandzukic,0.0
Sime Vrsaljko,0.0
Ivan Rakitic,11.739303642039426
Luka Modric,8.198780397107855
Ivan Strinic,0.0
Luka Modric,44.10725563895355
Ivan Rakitic,0.0
Domagoj Vida,11.14652412189558
Dejan Lovren,6.591756215152379
Sime Vrsaljko,0.0
Dejan Lovren,0.0
Sime Vrsaljko,37.382950659358066
Ivan Rakitic,0.0
Luka Modric,19.413912537147166
Andrej Kramaric,0.0
Mario Mandzukic,0.0
Ivan Rakitic,9.222323459953028
Luka Modric,10.345590848279281
Ivan Strinic,0.0
Mario Mandzukic,0.0
Ivan Rakitic,11.258108189211898
Dejan Lovren,0.0
Mario Mandzukic,0.0
Sime Vrsaljko,11.98879685372974
Domagoj Vida,5.303300858899107
Ivan Rakitic,9.698517928013537
Ivan Strinic,20.18167485616593
Ivan Perisic,0.0
Ivan Strinic,0.0
Sime Vrsaljko,0.0
Dejan Lovren,14.449913494550756
Domagoj Vida,17.058135888777535
Ivan Strinic,0.0
Domagoj Vida,11.578212297241745
Dejan Lovren,0.0
Domagoj Vida,0.0
Domagoj Vida,9.652978814852958
Ivan Rakitic,8.4883007722394
Luka Modric,9.947926919715488
Ivan Strinic,1.9849433241279233
Ivan Perisic,0.0
Luka Modric,0.0
Domagoj Vida,0.0
Ivan Strinic,9.696971176609736
Ivan Strinic,0.0
Andrej Kramaric,0.0
Sime Vrsaljko,0.0
Dejan Lovren,27.259700108401784
Ivan Perisic,7.923698631321107
Andrej Kramaric,15.70509471477328
Luka Modric,14.850294609872227
Sime Vrsaljko,57.27128425310539
Luka Modric,64.34034504103936
Sime Vrsaljko,8.271109357274876
Ivan Strinic,0.0
Domagoj Vida,0.0
Mario Mandzukic,0.0
Ivan Rakitic,0.0
Domagoj Vida,11.478294733975074
Luka Modric,52.40772843770278
Luka Modric,0.0
Sime Vrsaljko,4.445362752352163
Ivan Perisic,5.790617410950236
Luka Modric,0.0
Ivan Perisic,0.0
Domagoj Vida,9.85621631256133
Ivan Strinic,0.0
Domagoj Vida,0.0
Dejan Lovren,11.059159100040109
Sime Vrsaljko,0.0
Dejan Lovren,16.265915283192644
Domagoj Vida,22.288141465810916
Ivan Strinic,7.836533034448333
Ivan Rakitic,2.303258561256205
Ivan Strinic,0.0
Domagoj Vida,0.0
Luka Modric,16.77948896718849
Luka Modric,61.613716005448005
Ivan Rakitic,56.09848482802364
Ivan Rakitic,32.75255715207593
Luka Modric,0.0
Ivan Rakitic,5.244282601080911
Ivan Strinic,26.93287953413077
Ivan Perisic,15.492740235348936
Mario Mandzukic,19.89798984822337
Ivan Strinic,0.0
Ivan Rakitic,0.0
Dejan Lovren,8.4338603260903
Sime Vrsaljko,0.0
Dejan Lovren,0.0
Domagoj Vida,9.537819457297358
Ivan Strinic,0.0
Domagoj Vida,13.34770579537922
Dejan Lovren,13.265038635450711
Domagoj Vida,10.873132023478792
Ivan Strinic,0.0
Domagoj Vida,0.0
Dejan Lovren,0.0
Domagoj Vida,0.0
Dejan Lovren,8.400074404432377
Ivan Rakitic,55.63595959449248
Dejan Lovren,0.0
Domagoj Vida,17.864804784827626
Mario Mandzukic,0.0
Sime Vrsaljko,0.0
Luka Modric,0.0
Domagoj Vida,29.48866307583306
Ivan Rakitic,0.0
Dejan Lovren,0.0
Andrej Kramaric,0.0
Luka Modric,24.481829996958965
Ivan Perisic,8.160882305241264
Luka Modric,25.52821967940577
Ivan Strinic,0.0
Domagoj Vida,0.0
Dejan Lovren,0.0
Domagoj Vida,11.150560524027485
Ivan Strinic,16.83047830574046
Ante Rebic,0.0
Ivan Rakitic,11.222299229658779
Luka Modric,22.910368831601122
Sime Vrsaljko,0.0
Dejan Lovren,0.0
Domagoj Vida,0.0
Dejan Lovren,15.797824217277519
Ivan Rakitic,18.4084559374218
Sime Vrsaljko,0.0
Dejan Lovren,32.880408300384595
Ivan Rakitic,0.0
Domagoj Vida,9.360021367496977
Dejan Lovren,8.035623809014458
Sime Vrsaljko,0.0
Dejan Lovren,0.0
Ivan Rakitic,8.75906673110783
Domagoj Vida,14.294448222999032
Luka Modric,18.48580536519846
Ivan Strinic,0.0
Luka Modric,0.0
Andrej Kramaric,8.718443094956806
Dejan Lovren,23.29122688910998
Sime Vrsaljko,0.0
Dejan Lovren,14.831217077502448
Ivan Rakitic,13.304322605830032
Andrej Kramaric,0.0
Domagoj Vida,0.0
Ivan Rakitic,47.89117872844644
Luka Modric,11.383430941504404
Sime Vrsaljko,60.78453750749445
Domagoj Vida,11.569410097321287
Domagoj Vida,7.800721120511874
Ivan Strinic,0.0
Luka Modric,31.068070426082148
Domagoj Vida,10.059386164175224
Luka Modric,77.39202155261226
Sime Vrsaljko,42.01440229254725
Mario Mandzukic,29.02430016382824
Ivan Perisic,8.653323061113568
Dejan Lovren,23.200242455629635
Andrej Kramaric,0.0
Luka Modric,30.76997318815861
Ivan Strinic,0.0
Ivan Rakitic,30.18644149282919
Sime Vrsaljko,13.724430771438199
Andrej Kramaric,7.436565067287454
Sime Vrsaljko,0.0
Luka Modric,0.0
Domagoj Vida,11.582961624731388
Ivan Strinic,0.0
Domagoj Vida,0.0
Dejan Lovren,21.693316943243143
Ivan Rakitic,14.425021663761896
Sime Vrsaljko,4.0496913462633195
Luka Modric,0.0
Dejan Lovren,0.0
Domagoj Vida,5.010114769144516
Ivan Rakitic,13.213298225651304
Domagoj Vida,0.0
Ivan Rakitic,10.990962196277447
Andrej Kramaric,0.0
Domagoj Vida,0.0
Ivan Rakitic,0.0
Luka Modric,24.994849469440684
Ivan Strinic,16.011402187191475
Luka Modric,28.555910071296974
Ivan Perisic,17.961069010501575
Luka Modric,26.743971283263075
Andrej Kramaric,0.0
Sime Vrsaljko,0.0
Domagoj Vida,12.050933573794184
Ivan Rakitic,26.56313234541437
Ante Rebic,22.360679774997898
Ivan Rakitic,10.512373661547615
Ivan Perisic,0.0
Luka Modric,10.065286881157435
Sime Vrsaljko,0.0
Ivan Rakitic,28.87213189218976
Ivan Strinic,0.0
Ivan Strinic,5.931378423267226
Luka Modric,0.0
Sime Vrsaljko,21.5379896926338
Ivan Perisic,0.0
Luka Modric,19.301942907386298
Ivan Strinic,96.06747628620208
Ivan Rakitic,26.395643579954626
Dejan Lovren,7.383173436944302
Sime Vrsaljko,0.0
Ivan Strinic,27.984683310696937
Ante Rebic,28.111385593741193
Luka Modric,38.113645850272555
Marcelo Brozovic,31.39681512510465
Luka Modric,53.179789394092175
Sime Vrsaljko,0.0
Luka Modric,0.0
Marcelo Brozovic,0.0
Domagoj Vida,10.359777989899198
Ivan Rakitic,0.0
Marcelo Brozovic,0.0
Domagoj Vida,0.0
Dejan Lovren,12.752450744856857
Luka Modric,17.176873988010744
Ivan Rakitic,0.0
Luka Modric,32.08693269853009
Dejan Lovren,7.532015002640392
Sime Vrsaljko,0.0
Dejan Lovren,0.0
Domagoj Vida,12.819565125229479
Ivan Rakitic,11.44137229531493
Dejan Lovren,11.787758480729064
Sime Vrsaljko,0.0
Dejan Lovren,0.0
Domagoj Vida,11.700427342623007
Ivan Rakitic,43.830711265047945
Sime Vrsaljko,11.707369473968095
Andrej Kramaric,0.0
Sime Vrsaljko,33.09395715232617
Marcelo Brozovic,0.0
Dejan Lovren,13.859292911256338
Luka Modric,0.0
Domagoj Vida,25.03160502245111
Ivan Rakitic,7.651470446914107
Marcelo Brozovic,0.0
Domagoj Vida,20.195327429878425
Luka Modric,10.910602641467614
Ivan Rakitic,0.0
Domagoj Vida,7.24784450716211
Marcelo Brozovic,18.319934497699492
Ivan Strinic,0.0
Domagoj Vida,12.44588285337766
Luka Modric,19.84568592918875
Sime Vrsaljko,0.0
Mario Mandzukic,40.42091043012271
Luka Modric,32.856201849879106
Domagoj Vida,6.9411814556313125
Marcelo Brozovic,0.0
Domagoj Vida,22.025922228138374
Mario Mandzukic,0.0
Dejan Lovren,9.964499485674134
Luka Modric,0.0
Ivan Rakitic,15.25073768707599
Mario Mandzukic,0.0
Andrej Kramaric,0.0
Luka Modric,4.595786113386915
Andrej Kramaric,0.0
Dejan Lovren,12.506448336758123
Marcelo Brozovic,17.150072886142496
Ivan Strinic,0.0
Marcelo Brozovic,12.747548783981962
Luka Modric,4.210106887004176
Marcelo Brozovic,0.0
Luka Modric,28.621167865759787
Marcelo Brozovic,9.861604838970177
Luka Modric,12.006664815842912
Andrej Kramaric,7.440430095095312
Ivan Strinic,13.226157794310488
Domagoj Vida,16.263801831060288
Marcelo Brozovic,0.0
Dejan Lovren,17.355834753765087
Luka Modric,11.10045044131093
Marcelo Brozovic,56.32051136131492
Ivan Strinic,2.80735640772596
Marcelo Brozovic,18.04885730454979
Marcelo Brozovic,0.0
Josip Pivaric,20.094308895804303
Luka Modric,0.0
Sime Vrsaljko,13.56558144717726
Andrej Kramaric,0.0
Sime Vrsaljko,0.0
Dejan Lovren,17.314192155569952
Luka Modric,0.0
Marcelo Brozovic,18.852055590836777
Sime Vrsaljko,0.0
Josip Pivaric,0.0
Luka Modric,5.4940877313708745
Marcelo Brozovic,0.0
Josip Pivaric,5.568774551012099
Ivan Rakitic,4.01637274166629
Marcelo Brozovic,12.631112381734237
Luka Modric,49.59445533524894
Andrej Kramaric,37.02593685512901
Mario Mandzukic,22.68126980572296
Luka Modric,61.20008169929188
Marcelo Brozovic,14.79091782142001
Luka Modric,3.0888913868894803
Marcelo Brozovic,18.18986668450321
Ivan Rakitic,15.473848907107783
Josip Pivaric,0.0
Ivan Rakitic,17.05348204913003
Luka Modric,18.057962232765956
Andrej Kramaric,11.62110149684615
Luka Modric,66.92951516334179
Josip Pivaric,21.26240814207082
Ivan Rakitic,0.0
Josip Pivaric,0.0
Domagoj Vida,11.777149485338121
Dejan Lovren,18.72057691418723
Sime Vrsaljko,22.7935297836908
Sime Vrsaljko,0.0
Luka Modric,0.0
Sime Vrsaljko,0.0
Andrej Kramaric,20.1147334061379
Sime Vrsaljko,0.0
Andrej Kramaric,0.0
Sime Vrsaljko,30.43566986284349
Marcelo Brozovic,0.0
Josip Pivaric,18.834542734029952
Marcelo Brozovic,11.393199726152439
Sime Vrsaljko,13.332338504553508
Luka Modric,107.17387741422814
Luka Modric,36.031097679643345
Marcelo Brozovic,40.54639318114498
Josip Pivaric,65.97241847924025
Ivan Rakitic,0.0
Marcelo Brozovic,13.84647969702046
Luka Modric,12.62240072252502
Josip Pivaric,0.0
Ivan Rakitic,62.01935181860577
Sime Vrsaljko,0.0
Marcelo Brozovic,0.0
Dejan Lovren,0.0
Domagoj Vida,23.544877362177964
Josip Pivaric,0.0
Marcelo Brozovic,0.0
Marcelo Brozovic,27.960530216717988
Josip Pivaric,0.0
Marcelo Brozovic,0.0
Dejan Lovren,11.26149412822295
Sime Vrsaljko,0.0
Dejan Lovren,23.13060742825402
Ivan Rakitic,37.90098943299502
Ivan Rakitic,31.709304628137158
Josip Pivaric,0.0
Ante Rebic,3.7107950630558992
Josip Pivaric,0.0
Ivan Rakitic,17.704519197086377
Luka Modric,34.645778963677536
Marcelo Brozovic,43.62662604419463
Marcelo Brozovic,7.2389571072081935
Ivan Rakitic,27.354158733179847
Dejan Lovren,23.888281646028876
Sime Vrsaljko,31.964394253606613
Mateo Kovacic,0.0
Dejan Lovren,0.0
Domagoj Vida,13.077652694577873
Josip Pivaric,21.871928355771477
Luka Modric,6.82806707641335
Sime Vrsaljko,15.558920271021378
Luka Modric,16.48317323818445
Josip Pivaric,0.0
Ivan Rakitic,7.788533238036542
Luka Modric,10.292715870944843
Luka Modric,10.778682665335314
Marcelo Brozovic,14.243595051811878
Mateo Kovacic,55.449526598520194
Dejan Lovren,0.0
Josip Pivaric,4.216781948358252
Ivan Rakitic,12.50539883410361
Luka Modric,14.61099757032353
Josip Pivaric,0.0
Luka Modric,0.0
Marcelo Brozovic,0.0
Ivan Rakitic,4.144876355212541
Josip Pivaric,0.0
Ivan Rakitic,3.6292216796442736
Domagoj Vida,5.444722215136415
Josip Pivaric,8.100308636095292
Mario Mandzukic,0.0
Luka Modric,0.0
Marcelo Brozovic,7.5792479838041995
Mateo Kovacic,12.239485283295204
Sime Vrsaljko,0.0
Marcelo Brozovic,0.0
Josip Pivaric,16.271178506795383
Mario Mandzukic,0.0
Luka Modric,2.6636441203734407
Mario Mandzukic,0.0
Ivan Rakitic,23.900732206357198
Marcelo Brozovic,0.0
Dejan Lovren,40.87335623606165
Mario Mandzukic,0.0
Dejan Lovren,10.748546413352832
Marcelo Brozovic,0.0
Josip Pivaric,8.824964589164084
Mario Mandzukic,7.281569199011982
Vedran Corluka,5.139552509703544
Marcelo Brozovic,8.0156097709407
Josip Pivaric,4.755128810032383
Ivan Rakitic,0.0
Marcelo Brozovic,15.617658275170447
Dejan Lovren,13.038404810405291
Dejan Lovren,9.616717215349524
Mateo Kovacic,37.66497046328325
Vedran Corluka,0.0
Josip Pivaric,3.87620948866286
Ivan Rakitic,14.9906637611548
Ivan Rakitic,0.0
Vedran Corluka,10.287917670743678
Dejan Lovren,12.915930086524936
Marcelo Brozovic,0.0
Dejan Lovren,6.1140207719634
Marcelo Brozovic,19.23359690749497
Mateo Kovacic,0.0
Marcelo Brozovic,25.27924049491993
Marcelo Brozovic,0.0
Josip Pivaric,0.0
Vedran Corluka,14.914590172042942
Dejan Lovren,4.501110973970757
Luka Modric,0.0
Marcelo Brozovic,14.561636240477918
Ivan Rakitic,20.102860492974624
Josip Pivaric,0.0
Ivan Rakitic,0.0
Marcelo Brozovic,16.1282748612491
Domagoj Vida,0.0
Luka Modric,29.64122973157492
Luka Modric,68.20153957206534
Ivan Rakitic,0.0
Vedran Corluka,0.0
Dejan Lovren,56.72261453776615
Marcelo Brozovic,0.0
Dejan Lovren,24.130167840278283
Marcelo Brozovic,0.0
Mario Mandzukic,0.0
Dejan Lovren,10.162738312088921
Luka Modric,7.6479572436043295
Dejan Lovren,6.513447627792825
Ante Rebic,0.0
Marcelo Brozovic,11.733712115098104
Mario Mandzukic,0.0
Vedran Corluka,7.069653456853453
Josip Pivaric,12.600049603076968
Josip Pivaric,30.30552754861726
Marcelo Brozovic,15.380222690195353
Josip Pivaric,0.0
Marcelo Brozovic,0.0
Vedran Corluka,8.833176099229538
Luka Modric,11.353413583587978
Marcelo Brozovic,16.82917853016005
Josip Pivaric,0.0
Ivan Rakitic,37.871493236998184
Marcelo Brozovic,4.929629803545091
Josip Pivaric,7.451342160980129
Mateo Kovacic,0.0
Josip Pivaric,36.77077643999375
Mario Mandzukic,0.0
Ivan Rakitic,12.249132622353303
Vedran Corluka,0.0
Dejan Lovren,63.254574933359564
Ivan Rakitic,50.519006324352794
Vedran Corluka,11.183078735303619
Josip Pivaric,34.30116616093393
Mario Mandzukic,0.0
Josip Pivaric,7.314540313649231
Dejan Lovren,24.328172968803067
Ante Rebic,0.0
Luka Modric,19.695684806576285
Mario Mandzukic,0.0
Marcelo Brozovic,0.0
Dejan Lovren,0.0
Marcelo Brozovic,0.0
Vedran Corluka,0.0
Josip Pivaric,11.222354922207723
Luka Modric,19.005821476589745
Ivan Rakitic,17.48946111233848
Josip Pivaric,5.8514955353311136
Luka Modric,19.52696853072695
Dejan Lovren,6.830172032972521
Vedran Corluka,0.0
Luka Modric,80.66647382897062
Josip Pivaric,3.165833223655341
Mateo Kovacic,0.0
Ivan Rakitic,28.89429009337312
Mario Mandzukic,23.801496801671952
Marcelo Brozovic,19.71623696347759
Mario Mandzukic,0.0
Dejan Lovren,32.460745524402235
Ivan Strinic,16.79315336677418
Ivan Rakitic,8.319254774317237
Ivan Perisic,17.159254063041303
Sime Vrsaljko,0.0
Sime Vrsaljko,0.0
Dejan Lovren,0.0
Domagoj Vida,12.86667206390215
Ivan Strinic,0.0
Domagoj Vida,8.12742271571991
Ivan Rakitic,31.169877285610223
Ante Rebic,20.23561217260303
Dejan Lovren,10.995055706998487
Dejan Lovren,2.522895162308575
Marcelo Brozovic,7.366817494685206
Luka Modric,0.0
Dejan Lovren,8.773254812211942
Domagoj Vida,14.309131699722382
Ivan Strinic,0.0
Domagoj Vida,8.424072649259385
Ivan Rakitic,0.0
Domagoj Vida,3.0991934434623474
Ivan Rakitic,15.04975082850211
Luka Modric,31.899706111498897
Ivan Strinic,0.0
Sime Vrsaljko,0.0
Dejan Lovren,10.155848068969918
Domagoj Vida,7.392648375244152
Ivan Rakitic,0.0
Marcelo Brozovic,14.972683460221813
Luka Modric,9.377632963600144
Sime Vrsaljko,0.0
Dejan Lovren,11.92984702332767
Domagoj Vida,4.549175749517709
Marcelo Brozovic,8.234986338786484
Ivan Rakitic,15.164473284621527
Marcelo Brozovic,3.2544200712262126
Ivan Rakitic,0.0
Marcelo Brozovic,8.363088544311847
Luka Modric,0.0
Marcelo Brozovic,0.0
Dejan Lovren,11.226085693597739
Sime Vrsaljko,16.502424064360962
Mario Mandzukic,0.0
Luka Modric,11.833110326537136
Mario Mandzukic,0.0
Luka Modric,0.0
Dejan Lovren,13.159027319676785
Domagoj Vida,18.625922795931487
Ivan Strinic,0.0
Domagoj Vida,8.41731845661075
Marcelo Brozovic,12.146655918399926
Luka Modric,24.74550464225775
Sime Vrsaljko,20.808652046684802
Ivan Strinic,0.0
Ivan Rakitic,10.893117092916981
Marcelo Brozovic,0.0
Ivan Rakitic,48.39607422095308
Sime Vrsaljko,0.0
Luka Modric,74.9154857155715
Dejan Lovren,0.0
Dejan Lovren,0.0
Domagoj Vida,12.100826418059224
Ivan Rakitic,12.231312276285
Marcelo Brozovic,0.0
Ivan Rakitic,14.576736603231874
Luka Modric,16.77200047698545
Luka Modric,11.619918244118589
Sime Vrsaljko,33.421288125983445
Sime Vrsaljko,10.127314550264547
Ante Rebic,0.0
Sime Vrsaljko,0.0
Ivan Strinic,12.524426134558025
Ivan Perisic,29.16886182215552
Marcelo Brozovic,0.0
Dejan Lovren,6.06341487942232
Sime Vrsaljko,0.0
Marcelo Brozovic,0.0
Ivan Rakitic,0.0
Ivan Strinic,5.1692601017940625
Ivan Rakitic,10.752267202781008
Mario Mandzukic,0.0
Marcelo Brozovic,6.854286979693803
Luka Modric,0.0
Dejan Lovren,3.5784074670165813
Luka Modric,13.04918579835539
Sime Vrsaljko,0.0
Luka Modric,39.793859450925346
Luka Modric,0.0
Dejan Lovren,0.0
Luka Modric,11.65337933820057
Ivan Rakitic,0.0
Luka Modric,0.0
Marcelo Brozovic,25.259874306892343
Ivan Strinic,0.0
Marcelo Brozovic,0.0
Ivan Rakitic,0.0
Marcelo Brozovic,17.99777764058663
Dejan Lovren,14.72315353448438
Ante Rebic,0.0
Sime Vrsaljko,7.198003195331331
Domagoj Vida,9.000624978300118
Marcelo Brozovic,19.125408492369516
Ivan Rakitic,0.0
Domagoj Vida,12.968808734806757
Marcelo Brozovic,6.942621983083914
Ivan Rakitic,0.0
Marcelo Brozovic,10.128733879414547
Ivan Strinic,0.0
Ivan Rakitic,0.0
Luka Modric,3.802630668366309
Marcelo Brozovic,0.0
Sime Vrsaljko,17.636078078756626
Luka Modric,28.001986536672714
Ivan Perisic,0.0
Ivan Strinic,12.75617497528158
Ivan Perisic,19.17107195750932
Ivan Strinic,24.33813879490377
Dejan Lovren,0.0
Dejan Lovren,7.595393340703298
Marcelo Brozovic,11.277023100091622
Ivan Rakitic,0.0
Domagoj Vida,5.0000000000000036
Ivan Rakitic,15.647523765759232
Dejan Lovren,0.0
Domagoj Vida,9.945916247385151
Ivan Rakitic,0.0
Domagoj Vida,4.603395485942957
Ivan Rakitic,15.831140198987566
Luka Modric,10.265537004950113
Ivan Perisic,0.0
Marcelo Brozovic,0.0
Domagoj Vida,0.0
Dejan Lovren,5.670207227253691
Dejan Lovren,0.0
Marcelo Brozovic,0.0
Ivan Rakitic,0.0
Marcelo Brozovic,0.0
Domagoj Vida,0.0
Ivan Strinic,7.099647878592293
Luka Modric,40.40198014949265
Ivan Rakitic,30.88575723533423
Ante Rebic,41.61730409336965
Ante Rebic,0.0
Luka Modric,6.560868844901564
Ivan Perisic,2.9732137494636985
Luka Modric,15.455460200201093
Mario Mandzukic,56.60565342790415
Luka Modric,15.45093039269804
Dejan Lovren,8.630252024130016
Sime Vrsaljko,28.049999999999976
Ivan Rakitic,0.0
Marcelo Brozovic,27.700203067847717
Domagoj Vida,16.67378181457344
Ivan Strinic,24.82136176763877
Domagoj Vida,4.772970773009196
Marcelo Brozovic,7.941347492711802
Ivan Rakitic,0.0
Marcelo Brozovic,18.151583952922678
Ivan Strinic,17.409192973828507
Ante Rebic,29.74172153726144
Luka Modric,64.02319892039137
Domagoj Vida,0.0
Marcelo Brozovic,10.886287245888745
Luka Modric,14.450994775447123
Sime Vrsaljko,0.0
Sime Vrsaljko,0.0
Dejan Lovren,5.101102821939587
Marcelo Brozovic,22.403682732979412
Mario Mandzukic,13.860014430006922
Ivan Perisic,0.0
Sime Vrsaljko,9.112902940336847
Luka Modric,1.7999999999999985
Mario Mandzukic,0.0
Luka Modric,13.250707528279388
Dejan Lovren,11.10275866620544
Domagoj Vida,33.68657002426931
Ivan Strinic,19.418097229131387
Luka Modric,65.6441924316234
Sime Vrsaljko,38.19661306974743
Sime Vrsaljko,13.517488672086959
Sime Vrsaljko,5.784569992661512
Ivan Perisic,49.20702439692935
Sime Vrsaljko,0.0
Dejan Lovren,0.0
Domagoj Vida,5.404165060395546
Marcelo Brozovic,27.85518353915479
Ivan Strinic,0.0
Ivan Rakitic,0.0
Dejan Lovren,13.712813351023199
Sime Vrsaljko,0.0
Dejan Lovren,13.073685402364552
Domagoj Vida,9.37876591028905
Luka Modric,10.186510688160102
Marcelo Brozovic,29.11496608275544
Ivan Strinic,37.17969876155536
Ante Rebic,6.189608226697386
Mario Mandzukic,0.0
Mario Mandzukic,9.03686892679096
Ivan Perisic,0.0
Mario Mandzukic,0.0
Marcelo Brozovic,0.0
Luka Modric,0.0
Marcelo Brozovic,0.0
Ivan Rakitic,0.0
Dejan Lovren,8.657078028988765
Sime Vrsaljko,20.759696529573834
Mario Mandzukic,20.615528128088304
Ivan Strinic,12.418182234127503
Marcelo Brozovic,0.0
Ivan Rakitic,0.0
Dejan Lovren,11.98379113636415
Domagoj Vida,6.027540957969514
Ivan Rakitic,0.0
Domagoj Vida,12.70275560656033
Marcelo Brozovic,0.0
Domagoj Vida,16.41158127664729
Luka Modric,0.0
Dejan Lovren,42.6438741204408
Ivan Strinic,0.0
Marcelo Brozovic,7.028869041318102
Ivan Strinic,5.88430114796991
Ivan Rakitic,0.0
Marcelo Brozovic,8.711773642605733
Luka Modric,20.803845798313354
Sime Vrsaljko,0.0
Ivan Strinic,0.0
Domagoj Vida,8.424072649259383
Ivan Strinic,26.983328186122623
Mario Mandzukic,0.0
Luka Modric,10.357666242933298
Mario Mandzukic,0.0
Marcelo Brozovic,4.28193881320133
Luka Modric,0.0
Ivan Rakitic,0.0
Dejan Lovren,0.0
Ivan Rakitic,12.225025562345463
Ante Rebic,7.640762396515152
Dejan Lovren,17.07454245360619
Domagoj Vida,8.82560196247259
Ivan Rakitic,0.0
Domagoj Vida,24.892368308379176
Domagoj Vida,8.508892407358314
Dejan Lovren,11.062323444918796
Sime Vrsaljko,0.0
Marcelo Brozovic,7.933788502348671
Ivan Rakitic,0.0
Luka Modric,14.206028649837362
Sime Vrsaljko,0.0
Dejan Lovren,0.0
Ivan Strinic,0.0
Marcelo Brozovic,0.0
Domagoj Vida,10.3928460971959
Dejan Lovren,12.921348613825106
Ivan Strinic,7.629629741999279
Sime Vrsaljko,16.338948864599583
Ante Rebic,0.0
Marcelo Brozovic,10.377138333856788
Ivan Rakitic,0.0
Luka Modric,25.639422770413532
Sime Vrsaljko,4.378498601118883
Ivan Rakitic,43.54044097158414
Ante Rebic,0.0
Ivan Rakitic,35.67970361423984
Ivan Strinic,0.0
Domagoj Vida,5.942326985281104
Ivan Rakitic,0.0
Dejan Lovren,23.386561312001383
Sime Vrsaljko,10.840664186294115
Ivan Rakitic,0.0
Domagoj Vida,9.173944080928333
Marcelo Brozovic,0.0
Domagoj Vida,7.250603423164173
Luka Modric,0.0
Ivan Rakitic,37.78180779158138
Ivan Strinic,9.84327181378226
Marcelo Brozovic,21.440673963287605
Luka Modric,14.16615685357185
Sime Vrsaljko,0.0
Dejan Lovren,0.0
Domagoj Vida,16.939340305926912
Ivan Strinic,0.0
Marcelo Brozovic,0.0
Domagoj Vida,7.500083332870376
Domagoj Vida,13.228000604777732
Dejan Lovren,0.0
Ivan Rakitic,0.0
Ivan Strinic,14.379890472461884
Luka Modric,0.0
Marcelo Brozovic,4.804164859785726
Luka Modric,0.0
Ivan Perisic,54.60187725710536
Luka Modric,3.8250816984739053
Ivan Perisic,6.1660360037872
Marcelo Brozovic,8.727256155287298
Ivan Perisic,3.0356218473321084
Ivan Strinic,12.695668552699384
Domagoj Vida,8.676476819539138
Luka Modric,7.668197310972116
Ivan Strinic,0.0
Domagoj Vida,14.454584047975924
Dejan Lovren,7.889233169326408
Ivan Rakitic,7.510326224605696
Mateo Kovacic,0.0
Ivan Rakitic,14.394617049439004
Dejan Lovren,19.32976978652359
Sime Vrsaljko,0.0
Dejan Lovren,0.0
Ivan Rakitic,11.987702031665618
Mateo Kovacic,20.091322753865658
Ivan Strinic,8.80582193778638
Mateo Kovacic,0.0
Ivan Strinic,0.0
Domagoj Vida,14.368020044529452
Luka Modric,0.0
Ivan Rakitic,0.0
Luka Modric,5.614712815451924
Ivan Rakitic,8.645229898620393
Sime Vrsaljko,0.0
Domagoj Vida,9.030573071516555
Ivan Strinic,0.0
Domagoj Vida,7.7323993688893236
Ivan Rakitic,12.383507176886525
Sime Vrsaljko,0.0
Dejan Lovren,0.0
Ivan Rakitic,0.0
Domagoj Vida,7.720103626247515
Mateo Kovacic,0.0
Ivan Rakitic,13.54404850847781
Dejan Lovren,8.287339742040265
Sime Vrsaljko,0.0
Dejan Lovren,0.0
Ivan Rakitic,13.094273557551794
Domagoj Vida,26.55644931085479
Ivan Strinic,0.0
Mateo Kovacic,0.0
Dejan Lovren,0.0
Domagoj Vida,7.231268906630422
Ivan Rakitic,30.98614609789349
Ivan Strinic,0.0
Domagoj Vida,5.157639964169661
Ivan Rakitic,15.97595850019648
Dejan Lovren,15.710665167331387
Ante Rebic,35.50890733323117
Domagoj Vida,12.963458257733537
Luka Modric,20.39227795024381
Ivan Strinic,0.0
Domagoj Vida,6.616740133933023
Ivan Strinic,0.0
Domagoj Vida,0.0
Dejan Lovren,7.839323950443686
Sime Vrsaljko,0.0
Dejan Lovren,0.0
Ivan Rakitic,13.569865511492733
Mateo Kovacic,0.0
Ivan Rakitic,12.20906425570773
Mateo Kovacic,30.37268509697487
Dejan Lovren,0.0
Domagoj Vida,5.67626637852735
Ivan Rakitic,9.050483412503446
Luka Modric,5.577745960511285
Ivan Rakitic,54.42288121737036
Josip Pivaric,42.160170777642726
Ivan Perisic,57.050328658124315
Mario Mandzukic,60.41191935371697
Ante Rebic,20.57668583615934
Sime Vrsaljko,0.0
Domagoj Vida,0.0
Josip Pivaric,71.4960925505723
Josip Pivaric,44.5324881406822
Ivan Perisic,0.0
Josip Pivaric,0.0
Mateo Kovacic,18.212083900531514
Ivan Perisic,0.0
Josip Pivaric,0.0
Mario Mandzukic,2.8600699292150176
Domagoj Vida,0.0
Josip Pivaric,0.0
Josip Pivaric,32.90296339237547
Mario Mandzukic,17.337567591793256
Ivan Perisic,0.0
Mario Mandzukic,0.0
Sime Vrsaljko,0.0
Luka Modric,0.0
Sime Vrsaljko,0.0
Dejan Lovren,9.981232388838562
Ivan Rakitic,16.886088949191286
Luka Modric,21.18280552712505
Mario Mandzukic,0.0
Luka Modric,0.0
Dejan Lovren,0.0
Domagoj Vida,0.0
Ivan Rakitic,18.288794383446938
Luka Modric,9.840287089307909
Josip Pivaric,13.708391590555033
Ante Rebic,3.06186217847897
Andrej Kramaric,0.0
Josip Pivaric,11.697489046799747
Mateo Kovacic,0.0
Andrej Kramaric,5.213564040078523
Mateo Kovacic,18.216750533506254
Andrej Kramaric,35.22740410532686
Mateo Kovacic,0.0
Ivan Rakitic,5.263078946776305
Luka Modric,0.0
Ivan Rakitic,6.375049019419377
Mateo Kovacic,0.0
Josip Pivaric,17.828944163915043
Luka Modric,23.962914054847346
Andrej Kramaric,17.597869189194466
Josip Pivaric,0.0
Andrej Kramaric,6.254598308444762
Josip Pivaric,0.0
Mateo Kovacic,0.0
Andrej Kramaric,0.0
Ivan Rakitic,0.0
Domagoj Vida,16.735590817177624
Dejan Lovren,15.442312003064819
Sime Vrsaljko,0.0
Dejan Lovren,0.0
Domagoj Vida,12.935271547207657
Josip Pivaric,11.64822947919554
Dejan Lovren,0.0
Mateo Kovacic,9.29684086128186
Josip Pivaric,0.0
Mateo Kovacic,0.0
Luka Modric,7.653757247260976
Mateo Kovacic,0.0
Luka Modric,10.900688051678213
Andrej Kramaric,25.650170564735046
Josip Pivaric,0.0
Mateo Kovacic,6.831178522041419
Josip Pivaric,0.0
Ivan Rakitic,15.560366319595435
Ivan Rakitic,16.2689889052762
Josip Pivaric,0.0
Luka Modric,134.70263546048383
Josip Pivaric,16.52467851427072
Josip Pivaric,58.861957154005665
Andrej Kramaric,52.70455388294261
Mario Mandzukic,19.20416621465253
Luka Modric,19.003157632351506
Ante Rebic,65.80463509510555
Sime Vrsaljko,24.423144760656847
Mario Mandzukic,0.0
Ivan Rakitic,0.0
Domagoj Vida,17.39917383096106
Luka Modric,15.29591448720867
Mateo Kovacic,45.56884900894472
Andrej Kramaric,0.0
Milan Badelj,4.756574397610118
Luka Modric,25.505391586878247
Sime Vrsaljko,0.0
Mateo Kovacic,0.0
Luka Modric,55.0156341415783
Milan Badelj,0.0
Dejan Lovren,0.0
Domagoj Vida,9.992559732120695
Ivan Rakitic,39.032614567820076
Josip Pivaric,0.0
Ivan Rakitic,24.990398156091903
Luka Modric,14.256314390472742
Dejan Lovren,15.795094175091203
Dejan Lovren,0.0
Milan Badelj,0.0
Dejan Lovren,0.0
Luka Modric,90.58587086295523
Dejan Lovren,0.0
Domagoj Vida,21.888809926535522
Josip Pivaric,62.272947577579814
Andrej Kramaric,20.848261318392936
Milan Badelj,16.419500601419035
Luka Modric,32.57299494980464
Sime Vrsaljko,19.467151820438474
Luka Modric,17.909773867919164
Sime Vrsaljko,14.162009038268547
Mateo Kovacic,0.0
Dejan Lovren,0.0
Ivan Rakitic,19.74639207551598
Josip Pivaric,0.0
Domagoj Vida,9.397938603757742
Ivan Rakitic,0.0
Dejan Lovren,11.801906625626211
Mateo Kovacic,14.82502107924303
Sime Vrsaljko,0.0
Luka Modric,95.73719235490458
Josip Pivaric,0.0
Ivan Rakitic,39.989123521277634
Luka Modric,28.401584462842884
Josip Pivaric,0.0
Domagoj Vida,13.842732750436237
Milan Badelj,45.367058533698234
Andrej Kramaric,0.0
Josip Pivaric,7.511657606680441
Mateo Kovacic,9.46810435092474
Luka Modric,39.65702964166632
Andrej Kramaric,10.326785559892311
Josip Pivaric,30.363794229311985
Luka Modric,6.985699678629189
Luka Modric,2.9259613804696736
Marko Pjaca,0.0
Tin Jedvaj,0.0
Tin Jedvaj,15.08645916045247
Andrej Kramaric,0.0
Tin Jedvaj,0.0
Luka Modric,3.771604433129227
Mateo Kovacic,0.0
Josip Pivaric,11.13693180368813
Ivan Perisic,0.0
Milan Badelj,0.0
Luka Modric,0.0
Ivan Perisic,0.0
Milan Badelj,3.671511950137162
Mateo Kovacic,0.0
Vedran Corluka,0.0
Duje Caleta-Car,13.001201867519788
Josip Pivaric,0.0
Duje Caleta-Car,0.0
Vedran Corluka,9.693296652842104
Mateo Kovacic,0.0
Duje Caleta-Car,9.431397033313779
Luka Modric,0.0
Mateo Kovacic,0.0
Vedran Corluka,27.53781490968374
Vedran Corluka,9.776566370664092
Mateo Kovacic,11.616421566041756
Josip Pivaric,15.763248396190425
Andrej Kramaric,4.493467480687942
Josip Pivaric,6.746851117373201
Andrej Kramaric,0.0
Josip Pivaric,0.0
Andrej Kramaric,0.0
Mateo Kovacic,6.487006243252738
Milan Badelj,0.0
Vedran Corluka,13.065268845301263
Milan Badelj,0.0
Mateo Kovacic,0.0
Luka Modric,0.0
Milan Badelj,0.0
Vedran Corluka,21.441082062246767
Tin Jedvaj,0.0
Milan Badelj,0.0
Duje Caleta-Car,6.642665127793213
Andrej Kramaric,0.0
Josip Pivaric,0.0
Mateo Kovacic,0.0
Vedran Corluka,33.23401871576773
Marko Pjaca,31.992499120887675
Andrej Kramaric,24.8243831746128
Milan Badelj,17.41838109584241
Mateo Kovacic,25.838150088580292
Ivan Perisic,0.0
Mateo Kovacic,14.778700890132377
Andrej Kramaric,14.204576727238322
Ivan Perisic,10.911003620199175
Andrej Kramaric,64.22468372829873
Tin Jedvaj,0.0
Vedran Corluka,0.0
Tin Jedvaj,0.0
Josip Pivaric,11.779855686722144
Ivan Perisic,0.0
Ivan Perisic,3.0347981810987004
Andrej Kramaric,0.0
Mateo Kovacic,0.0
Milan Badelj,4.007492981902777
Mateo Kovacic,0.0
Duje Caleta-Car,0.0
Vedran Corluka,5.1821810080312725
Luka Modric,0.0
Tin Jedvaj,0.0
Milan Badelj,6.175050607080077
Mateo Kovacic,17.72797929827311
Josip Pivaric,0.0
Mateo Kovacic,5.968249324550707
Milan Badelj,20.052431274037577
Andrej Kramaric,0.0
Milan Badelj,9.910663449033065
Andrej Kramaric,0.0
Milan Badelj,0.0
Luka Modric,22.23656897994832
Tin Jedvaj,17.23281752935369
Marko Pjaca,10.591033943860257
Tin Jedvaj,0.0
Luka Modric,16.124515496597102
Milan Badelj,71.23601617159677
Ivan Perisic,0.0
Josip Pivaric,4.389903187998566
Mateo Kovacic,5.975366097570922
Milan Badelj,0.0
Vedran Corluka,11.360072623007301
Luka Modric,56.896484952938884
Josip Pivaric,0.0
Mateo Kovacic,1.8738329701443477
Josip Pivaric,0.0
Mateo Kovacic,0.0
Milan Badelj,5.896185207403172
Luka Modric,7.156203602469677
Andrej Kramaric,8.044874144447506
Tin Jedvaj,0.0
Josip Pivaric,0.0
Mateo Kovacic,0.0
Vedran Corluka,0.0
Duje Caleta-Car,8.051397394241567
Mateo Kovacic,0.0
Milan Badelj,26.23644888318539
Tin Jedvaj,6.980329505116508
Luka Modric,6.337586291325746
Mateo Kovacic,15.143480445392983
Marko Pjaca,17.640861656959967
Luka Modric,55.10136114471222
Tin Jedvaj,0.0
Luka Modric,18.060177186284715
Mateo Kovacic,0.0
Luka Modric,24.803225596683987
Josip Pivaric,8.780375846169685
Mateo Kovacic,15.77355381643591
Luka Modric,17.949686626791006
Marko Pjaca,0.0
Tin Jedvaj,0.0
Luka Modric,20.912197397691138
Mateo Kovacic,8.592147577875977
Ivan Perisic,0.0
Milan Badelj,8.843359090300472
Luka Modric,8.300903565275279
Marko Pjaca,0.0
Luka Modric,0.0
Milan Badelj,8.021533519221874
Mateo Kovacic,0.0
Vedran Corluka,0.0
Milan Badelj,7.250603423164173
Mateo Kovacic,10.270589077555384
Josip Pivaric,19.804103110214307
Ivan Perisic,0.0
Mateo Kovacic,0.0
Duje Caleta-Car,0.0
Duje Caleta-Car,13.726798607104275
Mateo Kovacic,16.171927838077934
Andrej Kramaric,18.43722457421399
Josip Pivaric,0.0
Andrej Kramaric,20.738611332488006
Mateo Kovacic,10.98362417419678
Luka Modric,27.238208457973123
Andrej Kramaric,7.547184905645276
Ivan Perisic,12.037026210821343
Milan Badelj,0.0
Duje Caleta-Car,0.0
Vedran Corluka,21.399182227365603
Mateo Kovacic,2.510975905897945
Mateo Kovacic,11.928170438084795
Milan Badelj,9.772474098200515
Andrej Kramaric,0.0
Josip Pivaric,0.0
Duje Caleta-Car,0.0
Vedran Corluka,10.875718367078104
Tin Jedvaj,5.625055555281207
Marko Pjaca,0.0
Luka Modric,17.253731480465316
Ivan Perisic,0.0
Tin Jedvaj,19.82763223382964
Mateo Kovacic,27.914512354687474
Luka Modric,0.0
Andrej Kramaric,11.87981481337147
Vedran Corluka,176.84942747998932
Josip Pivaric,4.7139420870434945
Duje Caleta-Car,11.816302298096476
Milan Badelj,20.368388497866007
Mateo Kovacic,0.0
Milan Badelj,5.1962727026206
Ivan Perisic,8.832043931050157
Milan Badelj,7.36418698839186
Josip Pivaric,4.925444142409903
Andrej Kramaric,0.0
Milan Badelj,8.371454473387523
Ivan Perisic,11.636150566231088
Andrej Kramaric,29.543908001481473
Josip Pivaric,0.0
Andrej Kramaric,0.0
Josip Pivaric,0.0
Ivan Perisic,0.0
Mateo Kovacic,0.0
Milan Badelj,0.0
Duje Caleta-Car,0.0
Vedran Corluka,0.0
Duje Caleta-Car,17.364367250205234
Mateo Kovacic,0.0
Duje Caleta-Car,22.67476570992521
Josip Pivaric,12.35602079959402
Duje Caleta-Car,0.0
Vedran Corluka,0.0
Vedran Corluka,14.64940271819981
Milan Badelj,8.554604023565322
Mateo Kovacic,0.0
Milan Badelj,0.0
Vedran Corluka,0.0
Duje Caleta-Car,7.76152369061643
Mateo Kovacic,0.0
Luka Modric,21.642348532449056
Marko Pjaca,0.0
Mateo Kovacic,0.0
Vedran Corluka,31.210254725009854
Josip Pivaric,0.0
Marko Pjaca,0.0
Mateo Kovacic,37.93375805268968
Luka Modric,17.09853794919322
Tin Jedvaj,11.65509545220458
Milan Badelj,5.519510847892238
Duje Caleta-Car,11.715854642321235
Josip Pivaric,0.0
Duje Caleta-Car,14.885941354177099
Vedran Corluka,10.63390803044675
Luka Modric,18.528930082441352
Duje Caleta-Car,11.349449325848374
Marko Pjaca,0.0
Josip Pivaric,2.6853770684952227
Josip Pivaric,0.0
Duje Caleta-Car,14.746864073422525
Marko Pjaca,0.0
Vedran Corluka,6.9405511308540895
Mateo Kovacic,17.26300234605789
Josip Pivaric,0.0
Mateo Kovacic,9.696971176609736
Andrej Kramaric,0.0
Luka Modric,35.7547898889086
Tin Jedvaj,11.717508267545616
Luka Modric,0.0
Mateo Kovacic,0.0
Josip Pivaric,3.8832975677895165
Mateo Kovacic,0.0
Duje Caleta-Car,8.796092882638291
Mateo Kovacic,9.961174629530392
Milan Badelj,0.0
Luka Modric,22.7100198150508
Tin Jedvaj,9.960923651951155
Andrej Kramaric,0.0
Tin Jedvaj,0.0
Milan Badelj,0.0
Vedran Corluka,7.044146506142529
Mateo Kovacic,3.8159205966581626
Milan Badelj,7.903243005247914
Marko Pjaca,0.0
Mateo Kovacic,5.076539175461962
Luka Modric,7.800080127793556
Tin Jedvaj,0.0
Milan Badelj,0.0
Duje Caleta-Car,8.702011261771613
Mateo Kovacic,15.969502183850318
Josip Pivaric,5.161516250095508
Ivan Perisic,0.0
Vedran Corluka,15.814392179277712
Mateo Kovacic,11.290039858211307
Andrej Kramaric,0.0
Mateo Kovacic,22.4527281193177
Luka Modric,19.801546656763968
Tin Jedvaj,0.0
Luka Modric,47.43838108536166
Marko Pjaca,25.83815008858028
Luka Modric,30.502622838044598
Tin Jedvaj,0.0
Vedran Corluka,0.0
Marko Pjaca,12.219707443306486
Andrej Kramaric,0.0
Mateo Kovacic,5.997082624076472
Milan Badelj,65.60617349000019
Ivan Perisic,25.279438284898667
Luka Modric,21.473035416540434
Andrej Kramaric,15.00074998125093
Josip Pivaric,0.0
Andrej Kramaric,0.0
Josip Pivaric,0.0
Milan Badelj,7.116178749862888
Luka Modric,9.848857801796104
Duje Caleta-Car,4.91121166312347
Josip Pivaric,6.025051866996666
Mateo Kovacic,16.633437708423358
Vedran Corluka,8.98248295294792
Milan Badelj,14.042791745233572
Marko Pjaca,0.0
Milan Badelj,19.660143692252095
Luka Modric,0.0
Mateo Kovacic,13.242356285797488
Vedran Corluka,8.369065061283731
Mateo Kovacic,0.0
Josip Pivaric,0.0
Mateo Kovacic,11.79411929734476
Luka Modric,29.680486013540946
Marko Pjaca,40.09102143872115
Tin Jedvaj,47.28001692047076
Vedran Corluka,12.611155775740777
Tin Jedvaj,3.8470768123342696
Luka Modric,0.0
Milan Badelj,6.905885171359285
Mateo Kovacic,42.95963221444058
Marko Pjaca,27.3336788596047
Mateo Kovacic,6.95566316033202
Luka Modric,19.90778742100692
Vedran Corluka,13.831892495244457
Andrej Kramaric,0.0
Milan Badelj,0.0
Tin Jedvaj,0.0
Vedran Corluka,0.0
Duje Caleta-Car,8.800071022440669
Mateo Kovacic,17.830065900046474
Josip Pivaric,0.0
Duje Caleta-Car,14.26223159256643
Josip Pivaric,8.667467911679857
Mateo Kovacic,4.47213595499958
Milan Badelj,16.251922963145006
Andrej Kramaric,0.0
Milan Badelj,36.829132490461944
Luka Modric,0.0
Tin Jedvaj,7.231960315156604
Luka Modric,0.0
Milan Badelj,0.0
Vedran Corluka,0.0
Duje Caleta-Car,7.228070281894053
Josip Pivaric,14.000714267493649
Josip Pivaric,0.0
Mateo Kovacic,0.0
Duje Caleta-Car,0.0
Vedran Corluka,13.109919908222174
Luka Modric,10.487194572429754
Vedran Corluka,19.254642297378574
Luka Modric,10.521466152585392
Andrej Kramaric,20.72401988032245
Josip Pivaric,13.020176650107318
Andrej Kramaric,0.0
Mateo Kovacic,0.0
Duje Caleta-Car,9.403190947758107
Luka Modric,50.36069896258392
Mateo Kovacic,18.34802441681393
Milan Badelj,30.91148653817863
Vedran Corluka,11.327841806805036
Milan Badelj,14.77565565381111
Luka Modric,21.46834879537781
Luka Modric,0.0
Tin Jedvaj,0.0
Vedran Corluka,0.0
Duje Caleta-Car,7.70332720322849
Mateo Kovacic,12.650741085011575
Josip Pivaric,0.0
Mateo Kovacic,0.0
Milan Badelj,0.0
Vedran Corluka,90.31195934094225
Andrej Kramaric,8.85437744847145
Luka Modric,14.063072210580458
Milan Badelj,0.0
Josip Pivaric,24.20619755351922
Andrej Kramaric,0.0
Milan Badelj,23.613555429032708
Vedran Corluka,12.021647141718976
Luka Modric,4.438468204234427
Luka Modric,24.190519837324697
Tin Jedvaj,0.0
Luka Modric,11.333137253205766
Tin Jedvaj,5.565069631190607
Ivan Perisic,0.0
Mateo Kovacic,6.285300311043222
Milan Badelj,0.0
Mateo Kovacic,0.0
Duje Caleta-Car,35.45858499714843
Tin Jedvaj,0.0
Vedran Corluka,3.41046184555699
Tin Jedvaj,0.0
Luka Modric,12.928698697084718
Mateo Kovacic,0.0
Luka Modric,32.42547224020029
Andrej Kramaric,28.800694436072206
Josip Pivaric,0.0
Mateo Kovacic,11.093297525983873
Milan Badelj,10.885368620308641
Josip Pivaric,0.0
Mateo Kovacic,0.0
Milan Badelj,17.16191277218247
Vedran Corluka,14.47277616768808
Luka Modric,0.0
Tin Jedvaj,0.0
Vedran Corluka,0.0
Josip Pivaric,6.332061275761631
Josip Pivaric,2.4738633753705948
Mateo Kovacic,0.0
Josip Pivaric,15.911356007581501
Andrej Kramaric,0.0
Milan Badelj,14.154901977760213
Ivan Perisic,24.887145276226445
Mateo Kovacic,10.687902039221722
Filip Bradaric,0.0
Mateo Kovacic,37.3373807329866
Josip Pivaric,18.363618924384166
Mateo Kovacic,20.173497465734563
Ivan Perisic,29.143953060626465
Josip Pivaric,0.0
Ivan Perisic,0.0
Milan Badelj,34.98571136907179
Mateo Kovacic,10.135580891098444
Milan Badelj,32.46921619010844
Filip Bradaric,32.323366161339045
Andrej Kramaric,11.107204868912769
Mateo Kovacic,23.528705871764377
Andrej Kramaric,0.0
Josip Pivaric,11.761430610261668
Tin Jedvaj,0.0
Vedran Corluka,11.44601459024057
Filip Bradaric,0.0
Milan Badelj,9.105012355840051
Mateo Kovacic,0.0
Milan Badelj,2.530069169014951
Mateo Kovacic,0.0
Tin Jedvaj,15.995624401691856
Milan Badelj,22.289235069871754
Andrej Kramaric,18.659314028120143
Filip Bradaric,0.0
Vedran Corluka,11.236158151254367
Filip Bradaric,8.936442245099554
Ivan Perisic,0.0
Milan Badelj,15.266139001070309
Ivan Perisic,0.0
Josip Pivaric,15.380019505839392
Mateo Kovacic,21.190357476928035
Andrej Kramaric,13.523359419907466
Andrej Kramaric,0.0
Duje Caleta-Car,14.480719940665935
Josip Pivaric,0.0
Josip Pivaric,13.212304870839144
Vedran Corluka,15.154042364992913
Tin Jedvaj,66.7719252380819
Mateo Kovacic,49.52130854490823
Josip Pivaric,31.784430150625617
Mateo Kovacic,39.86627647523658
Milan Badelj,0.0
Dejan Lovren,0.0
Vedran Corluka,16.349044314576922
Duje Caleta-Car,76.96545491322713
Josip Pivaric,56.897890997821726
Ivan Rakitic,48.08170130101471
Tin Jedvaj,8.3213580622396
Filip Bradaric,0.0
Filip Bradaric,14.336709873607687
Ivan Rakitic,27.606724724240653
Tin Jedvaj,0.0
Filip Bradaric,29.353705047233834
Andrej Kramaric,19.9234158717826
Josip Pivaric,7.244308110509942
Dejan Lovren,0.0
Josip Pivaric,14.537236670014003
Ivan Rakitic,20.824774908747514
Andrej Kramaric,0.0
Josip Pivaric,0.0
Filip Bradaric,6.242695731813302
Josip Pivaric,7.716540675717328
Ivan Rakitic,29.76995129320836
Milan Badelj,25.222410669878503
Vedran Corluka,34.426897188099886
Ivan Rakitic,0.0
Milan Badelj,46.87216658103188
Milan Badelj,23.471045992882377
Ivan Perisic,25.1340406620185
Filip Bradaric,17.341316270687184
Josip Pivaric,16.860345488749626
Mario Mandzukic,0.0
Marcelo Brozovic,0.0
Ivan Strinic,0.0
Domagoj Vida,0.0
Dejan Lovren,13.214055017291248
Sime Vrsaljko,32.50384592629001
Ante Rebic,0.0
Sime Vrsaljko,6.425048637948199
Ivan Rakitic,0.0
Dejan Lovren,38.60058289715325
Ivan Rakitic,16.18181850102145
Dejan Lovren,0.0
Marcelo Brozovic,0.0
Dejan Lovren,12.923428337712867
Sime Vrsaljko,0.0
Dejan Lovren,0.0
Domagoj Vida,11.496575577101208
Ivan Strinic,0.0
Domagoj Vida,0.0
Sime Vrsaljko,0.0
Marcelo Brozovic,18.433698760693687
Ivan Strinic,6.131170361358429
Ivan Rakitic,0.0
Ivan Strinic,13.757952245883107
Ivan Strinic,0.0
Domagoj Vida,5.503180898353239
Marcelo Brozovic,0.0
Dejan Lovren,12.94300003863092
Sime Vrsaljko,0.0
Ivan Rakitic,19.18384737220352
Luka Modric,79.52012323934113
Ivan Strinic,9.343513793001003
Marcelo Brozovic,0.0
Ivan Perisic,4.734052175462371
Ivan Rakitic,5.221230697833605
Marcelo Brozovic,16.565627063289817
Luka Modric,0.0
Dejan Lovren,0.0
Domagoj Vida,9.313162728096184
Ivan Strinic,6.633249580710796
Ivan Rakitic,0.0
Ivan Strinic,0.0
Domagoj Vida,0.0
Luka Modric,20.975730023052833
Luka Modric,18.562596801094422
Ivan Rakitic,81.00771568190281
Marcelo Brozovic,5.62505555528121
Sime Vrsaljko,10.722931035868884
Marcelo Brozovic,64.53595896862464
Marcelo Brozovic,0.0
Sime Vrsaljko,14.319217855734975
Dejan Lovren,21.21744565210431
Marcelo Brozovic,5.347078641650971
Dejan Lovren,0.0
Dejan Lovren,14.38719048320415
Sime Vrsaljko,24.69058525025278
Sime Vrsaljko,0.0
Dejan Lovren,13.294782811313615
Luka Modric,0.0
Dejan Lovren,0.0
Dejan Lovren,35.19604026023382
Sime Vrsaljko,0.0
Luka Modric,3.7795502377928503
Sime Vrsaljko,0.0
Dejan Lovren,0.0
Domagoj Vida,14.14514050831592
Ivan Strinic,20.739605830391277
Mario Mandzukic,0.0
Marcelo Brozovic,7.035001776829914
Ivan Strinic,44.00071022154074
Mario Mandzukic,0.0
Luka Modric,8.964373932406003
Ivan Strinic,8.99055059493021
Ivan Rakitic,0.0
Luka Modric,0.0
Marcelo Brozovic,0.0
Ivan Rakitic,30.5096910833263
Marcelo Brozovic,0.0
Sime Vrsaljko,22.244662281095664
Ante Rebic,9.981232388838565
Sime Vrsaljko,35.94454061467472
Dejan Lovren,24.041734546409085
Ante Rebic,0.0
Marcelo Brozovic,0.0
Luka Modric,15.780407155710527
Ivan Perisic,0.0
Ivan Rakitic,4.8827502496031885
Marcelo Brozovic,0.0
Ivan Rakitic,0.0
Dejan Lovren,7.058416961330635
Marcelo Brozovic,0.0
Dejan Lovren,0.0
Domagoj Vida,13.31357390034697
Ivan Strinic,0.0
Domagoj Vida,0.0
Domagoj Vida,0.0
Dejan Lovren,8.246893354469913
Marcelo Brozovic,0.0
Marcelo Brozovic,12.93565808144294
Ivan Rakitic,0.0
Luka Modric,15.219066988485205
Sime Vrsaljko,6.342810891079765
Ivan Perisic,0.0
Dejan Lovren,38.52531635171866
Mario Mandzukic,0.0
Luka Modric,1.2414709017935157
Mario Mandzukic,0.0
Dejan Lovren,0.0
Domagoj Vida,8.715503427800368
Ivan Strinic,0.0
Domagoj Vida,0.0
Dejan Lovren,9.974530064118309
Sime Vrsaljko,0.0
Dejan Lovren,0.0
Domagoj Vida,9.258577104501535
Ivan Strinic,26.263877284209205
Mario Mandzukic,29.452079722831122
Sime Vrsaljko,79.51779675016154
Dejan Lovren,5.849358939234281
Ivan Strinic,11.058028757423266
Luka Modric,11.0838283097493
Marcelo Brozovic,12.81151825507032
Dejan Lovren,0.0
Marcelo Brozovic,6.1058373709099065
Luka Modric,0.0
Marcelo Brozovic,0.0
Dejan Lovren,0.0
Dejan Lovren,5.5155462104854145
Marcelo Brozovic,0.0
Ivan Perisic,3.4641016151377544
Domagoj Vida,6.361701816338142
Marcelo Brozovic,5.767256713551081
Marcelo Brozovic,13.806701271484078
Ivan Perisic,7.757899200170112
Luka Modric,0.0
Marcelo Brozovic,45.957385151899146
Ivan Perisic,116.56761986074864
Ivan Rakitic,21.355356470918476
Ivan Strinic,4.953786430600334
Domagoj Vida,175.4191551684137
Marcelo Brozovic,0.0
Sime Vrsaljko,0.0
Marcelo Brozovic,6.876136269737535
Luka Modric,4.971041138433675
Sime Vrsaljko,6.030858147892395
Mario Mandzukic,0.0
Sime Vrsaljko,0.0
Marcelo Brozovic,9.488150504708495
Mario Mandzukic,14.202816622064796
Luka Modric,90.2805073091639
Dejan Lovren,0.0
Domagoj Vida,14.680599442802054
Ivan Strinic,0.0
Domagoj Vida,0.0
Marcelo Brozovic,11.738185549734684
Ivan Rakitic,0.0
Ivan Strinic,29.60373709517094
Marcelo Brozovic,6.11923197795279
Ivan Rakitic,0.0
Marcelo Brozovic,6.506246998078083
Ivan Strinic,13.318455240755222
Ivan Strinic,43.5348423679241
Dejan Lovren,0.0
Sime Vrsaljko,0.0
Dejan Lovren,12.525773429213864
Domagoj Vida,6.9822095356699245
Marcelo Brozovic,25.255123242621487
Ivan Strinic,21.447173473444
Mario Mandzukic,6.708203932499369
Dejan Lovren,6.622688275919377
Marcelo Brozovic,9.245809861769818
Dejan Lovren,0.0
Marcelo Brozovic,0.0
Ivan Strinic,21.14949762996748
Sime Vrsaljko,0.0
Marcelo Brozovic,5.089327067501164
Ante Rebic,35.64745783362399
Marcelo Brozovic,0.0
Luka Modric,16.517566406707736
Ivan Strinic,0.0
Dejan Lovren,9.79310982272741
Marcelo Brozovic,10.415613280071417
Sime Vrsaljko,0.0
Marcelo Brozovic,76.44089219782823
Mario Mandzukic,18.962067397834012
Luka Modric,15.415292731570174
Sime Vrsaljko,0.0
Sime Vrsaljko,5.035871324805665
Sime Vrsaljko,170.62192121764426
Dejan Lovren,0.0
Dejan Lovren,14.143726524505484
Ivan Rakitic,0.0
Marcelo Brozovic,22.41007028101429
Luka Modric,0.0
Ivan Rakitic,66.1937308209773
Ivan Strinic,0.0
Ivan Strinic,20.025764654564377
Ivan Strinic,3.0471297970385165
Marcelo Brozovic,5.083428960849169
Sime Vrsaljko,21.11119371328867
Luka Modric,0.0
Marcelo Brozovic,4.039956682936094
Ivan Rakitic,21.58613559672041
Luka Modric,30.851985349406608
Andrej Kramaric,43.77864776349314
Ivan Rakitic,71.08867701680765
Sime Vrsaljko,24.47059459841546
Sime Vrsaljko,10.505474763188952
Luka Modric,7.63708059404902
Marcelo Brozovic,5.700438579618238
Luka Modric,0.0
Ivan Rakitic,11.786910112493434
Ivan Strinic,9.577643238291978
Luka Modric,31.351236020291132
Ivan Strinic,34.580919594481585
Andrej Kramaric,15.25549081478536
Ivan Rakitic,40.241272345690064
Luka Modric,17.465680633745713
Marcelo Brozovic,0.0
Luka Modric,0.0
Ivan Rakitic,0.0
Luka Modric,0.0
Sime Vrsaljko,9.949937185731374
Mario Mandzukic,3.2557641192199447
Luka Modric,16.7191880783727
Marcelo Brozovic,12.054252361718664
Mario Mandzukic,38.410219994163015
Luka Modric,12.171483064935021
Luka Modric,12.197182051605198
Domagoj Vida,19.37501612902554
Ivan Rakitic,0.0
Andrej Kramaric,22.92512268233259
Ivan Rakitic,42.14463192388802
Andrej Kramaric,28.681004166521056
Marcelo Brozovic,30.253636145098312
Andrej Kramaric,0.0
Marcelo Brozovic,27.91128803907122
Ivan Strinic,39.742058955217715
Mateo Kovacic,0.0
Ivan Rakitic,19.2379832622861
Ivan Rakitic,5.499204487923681
Ivan Strinic,2.561249694973141
Ivan Rakitic,0.0
Ivan Strinic,12.303657992645931
Mateo Kovacic,56.105614692292605
Mario Mandzukic,28.193793643282557
Luka Modric,19.331063085096957
Dejan Lovren,10.7501162784409
Dejan Lovren,6.623537574438598
Ivan Rakitic,8.127192012005134
Luka Modric,0.0
Mario Mandzukic,0.0
Sime Vrsaljko,0.0
Dejan Lovren,10.811163212161771
Marcelo Brozovic,9.503683496413379
Sime Vrsaljko,14.930882425362535
Luka Modric,10.200061274325762
Mario Mandzukic,0.0
Luka Modric,0.0
Dejan Lovren,7.271949532278125
Marcelo Brozovic,42.789616146911165
Mateo Kovacic,72.99321886312454
Dejan Lovren,12.898497974570525
Andrej Kramaric,0.0
Luka Modric,21.778888860545663
Andrej Kramaric,19.179448636496307
Mateo Kovacic,10.307764064044148
Vedran Corluka,0.0
Ivan Strinic,5.362019209215875
Vedran Corluka,4.9623583103198
Mateo Kovacic,0.0
Marcelo Brozovic,10.4651803615609
Luka Modric,4.14502714104504
Domagoj Vida,5.309543294860678
Marcelo Brozovic,15.357245846830743
Ivan Strinic,11.031375707499038
Mateo Kovacic,3.864097566056015
Luka Modric,0.0
Ante Rebic,0.0
Luka Modric,0.0
Ivan Rakitic,0.0
Ivan Strinic,0.0
Ivan Rakitic,0.0
Dejan Lovren,0.0
Domagoj Vida,6.905432643940569
Ivan Rakitic,0.0
Domagoj Vida,10.710800623669549
Luka Modric,6.296923852167818
Sime Vrsaljko,0.0
Dejan Lovren,0.0
Domagoj Vida,14.235870187663272
Andrej Kramaric,0.0
Domagoj Vida,7.305135180131853
Ivan Rakitic,3.3423419932735823
Domagoj Vida,17.11037696837799
Ante Rebic,11.024064586167846
Andrej Kramaric,37.25050335230384
Mario Mandzukic,0.0
Dejan Lovren,0.0
Sime Vrsaljko,8.799502826864709
Ivan Rakitic,9.275303229544575
Luka Modric,0.0
Ivan Rakitic,88.85376328552438
Dejan Lovren,7.683749084919416
Luka Modric,0.0
Ivan Rakitic,0.0
Domagoj Vida,5.628943062422996
Dejan Lovren,17.971783439603307
Luka Modric,6.790526489161205
Ivan Perisic,0.0
Luka Modric,0.0
Andrej Kramaric,21.057807340746567
Ivan Strinic,6.497018546995229
Ante Rebic,31.852315457435765
Andrej Kramaric,15.299999999999997
Ivan Strinic,0.0
Ante Rebic,31.435012327021578
Ante Rebic,0.0
Ivan Strinic,18.031222920256965
Ivan Strinic,17.059344946392283
Mario Mandzukic,28.2448225344044
Ivan Rakitic,0.0
Dejan Lovren,0.0
Domagoj Vida,12.767341148414573
Ivan Strinic,0.0
Mario Mandzukic,0.0
Ante Rebic,9.827575998179817
Andrej Kramaric,7.600740095543331
Dejan Lovren,7.844185744868616
Luka Modric,25.83844035540845
Sime Vrsaljko,0.0
Luka Modric,0.0
Ante Rebic,0.0
Luka Modric,34.30976537372414
Dejan Lovren,5.951575421684583
Ivan Rakitic,0.0
Domagoj Vida,0.0
Dejan Lovren,nan
Domagoj Vida,0.0
Ivan Strinic,0.0
Sime Vrsaljko,26.692508312258703
Ante Rebic,0.0
Ivan Strinic,9.563537525413908
Luka Modric,0.0
Ivan Strinic,14.702423269651844
Luka Modric,16.881350656863912
Ante Rebic,43.388938682572075
Mario Mandzukic,16.842802617141853
Ivan Strinic,33.37281828075058
Ivan Rakitic,0.0
Domagoj Vida,14.075155416548693
Dejan Lovren,0.0
Domagoj Vida,14.569317073905692
Ivan Rakitic,7.973158094506841
Andrej Kramaric,8.091971329657564
Luka Modric,11.439460214538096
Dejan Lovren,12.332882874656674
Ivan Rakitic,22.35732542143627
Ivan Strinic,0.0
Luka Modric,45.98642462727451
Ante Rebic,14.543727170158279
Ivan Rakitic,0.0
Domagoj Vida,0.0
Dejan Lovren,9.65012953280939
Sime Vrsaljko,0.0
Dejan Lovren,14.578237204820061
Sime Vrsaljko,14.311009747743169
Ivan Perisic,0.0
Dejan Lovren,0.0
Domagoj Vida,10.599056561788883
Luka Modric,14.965669046187008
Dejan Lovren,13.66569610374824
Ante Rebic,34.89197615498442
Domagoj Vida,15.37274373688705
Sime Vrsaljko,0.0
Ivan Rakitic,11.162940920743065
Andrej Kramaric,0.0
Domagoj Vida,15.144801088162236
Dejan Lovren,8.02129976998741
Sime Vrsaljko,14.944940615472524
Ante Rebic,25.05279425533207
Dejan Lovren,9.806184273202295
Ivan Rakitic,0.0
Domagoj Vida,23.51661646580987
Domagoj Vida,0.0
Dejan Lovren,6.476978462215232
Luka Modric,46.74120238076894
Ivan Perisic,0.0
Sime Vrsaljko,6.432728814430153
Ante Rebic,3.5115879598836783
Sime Vrsaljko,12.734598540982727
Ivan Strinic,0.0
Ivan Strinic,6.998660586140746
Luka Modric,82.1776125231197
Ivan Strinic,11.791628386274724
Sime Vrsaljko,0.0
Domagoj Vida,14.92330392372949
Ivan Perisic,0.0
Luka Modric,11.75265927354316
Ivan Rakitic,56.07423650840018
Sime Vrsaljko,0.0
Ivan Perisic,0.0
Ivan Strinic,95.11345856396977
Ante Rebic,0.0
Sime Vrsaljko,5.675495573075534
Ivan Rakitic,11.476116503416996
Ivan Strinic,0.0
Domagoj Vida,16.475436261295176
Luka Modric,0.0
Dejan Lovren,8.464115429269611
Sime Vrsaljko,0.0
Luka Modric,23.049539040943966
Domagoj Vida,3.2334192428449495
Ivan Rakitic,0.0
Dejan Lovren,0.0
Domagoj Vida,11.805295421970598
Ivan Strinic,23.36923725755721
Ante Rebic,10.897706180660226
Andrej Kramaric,39.980495244556444
Mario Mandzukic,34.15625857730907
Luka Modric,43.54962686407312
Ante Rebic,10.885311203635839
Dejan Lovren,10.194361186459899
Ivan Rakitic,0.0
Luka Modric,3.2256782232578627
Ivan Perisic,18.462698881799483
Domagoj Vida,5.831059080475861
Ivan Rakitic,7.868926229162401
Dejan Lovren,0.0
Ivan Rakitic,11.868076929309145
Dejan Lovren,13.676439595157797
Ivan Perisic,0.0
Dejan Lovren,13.163253777087181
Sime Vrsaljko,0.0
Ivan Perisic,0.0
Ivan Rakitic,5.1923019942988695
Luka Modric,0.0
Ivan Rakitic,17.581950972517244
Ivan Strinic,0.0
Domagoj Vida,7.115124735378854
Luka Modric,0.0
Luka Modric,25.315039996018175
Mario Mandzukic,0.0
Andrej Kramaric,0.0
Ivan Perisic,22.764116499438323
Andrej Kramaric,27.65682555898272
Ivan Strinic,0.0
Ivan Rakitic,6.707551714299339
Ivan Perisic,0.0
Ivan Rakitic,0.0
Dejan Lovren,7.387235612866289
Sime Vrsaljko,0.0
Dejan Lovren,0.0
Sime Vrsaljko,0.0
Andrej Kramaric,8.354789045810792
Sime Vrsaljko,0.0
Ivan Perisic,0.0
Domagoj Vida,9.090723293555905
Ivan Rakitic,7.558108228915493
Luka Modric,0.0
Dejan Lovren,0.0
Luka Modric,49.734608171775115
Ante Rebic,0.0
Ivan Strinic,0.0
Ivan Rakitic,62.68173577685927
Ante Rebic,4.710095540432277
Mario Mandzukic,0.0
Dejan Lovren,11.18531403224782
Ivan Rakitic,10.637727670889118
Domagoj Vida,12.47798060585125
Ante Rebic,0.0
Ivan Rakitic,9.192456146210326
Luka Modric,0.0
Ivan Rakitic,25.775594076567863
Sime Vrsaljko,0.0
Dejan Lovren,10.844583901653397
Ivan Rakitic,11.42803570172932
Sime Vrsaljko,0.0
Dejan Lovren,7.810249675906654
Ivan Rakitic,14.595375980083553
Luka Modric,0.0
Ivan Strinic,0.0
Ivan Rakitic,137.06381725313213
Ivan Perisic,31.292810675936447
Mario Mandzukic,27.28002932549742
Ivan Perisic,29.876830487854626
Mario Mandzukic,0.0
Luka Modric,0.0
Ivan Rakitic,0.0
Dejan Lovren,0.0
Domagoj Vida,6.343599136137151
Ivan Rakitic,0.0
Dejan Lovren,25.07770424101856
Sime Vrsaljko,12.990188605251275
Luka Modric,24.600812994695932
Sime Vrsaljko,0.0
Dejan Lovren,0.0
Ivan Rakitic,15.495846217615862
Luka Modric,0.0
Dejan Lovren,26.974246977441283
Ante Rebic,20.14571914824589
Dejan Lovren,0.0
Ivan Rakitic,4.4827446949385825
Ivan Rakitic,6.5924198895398005
Ivan Perisic,11.211210906944888
Sime Vrsaljko,10.660265006086854
Sime Vrsaljko,0.0
Luka Modric,0.0
Sime Vrsaljko,0.0
Dejan Lovren,0.0
Domagoj Vida,7.84546047087104
Ivan Rakitic,8.516528048447912
Ivan Perisic,0.0
Domagoj Vida,13.10877568653915
Dejan Lovren,0.0
Ivan Perisic,0.0
Marcelo Brozovic,3.635931792539569
Ivan Rakitic,0.0
Marcelo Brozovic,0.0
Dejan Lovren,59.988832294019524
Marcelo Brozovic,32.646133002240845
Ivan Strinic,0.0
Marcelo Brozovic,13.709212231196926
Ivan Strinic,4.089315346118473
Ivan Perisic,0.0
Marcelo Brozovic,0.0
Domagoj Vida,10.770329614269007
Ivan Rakitic,65.76077858419865
Mario Mandzukic,0.0
Ivan Perisic,0.0
Luka Modric,9.675290693307357
Sime Vrsaljko,34.733269353747836
Ante Rebic,0.0
Luka Modric,12.983451005029426
Ivan Strinic,0.0
Ivan Perisic,0.0
Sime Vrsaljko,34.80229877464994
Ante Rebic,14.714618581533136
Ante Rebic,0.0
Ivan Rakitic,8.809724740308292
Luka Modric,0.0
Marcelo Brozovic,0.0
Ivan Strinic,6.043177971895253
Marcelo Brozovic,7.53425510584822
Ivan Rakitic,15.73546948775282
Luka Modric,0.0
Sime Vrsaljko,9.213644772835561
Dejan Lovren,0.0
Ivan Rakitic,14.456183797946121
Dejan Lovren,34.90229218833629
Ante Rebic,28.863991407980993
Luka Modric,0.0
Dejan Lovren,0.0
Ivan Rakitic,8.130498139720595
Marcelo Brozovic,0.0
Domagoj Vida,12.369316876852986
Marcelo Brozovic,0.0
Domagoj Vida,0.0
Ivan Rakitic,21.452738752895865
Ante Rebic,14.790706541609161
Mario Mandzukic,0.0
Marcelo Brozovic,32.580131982544195
Marcelo Brozovic,7.526038134370569
Luka Modric,28.960511908459075
Ivan Perisic,28.85212297214887
Sime Vrsaljko,27.96211723028137
Ivan Rakitic,73.49911564093817
Ivan Perisic,19.349418595916518
Luka Modric,34.04717315725343
Marcelo Brozovic,0.0
Ivan Strinic,8.664871608973788
Ivan Perisic,0.0
Marcelo Brozovic,10.138293742045548
Ivan Strinic,0.0
Marcelo Brozovic,0.0
Mario Mandzukic,35.72338169882579
Ivan Rakitic,26.806715576511806
Luka Modric,39.011793088757116
Ivan Rakitic,52.327836760179565
Ivan Rakitic,0.0
Dejan Lovren,39.31553446158401
Luka Modric,0.0
Sime Vrsaljko,5.972541335143691
Ivan Rakitic,0.0
Ivan Strinic,11.616421566041762
Mario Mandzukic,0.0
Marcelo Brozovic,0.0
Ivan Strinic,22.06354459283457
Ivan Perisic,6.700746227100381
Ivan Rakitic,0.0
Ivan Perisic,11.063509840913959
Marcelo Brozovic,33.6667677391222
Luka Modric,110.8353734148083
Ivan Rakitic,4.020572098594933
Mario Mandzukic,14.816544806398008
Luka Modric,14.01748907615055
Ivan Rakitic,0.0
Mateo Kovacic,26.701310829245795
Ivan Rakitic,15.976897383409577
Marcelo Brozovic,38.627855881474964
Ivan Perisic,0.0
Mario Mandzukic,0.0
Ivan Strinic,0.0
Ivan Rakitic,50.37580024178276
Sime Vrsaljko,0.0
Dejan Lovren,6.606057825965499
Marcelo Brozovic,0.0
Sime Vrsaljko,0.0
Dejan Lovren,0.0
Marcelo Brozovic,16.06801947969942
Ivan Perisic,0.0
Marcelo Brozovic,0.0
Dejan Lovren,0.0
Dejan Lovren,8.149846624323677
Luka Modric,0.0
Ivan Rakitic,0.0
Ivan Strinic,24.981418094255574
Luka Modric,14.23815297010114
Marcelo Brozovic,0.0
Luka Modric,9.775479527879954
Marcelo Brozovic,0.0
Luka Modric,28.427891233786593
Dejan Lovren,0.0
Ivan Strinic,3.490164752558252
Marcelo Brozovic,0.0
Ivan Strinic,29.600084459338962
Marcelo Brozovic,6.075462945323587
Marcelo Brozovic,0.0
Dejan Lovren,21.595630345048974
Marcelo Brozovic,9.91772403326489
Luka Modric,0.0
Ivan Strinic,8.77268487978453
Luka Modric,11.464346906823788
Ivan Perisic,12.28581499128161
Luka Modric,22.379510718512122
Ivan Perisic,0.0
Luka Modric,0.0
Domagoj Vida,0.0
Luka Modric,15.825454179896386
Sime Vrsaljko,19.92799538337965
Marko Pjaca,17.93878479719292
Ivan Strinic,0.0
Luka Modric,25.22300537208048
Mateo Kovacic,17.42641672863358
Luka Modric,19.612241075410065
Ivan Rakitic,26.847718711279736
Ivan Perisic,53.20686045990684
Ivan Strinic,0.0
Ivan Perisic,14.25631439047273
Ivan Strinic,0.0
Marcelo Brozovic,0.0
Domagoj Vida,0.0
Sime Vrsaljko,4.420548608487414
Ivan Rakitic,0.0
Dejan Lovren,43.74644271252235
Marko Pjaca,0.0
