,Player,Score
3,Douglas Costa de Souza,23.510107609754897
13,Neymar da Silva Santos Júnior,18.77635996810705
14,Philippe Coutinho,15.891255529796785
1,Carlos Henrique José Francisco Venâncio,14.728614229442286
11,Marcelo Vieira Da Silva Junior,14.281612275723697
16,Roberto Firmino Barbosa de Oliveira,14.062383497797478
8,Gabriel Fernando de Jesus,13.937934825751709
0,Carlos Henrique Jose Francisco Venancio,13.191304336226793
6,Filipe Luis Kasmirski,12.68928707091314
18,Willian Borges Da Silva,12.343620356165438
15,Renato Soares de Oliveira Augusto,12.212533850454601
17,Thiago Emiliano da Silva,12.162336604213909
12,Marcos Aoas Correa,11.794331529609975
5,Fernando Luiz Rosa,11.53081554409459
10,João Miranda De Souza Filho,10.83446295732633
7,Filipe Luís Kasmirski,10.784153815259877
4,Fagner Conserva Lemos,8.44203590886497
9,José Paulo Bezerra Maciel Júnior,8.193769063820747
2,Danilo Luiz da Silva,7.427873950848381
