Player,Score
Becky Sauerbrunn,8.33486652562595
Lauren Holiday,16.709316263689548
Carli Lloyd,21.78121323526309
Alex Morgan,4.6157339611377095
Ali Krieger,25.509434529208995
Ali Krieger,18.392423711952702
Becky Sauerbrunn,19.65149485408172
Tobin Heath,19.17970933043564
Megan Rapinoe,13.396314791762691
Meghan Klingenberg,5.664141594275351
Megan Rapinoe,33.517905662496275
Morgan Brian,38.24983660095819
Ali Krieger,61.00172128718992
Megan Rapinoe,62.116744924376064
Carli Lloyd,0.0
Lauren Holiday,21.840329667841555
Lauren Holiday,32.753625753494845
Hope Solo,42.09003741979805
Carli Lloyd,21.192569452522736
Alex Morgan,0.0
Ali Krieger,7.373686323678273
Lauren Holiday,0.0
Julie Ertz,21.10462034721307
Megan Rapinoe,0.0
Meghan Klingenberg,9.144397191723463
Morgan Brian,34.43348660824227
Tobin Heath,5.907622195096764
Ali Krieger,0.0
Lauren Holiday,0.0
Ali Krieger,7.663223864666868
Ali Krieger,13.31108560561459
Lauren Holiday,0.0
Hope Solo,35.14884421997401
Meghan Klingenberg,153.20655991177398
Carli Lloyd,27.8028775489157
Morgan Brian,8.451035439518638
Lauren Holiday,0.0
Meghan Klingenberg,10.978217068358594
Meghan Klingenberg,0.0
Becky Sauerbrunn,0.0
Meghan Klingenberg,0.0
Becky Sauerbrunn,22.801343162191124
Hope Solo,12.50244975994705
Meghan Klingenberg,8.386596449096618
Megan Rapinoe,8.711773642605733
Lauren Holiday,0.0
Julie Ertz,17.45741246576938
Carli Lloyd,9.104943712072028
Tobin Heath,14.596275209792386
Lauren Holiday,0.0
Tobin Heath,10.824278266933087
Morgan Brian,0.0
Becky Sauerbrunn,9.474241394433646
Morgan Brian,30.33350045741506
Lauren Holiday,30.79482505227136
Ali Krieger,15.657625937542383
Morgan Brian,6.887760884351315
Tobin Heath,10.887665038932823
Tobin Heath,0.0
Carli Lloyd,4.304793839430639
Tobin Heath,0.0
Ali Krieger,7.840918313565063
Morgan Brian,0.0
Meghan Klingenberg,0.0
Lauren Holiday,0.0
Ali Krieger,19.726631744927975
Meghan Klingenberg,54.4837590479952
Megan Rapinoe,30.02669645498817
Meghan Klingenberg,43.77761985307104
Meghan Klingenberg,20.3001231523358
Megan Rapinoe,0.0
Meghan Klingenberg,0.0
Becky Sauerbrunn,15.646565118261579
Lauren Holiday,0.0
Meghan Klingenberg,7.311720043874765
Lauren Holiday,7.78395786216755
Morgan Brian,11.894168739344504
Tobin Heath,5.150242712727238
Carli Lloyd,97.1790615307639
Alex Morgan,49.143463451409296
Megan Rapinoe,61.1013093149402
Meghan Klingenberg,31.82396895423323
Megan Rapinoe,13.700364958642536
Megan Rapinoe,28.43255176729658
Alex Morgan,0.0
Meghan Klingenberg,0.0
Lauren Holiday,7.58188630882843
Morgan Brian,6.450678258912005
Ali Krieger,16.456305782282975
Carli Lloyd,0.0
Megan Rapinoe,0.0
Morgan Brian,0.0
Meghan Klingenberg,22.370628064495644
Alex Morgan,0.0
Carli Lloyd,0.0
Meghan Klingenberg,18.632364315888623
Morgan Brian,0.0
Megan Rapinoe,0.0
Carli Lloyd,61.445300878098074
Julie Ertz,22.900245631870416
Carli Lloyd,0.0
Tobin Heath,0.0
Lauren Holiday,45.27373686807838
Meghan Klingenberg,36.00173606925088
Lauren Holiday,3.688495628301598
Tobin Heath,0.0
Ali Krieger,7.604028537558233
Lauren Holiday,11.193301568348815
Morgan Brian,7.549172140042907
Carli Lloyd,0.0
Ali Krieger,22.874002710500843
Carli Lloyd,3.8470768123342705
Becky Sauerbrunn,39.108454968203496
Meghan Klingenberg,90.47922413460451
Julie Ertz,10.166673497265466
Morgan Brian,19.32695656330815
Meghan Klingenberg,18.556703640463734
Hope Solo,22.138089348451008
Ali Krieger,16.548149443366775
Lauren Holiday,0.0
Morgan Brian,22.522100257302824
Tobin Heath,3.3615472627943217
Lauren Holiday,0.0
Morgan Brian,7.510326224605692
Meghan Klingenberg,0.0
Morgan Brian,68.09001395212074
Carli Lloyd,29.068883707497267
Becky Sauerbrunn,8.765842800324448
Megan Rapinoe,10.925715079572594
Megan Rapinoe,0.0
Carli Lloyd,35.03671288805499
Julie Ertz,11.361557991754475
Ali Krieger,17.60770427966122
Lauren Holiday,15.728159460025829
Megan Rapinoe,6.615228643062914
Morgan Brian,10.233767634649519
Meghan Klingenberg,28.713846833888354
Carli Lloyd,21.902111770329363
Alex Morgan,40.81188552370498
Hope Solo,57.088746701955195
Carli Lloyd,22.264321233758736
Alex Morgan,13.746272221951665
Lauren Holiday,47.11613311807325
Tobin Heath,0.0
Ali Krieger,30.72344381738475
Morgan Brian,30.471133881101316
Tobin Heath,53.033197150464176
Megan Rapinoe,29.288222889072685
Tobin Heath,12.072385845391134
Megan Rapinoe,33.00802932621091
Lauren Holiday,0.0
Ali Krieger,6.419112088131817
Lauren Holiday,7.0810486511533
Julie Ertz,33.313829710797286
Morgan Brian,15.896383236447212
Morgan Brian,14.734695449855764
Megan Rapinoe,18.70858760035081
Alex Morgan,0.0
Megan Rapinoe,3.9976555629518664
Lauren Holiday,22.371885258064417
Ali Krieger,0.0
Alex Morgan,1.5301143748099308
Megan Rapinoe,0.0
Morgan Brian,0.0
Lauren Holiday,8.664294547163088
Ali Krieger,14.466901879808272
Carli Lloyd,0.0
Ali Krieger,15.73121896103413
Tobin Heath,0.0
Ali Krieger,31.24099870362661
Megan Rapinoe,58.011809142621985
Alex Morgan,0.0
Meghan Klingenberg,43.79235093027094
Meghan Klingenberg,43.842673276158685
Morgan Brian,6.767569726275454
Lauren Holiday,15.588176609212514
Carli Lloyd,13.90903483351739
Alex Morgan,0.0
Carli Lloyd,38.228556080500866
Morgan Brian,17.262169620299744
Ali Krieger,0.0
Ali Krieger,25.773726932673128
Tobin Heath,0.0
Ali Krieger,0.0
Morgan Brian,21.79449471770337
Tobin Heath,49.092667476925705
Morgan Brian,33.38626214478048
Carli Lloyd,39.212242986087944
Megan Rapinoe,60.44245196879425
Alex Morgan,1.549596721731172
Carli Lloyd,14.707991025289617
Tobin Heath,0.0
Morgan Brian,9.633275663033825
Megan Rapinoe,9.567131231461174
Morgan Brian,20.85401639972503
Meghan Klingenberg,0.0
Lauren Holiday,7.278822020079899
Meghan Klingenberg,51.84344220824849
Alex Morgan,6.7771675499429795
Meghan Klingenberg,0.0
Alex Morgan,47.72095975564615
Lauren Holiday,51.97114584074513
Morgan Brian,18.14717608885747
Becky Sauerbrunn,9.413022893842339
Lauren Holiday,19.01450104525491
Carli Lloyd,31.498571396176047
Lauren Holiday,32.00390601161052
Morgan Brian,38.143020331379105
Meghan Klingenberg,15.186219081785959
Morgan Brian,0.0
Hope Solo,44.0287548086475
Lauren Holiday,36.54531433713493
Ali Krieger,40.26027819079247
Tobin Heath,29.533032353620584
Morgan Brian,0.0
Becky Sauerbrunn,25.18494093699646
Morgan Brian,36.01999444752871
Meghan Klingenberg,84.4334057112468
Ali Krieger,21.938550544646283
Becky Sauerbrunn,16.321764610482532
Lauren Holiday,0.0
Kelley O'Hara,28.49570143021575
Meghan Klingenberg,2.3730254950168583
Morgan Brian,0.0
Meghan Klingenberg,38.89832901295376
Alex Morgan,18.895766721676058
Meghan Klingenberg,23.829813259864203
Kelley O'Hara,0.0
Meghan Klingenberg,0.0
Lauren Holiday,0.0
Julie Ertz,38.011642953179496
Lauren Holiday,72.84620786286682
Carli Lloyd,38.862321083537985
Lauren Holiday,0.0
Ali Krieger,9.142825055747268
Tobin Heath,0.0
Ali Krieger,27.035185407168935
Tobin Heath,0.0
Hope Solo,36.65487689244093
Kelley O'Hara,58.14825878734461
Hope Solo,62.079344390868044
Carli Lloyd,21.080381875098933
Tobin Heath,0.0
Ali Krieger,27.925615481131327
Morgan Brian,53.952664438375976
Meghan Klingenberg,0.0
Meghan Klingenberg,12.30731489805961
Tobin Heath,7.276073803913757
Morgan Brian,9.363292690074354
Alex Morgan,7.289118602410038
Kelley O'Hara,0.0
Morgan Brian,0.0
Becky Sauerbrunn,8.86397202161649
Meghan Klingenberg,0.0
Morgan Brian,0.0
Julie Ertz,0.0
Hope Solo,54.10675789584884
Ali Krieger,19.905903646908367
Lauren Holiday,9.012283284495668
Carli Lloyd,4.756574397610112
Abby Wambach,0.0
Abby Wambach,0.0
Lauren Holiday,0.0
Carli Lloyd,25.80176835025073
Alex Morgan,16.83448840921518
Hope Solo,37.39425089502396
Carli Lloyd,26.768661714773867
Abby Wambach,0.0
Morgan Brian,0.0
Hope Solo,197.5072910046614
Julie Ertz,0.0
Hope Solo,193.21141270639268
Carli Lloyd,19.218740853656367
Abby Wambach,15.947727110782894
Becky Sauerbrunn,63.50307079189163
Ali Krieger,31.039490975207702
Ali Krieger,0.0
Christie Pearce,5.361086643582627
Ali Krieger,0.0
Meghan Klingenberg,21.354741862171974
Abby Wambach,0.0
Abby Wambach,0.0
Morgan Brian,19.629060089571272
Carli Lloyd,7.482061881593868
Ali Krieger,0.0
Carli Lloyd,14.732277488562305
Morgan Brian,61.11123055543881
Lauren Holiday,0.0
Kelley O'Hara,18.514892654293195
Hope Solo,246.81266174975707
Christie Pearce,16.921288367024538
Ali Krieger,14.676213748784122
Morgan Brian,15.552009516457987
Alex Morgan,0.0
Tobin Heath,0.0
Julie Ertz,15.100165562006268
Becky Sauerbrunn,13.038836221074336
Lauren Holiday,0.0
Becky Sauerbrunn,19.81262223937054
Lauren Holiday,14.897692774386238
Tobin Heath,9.52004464275247
Ali Krieger,8.657078028988765
Hope Solo,17.106760359577144
Julie Ertz,0.0
Becky Sauerbrunn,0.0
Lauren Holiday,0.0
Morgan Brian,21.913808432127905
Carli Lloyd,20.12026341775873
Alex Morgan,16.477408776867808
Hope Solo,42.981871178439874
Lauren Holiday,8.946018667541448
Lauren Holiday,9.28661671439066
Carli Lloyd,15.597796318711183
Lauren Holiday,20.81838130114827
Meghan Klingenberg,0.0
Megan Rapinoe,45.67187318251792
Lauren Holiday,30.221184622711252
Hope Solo,19.010819287973888
Becky Sauerbrunn,12.753038853543888
Julie Ertz,12.026844972809783
Morgan Brian,0.0
Becky Sauerbrunn,33.88753458131766
Alex Morgan,29.748445337529795
Carli Lloyd,41.329045476516875
Hope Solo,16.176873925452963
Becky Sauerbrunn,0.0
Julie Ertz,0.0
Becky Sauerbrunn,15.731179231068474
Morgan Brian,10.378342834961659
Megan Rapinoe,0.0
Lauren Holiday,8.988395296158263
Tobin Heath,3.911521443121591
Lauren Holiday,0.0
Becky Sauerbrunn,11.737173850633724
Meghan Klingenberg,10.145996747486173
Morgan Brian,0.0
Alex Morgan,0.0
Hope Solo,6.932532004974806
Julie Ertz,0.0
Becky Sauerbrunn,12.081442380775565
Julie Ertz,12.455972463039569
Lauren Holiday,0.0
Becky Sauerbrunn,16.41557949022818
Julie Ertz,127.3076588426635
Carli Lloyd,29.722886804615726
Tobin Heath,89.9003893206253
Megan Rapinoe,0.0
Meghan Klingenberg,38.19113116942204
Lauren Holiday,8.881441324469819
Carli Lloyd,0.0
Morgan Brian,15.275511448066153
Megan Rapinoe,0.0
Megan Rapinoe,0.0
Morgan Brian,0.0
Becky Sauerbrunn,7.909804043084761
Morgan Brian,15.632658123300724
Meghan Klingenberg,24.62970767183403
Meghan Klingenberg,20.705615180428705
Megan Rapinoe,0.0
Megan Rapinoe,25.269942619642002
Meghan Klingenberg,0.0
Becky Sauerbrunn,0.0
Ali Krieger,6.087692502089771
Lauren Holiday,0.0
Morgan Brian,31.238597919881094
Tobin Heath,35.00185709358861
Tobin Heath,26.400757564888174
Lauren Holiday,7.068238818828896
Becky Sauerbrunn,8.489994110716449
Morgan Brian,11.907560623402258
Megan Rapinoe,0.0
Carli Lloyd,0.0
Julie Ertz,18.000694431049045
Carli Lloyd,9.739160641451605
Ali Krieger,4.373213921133973
Carli Lloyd,70.20377482728404
Becky Sauerbrunn,0.0
Meghan Klingenberg,34.727384727330104
Alex Morgan,0.0
Megan Rapinoe,17.134796468006265
Carli Lloyd,0.0
Morgan Brian,22.225210910135363
Ali Krieger,12.872111326429705
Lauren Holiday,8.474963126763441
Tobin Heath,8.989507772953978
Morgan Brian,17.304623659588785
Ali Krieger,0.0
Julie Ertz,12.059487965912979
Becky Sauerbrunn,28.547679415322044
Megan Rapinoe,41.97761308126039
Alex Morgan,79.31632870979341
Megan Rapinoe,0.0
Megan Rapinoe,6.364059239196315
Lauren Holiday,0.0
Julie Ertz,6.63861807908845
Morgan Brian,20.111719220394853
Meghan Klingenberg,6.210575657698729
Alex Morgan,0.0
Lauren Holiday,58.91018587646795
Morgan Brian,54.41406068287868
Becky Sauerbrunn,113.04229297037459
Alex Morgan,9.268832181024743
Morgan Brian,10.692286939658883
Julie Ertz,0.0
Ali Krieger,14.512063946937388
Morgan Brian,5.720249120449214
Tobin Heath,47.42051243923878
Lauren Holiday,0.0
Ali Krieger,56.06248745819258
Alex Morgan,6.621178142898744
Morgan Brian,49.58709509539751
Ali Krieger,46.320621757485064
Julie Ertz,22.67708094089711
Alex Morgan,7.200694410957858
Lauren Holiday,48.762690655869285
Becky Sauerbrunn,16.829772725738163
Hope Solo,14.478950238190611
Julie Ertz,0.0
Becky Sauerbrunn,13.752136197696705
Julie Ertz,8.892693630166283
Tobin Heath,26.396306559820065
Hope Solo,22.144186596034636
Julie Ertz,8.773254812211942
Meghan Klingenberg,4.613566949768908
Morgan Brian,21.202947908250874
Megan Rapinoe,0.0
Lauren Holiday,39.47013111201938
Ali Krieger,0.0
Julie Ertz,17.930455933968883
Lauren Holiday,0.0
Becky Sauerbrunn,0.0
Julie Ertz,14.83121707750244
Morgan Brian,26.307888550775022
Megan Rapinoe,0.0
Megan Rapinoe,0.0
Alex Morgan,25.524889813670075
Becky Sauerbrunn,46.94977369487524
Julie Ertz,8.528848105107746
Ali Krieger,10.657450445580313
Morgan Brian,45.53637282436976
Carli Lloyd,4.023835235195395
Tobin Heath,0.0
Becky Sauerbrunn,11.990204335206302
Meghan Klingenberg,0.0
Tobin Heath,10.89311709291697
Megan Rapinoe,28.0
Tobin Heath,1.0494045930907667
Megan Rapinoe,0.0
Morgan Brian,0.0
Lauren Holiday,0.0
Julie Ertz,30.292160702069438
Megan Rapinoe,19.71423977737919
Megan Rapinoe,25.41830049393547
Megan Rapinoe,73.5967390581947
Morgan Brian,43.06007431484533
Ali Krieger,17.784860134395213
Julie Ertz,12.902906649278682
Megan Rapinoe,18.184643246431868
Morgan Brian,44.33825943809702
Ali Krieger,11.590135892214557
Morgan Brian,0.0
Ali Krieger,0.0
Julie Ertz,14.843517103436099
Hope Solo,21.50235452223779
Julie Ertz,9.178303220094659
Becky Sauerbrunn,0.0
Julie Ertz,18.27402528180368
Lauren Holiday,0.0
Julie Ertz,12.183800720629009
Ali Krieger,5.168292754865962
Morgan Brian,24.261105704398553
Alex Morgan,0.0
Carli Lloyd,0.0
Lauren Holiday,9.179392681435958
Morgan Brian,12.700393694685214
Ali Krieger,8.968347116386614
Julie Ertz,38.63859793004917
Ali Krieger,19.461757371830526
Julie Ertz,10.50482032211879
Ali Krieger,6.83529443403867
Morgan Brian,0.0
Becky Sauerbrunn,14.793283949143953
Lauren Holiday,5.543013620766241
Lauren Holiday,0.0
Julie Ertz,19.364013013835745
Meghan Klingenberg,10.076271631908302
Morgan Brian,24.19938015735112
Megan Rapinoe,0.0
Morgan Brian,35.03612421487284
Alex Morgan,13.49703671181194
Lauren Holiday,25.502646921447177
Ali Krieger,14.339150951154684
Becky Sauerbrunn,13.500416660236825
Meghan Klingenberg,112.52488613635653
Ali Krieger,0.0
Meghan Klingenberg,20.529978080845588
Carli Lloyd,28.61472523020274
Meghan Klingenberg,13.865244318078208
Hope Solo,44.00012784072337
Ali Krieger,13.826243162913048
Kelley O'Hara,18.065574997768547
Alex Morgan,3.1976553910638943
Kelley O'Hara,0.0
Morgan Brian,8.859528768506818
Hope Solo,40.92421349274778
Carli Lloyd,0.0
Meghan Klingenberg,9.85291834940288
Abby Wambach,0.0
Carli Lloyd,6.436225602012405
Morgan Brian,0.0
Lauren Holiday,0.0
Julie Ertz,13.674474395749185
Ali Krieger,12.701181047445944
Julie Ertz,0.0
Morgan Brian,7.911068195888593
Hope Solo,250.1185518908983
Carli Lloyd,19.512335841718183
Abby Wambach,0.0
Julie Ertz,12.84581643960399
Carli Lloyd,6.1033802109978375
Abby Wambach,0.0
Meghan Klingenberg,4.501110973970756
Carli Lloyd,0.0
Meghan Klingenberg,0.0
Carli Lloyd,8.335541374140009
Lauren Holiday,41.82309469659078
Abby Wambach,0.0
Meghan Klingenberg,51.28001560062167
Carli Lloyd,15.259095648169982
Kelley O'Hara,0.0
Ali Krieger,11.65423742679031
Abby Wambach,0.0
Kelley O'Hara,11.838918869558988
Abby Wambach,0.0
Alex Morgan,18.979528445143213
Kelley O'Hara,0.0
Alex Morgan,5.407402333838285
Ali Krieger,14.579480443417728
Abby Wambach,0.0
Carli Lloyd,10.576625170629809
Becky Sauerbrunn,10.107917688624102
Abby Wambach,5.087361791734495
Morgan Brian,0.0
Carli Lloyd,2.2630178965266734
Alex Morgan,14.345905339155141
Tobin Heath,0.0
Meghan Klingenberg,10.967451846258552
Morgan Brian,0.0
Carli Lloyd,12.96090274633677
Ali Krieger,18.775815561514225
Kelley O'Hara,0.0
Ali Krieger,8.208836701993771
Morgan Brian,23.098593030745402
Alex Morgan,6.125459166462545
Carli Lloyd,97.16892507381151
Alex Morgan,87.72599386726831
Amy Rodriguez,0.0
Meghan Klingenberg,0.0
Hope Solo,14.682004290967905
Julie Ertz,12.166347027764745
Ali Krieger,7.49808308836332
Carli Lloyd,27.023785819163084
Kelley O'Hara,0.0
Ali Krieger,19.1049731745428
Kelley O'Hara,0.0
Ali Krieger,30.833139639031266
Ali Krieger,6.944872209047481
Alex Morgan,0.0
Ali Krieger,0.0
Becky Sauerbrunn,0.0
Ali Krieger,0.0
Julie Ertz,0.0
Becky Sauerbrunn,12.29491764917521
Meghan Klingenberg,7.647957243604338
Becky Sauerbrunn,0.0
Julie Ertz,13.962091533864113
Ali Krieger,83.77690612573375
Kelley O'Hara,0.0
Ali Krieger,0.0
Tobin Heath,0.0
Becky Sauerbrunn,14.598972566588374
Alex Morgan,0.0
Meghan Klingenberg,16.738279481475985
Tobin Heath,0.0
Meghan Klingenberg,0.0
Becky Sauerbrunn,0.0
Julie Ertz,12.587891006836687
Ali Krieger,0.0
Morgan Brian,0.0
Julie Ertz,8.403645042480077
Morgan Brian,0.0
Ali Krieger,111.16276354967073
Amy Rodriguez,33.370795615328085
Kelley O'Hara,41.875171641439266
Ali Krieger,31.225790622496646
Ali Krieger,16.902662512160617
Amy Rodriguez,18.089776118017603
Hope Solo,14.730580436629099
Julie Ertz,0.0
Hope Solo,37.708901469016574
Carli Lloyd,16.879906694054913
Julie Ertz,0.0
Meghan Klingenberg,0.0
Carli Lloyd,13.696030446811957
Morgan Brian,6.18465843842649
Meghan Klingenberg,13.2872589347841
Morgan Brian,0.0
Ali Krieger,8.967162315916893
Morgan Brian,0.0
Ali Krieger,0.0
Julie Ertz,0.0
Becky Sauerbrunn,16.852336633238735
Tobin Heath,9.28069232331295
Morgan Brian,49.69547263081419
Amy Rodriguez,44.8830703049602
Becky Sauerbrunn,17.633065530417568
Meghan Klingenberg,18.259928805994836
Tobin Heath,0.0
Tobin Heath,0.0
Carli Lloyd,0.0
Ali Krieger,30.05328601001895
Hope Solo,42.17268073053929
Ali Krieger,9.426624528430098
Kelley O'Hara,27.898655881601172
Ali Krieger,8.457836602819897
Morgan Brian,10.787261005463805
Kelley O'Hara,10.633496602717285
Morgan Brian,12.614277624977177
Kelley O'Hara,0.0
Ali Krieger,20.421343001869392
Ali Krieger,7.137313920516595
Morgan Brian,0.0
Alex Morgan,0.0
Morgan Brian,33.20391543176798
Tobin Heath,18.714766896758317
Meghan Klingenberg,55.12748860595773
Carli Lloyd,11.560276813294731
Ali Krieger,9.951947045679049
Meghan Klingenberg,10.81208814244501
Morgan Brian,12.36451576083755
Meghan Klingenberg,61.73954364910708
Tobin Heath,55.82436743931812
Carli Lloyd,24.394902131388026
Alex Morgan,0.0
Ali Krieger,11.700427342623003
Morgan Brian,0.0
Ali Krieger,15.600000000000001
Morgan Brian,12.812884140582858
Ali Krieger,43.25970989269346
Ali Krieger,16.233607116103286
Kelley O'Hara,0.0
Tobin Heath,57.03200855659918
Meghan Klingenberg,58.0992254681592
Ali Krieger,24.16986760410573
Ali Krieger,13.719511653116525
Kelley O'Hara,6.109418957642378
Carli Lloyd,46.003912877058625
Amy Rodriguez,37.834508058120704
Ali Krieger,0.0
Julie Ertz,97.8112979159361
Kelley O'Hara,24.816325271885077
Amy Rodriguez,52.25868348896667
Kelley O'Hara,29.167104758614602
Ali Krieger,0.0
Julie Ertz,0.0
Becky Sauerbrunn,11.420650156624182
Meghan Klingenberg,0.0
Julie Ertz,36.98568980024572
Ali Krieger,70.12624330448622
Amy Rodriguez,56.581622458179844
Becky Sauerbrunn,0.0
Julie Ertz,12.442266674525186
Becky Sauerbrunn,0.0
Julie Ertz,10.43671404226445
Ali Krieger,29.138290958805396
Kelley O'Hara,8.782084035125147
Ali Krieger,41.231056256176636
Alex Morgan,39.71750243910107
Tobin Heath,75.53992321944735
Julie Ertz,181.21114755996663
Kelley O'Hara,0.0
Morgan Brian,45.3224282226802
Ali Krieger,18.36600119786558
Kelley O'Hara,15.10732438256358
Amy Rodriguez,22.28744040934265
Amy Rodriguez,0.0
Meghan Klingenberg,38.19960732782472
Alex Morgan,0.0
Becky Sauerbrunn,0.0
Julie Ertz,21.957259619542697
Kelley O'Hara,6.107781921450701
Meghan Klingenberg,9.1104335791443
Becky Sauerbrunn,27.76697678898443
Alex Morgan,20.140506448448583
Meghan Klingenberg,26.182532345057837
Julie Ertz,60.490329805680524
Ali Krieger,15.66173681301022
Kelley O'Hara,18.22148457179049
Amy Rodriguez,49.91683082888977
Morgan Brian,80.50397505713619
Meghan Klingenberg,12.857876963169309
Julie Ertz,39.27340066762745
Kelley O'Hara,14.439615645854275
Ali Krieger,0.0
Julie Ertz,9.314504817756013
Becky Sauerbrunn,32.27940519898098
Ali Krieger,46.128624518838635
Carli Lloyd,13.318032887780385
Tobin Heath,52.82736033534139
Becky Sauerbrunn,9.62814883557582
Morgan Brian,12.46615417841445
Amy Rodriguez,14.533065746772083
Carli Lloyd,25.293675098727768
Morgan Brian,56.21183149480185
Becky Sauerbrunn,14.207744367069672
Meghan Klingenberg,9.907572861200668
Ali Krieger,46.838552496848145
Morgan Brian,7.247844507162121
Carli Lloyd,15.554099138169324
Tobin Heath,35.83517824708006
Meghan Klingenberg,0.0
Becky Sauerbrunn,15.85626847653634
Julie Ertz,28.71167010119753
Kelley O'Hara,65.96612767170738
Julie Ertz,8.034379254180125
Carli Lloyd,15.028140270838573
Tobin Heath,34.3534568857342
Carli Lloyd,0.0
Morgan Brian,30.085295411546152
Ali Krieger,0.0
Julie Ertz,0.0
Becky Sauerbrunn,8.3439349230444
Tobin Heath,4.176122603564221
Meghan Klingenberg,95.97666383032906
Carli Lloyd,16.53390456002451
Meghan Klingenberg,16.487912238970704
Tobin Heath,15.243359209832986
Becky Sauerbrunn,0.0
Becky Sauerbrunn,8.875316895750823
Morgan Brian,0.0
Ali Krieger,40.593718725931
Kelley O'Hara,38.59028375122422
Carli Lloyd,0.0
Morgan Brian,0.0
Becky Sauerbrunn,8.682165628459297
Meghan Klingenberg,11.463856244737196
Morgan Brian,0.0
Meghan Klingenberg,0.0
Julie Ertz,16.735628162695296
Kelley O'Hara,56.612377180259784
Carli Lloyd,11.7885537705013
Tobin Heath,22.579692203393716
Amy Rodriguez,0.0
Morgan Brian,24.04602357979382
Carli Lloyd,7.528612089887484
Morgan Brian,0.0
Ali Krieger,17.577293591449173
Ali Krieger,24.075402385006992
Meghan Klingenberg,0.0
Julie Ertz,137.4717789220755
Ali Krieger,0.0
Morgan Brian,0.0
Kelley O'Hara,46.17358552246076
Amy Rodriguez,29.200171232374636
Carli Lloyd,13.013838787997953
Meghan Klingenberg,0.0
Becky Sauerbrunn,0.0
Meghan Klingenberg,20.535365835553065
Tobin Heath,54.20057656519901
Meghan Klingenberg,0.0
Morgan Brian,20.974508337503423
Meghan Klingenberg,12.306146838064302
Carli Lloyd,44.3589900696578
Amy Rodriguez,22.246797522340145
Morgan Brian,57.51043383595709
Kelley O'Hara,0.0
Morgan Brian,46.403044081180724
Ali Krieger,0.0
Hope Solo,44.54722213561694
Meghan Klingenberg,95.89207475073212
Alex Morgan,39.59040287746515
Meghan Klingenberg,0.0
Becky Sauerbrunn,12.318279100588684
Morgan Brian,0.0
Julie Ertz,11.236769998536055
Ali Krieger,0.0
Morgan Brian,0.0
Ali Krieger,0.0
Carli Lloyd,10.611373615135788
Tobin Heath,34.797772917242845
Carli Lloyd,0.0
Tobin Heath,20.70655089579141
Carli Lloyd,16.352713842050807
Alex Morgan,8.535294371022012
Morgan Brian,0.0
Carli Lloyd,19.4751444153824
Julie Ertz,77.22700304945154
Ali Krieger,18.194504664870642
Amy Rodriguez,0.0
Carli Lloyd,0.0
Meghan Klingenberg,0.0
Becky Sauerbrunn,13.956360557108004
Julie Ertz,15.05394466576784
Ali Krieger,11.27918436767482
Morgan Brian,18.121292724306393
Christen Press,0.0
Ali Krieger,32.04810836851373
Alex Morgan,49.9149777121056
Hope Solo,43.6002293571949
Tobin Heath,11.977531047757715
Christen Press,0.0
Ali Krieger,0.0
Morgan Brian,8.809086218218097
Meghan Klingenberg,41.614931214649374
Amy Rodriguez,0.0
Meghan Klingenberg,31.398248358785885
Becky Sauerbrunn,8.602325267042627
Becky Sauerbrunn,0.0
Carli Lloyd,0.0
Julie Ertz,0.0
Morgan Brian,28.638173824460242
Alex Morgan,11.215669841788312
Hope Solo,30.92385810341265
Christen Press,33.75440711966366
Amy Rodriguez,36.6705603993176
Tobin Heath,15.414603465545294
Morgan Brian,4.680277769534628
Meghan Klingenberg,40.78641011415445
Meghan Klingenberg,9.988493379884654
Carli Lloyd,9.616652224137049
Christen Press,32.93281038721113
Morgan Brian,15.148597294799282
Christen Press,34.937801877050006
Tobin Heath,36.294489939934415
Alex Morgan,18.170580618131062
Morgan Brian,30.969824022748334
Christen Press,0.0
Ali Krieger,11.279239779346822
Julie Ertz,15.901415031373778
Meghan Klingenberg,45.382375433641634
Morgan Brian,0.0
Carli Lloyd,65.525033384196
Christen Press,41.387920943193095
Ali Krieger,0.0
Morgan Brian,0.0
Julie Ertz,29.47984480963222
Christen Press,10.695910433432022
Ali Krieger,0.0
Morgan Brian,0.0
Christen Press,0.0
Julie Ertz,0.0
Morgan Brian,63.42373372799809
Amy Rodriguez,68.59511644424842
Alex Morgan,9.422446603722422
Amy Rodriguez,0.0
Meghan Klingenberg,50.065182512400774
Alex Morgan,0.0
Amy Rodriguez,0.0
Meghan Klingenberg,21.07252357929634
Tobin Heath,0.0
Tobin Heath,22.62940564840358
Meghan Klingenberg,42.71674144875752
Hope Solo,60.47827089128789
Carli Lloyd,41.046437117002036
Ali Krieger,18.817046792735578
Ali Krieger,49.84816947491655
Christen Press,0.0
Morgan Brian,0.0
Julie Ertz,0.0
Becky Sauerbrunn,0.0
Hope Solo,43.78253076285107
Carli Lloyd,44.93116958192831
Amy Rodriguez,0.0
Morgan Brian,7.903480246068818
Carli Lloyd,0.0
Ali Krieger,0.0
Julie Ertz,0.0
Meghan Klingenberg,50.38772171868857
Heather O'Reilly,40.440079129497285
Tobin Heath,52.240980082689845
Tobin Heath,62.81401117585154
Ali Krieger,14.283556979968253
Ali Krieger,17.34156855650607
Christen Press,43.59919724031625
Carli Lloyd,51.370030173244004
Meghan Klingenberg,31.53222557955591
Tobin Heath,0.0
Meghan Klingenberg,0.0
Becky Sauerbrunn,12.434428012578627
Christen Press,3.3839695625108694
Heather O'Reilly,0.0
Becky Sauerbrunn,12.206555615733702
Morgan Brian,21.59817700640496
Meghan Klingenberg,33.00047348145174
Tobin Heath,0.0
Meghan Klingenberg,0.0
Morgan Brian,0.0
Becky Sauerbrunn,0.0
Julie Ertz,18.000138888353057
Tobin Heath,6.89492567037528
Ali Krieger,12.696899227764234
Hope Solo,30.061936065396715
Carli Lloyd,0.0
Ali Krieger,8.891569040388763
Carli Lloyd,13.563968814473148
Abby Wambach,8.845408413408615
Carli Lloyd,19.463074012087596
Morgan Brian,1.7392527130926014
Heather O'Reilly,0.0
Ali Krieger,12.86642918606402
Morgan Brian,11.649892703368561
Heather O'Reilly,0.0
Morgan Brian,0.0
Becky Sauerbrunn,9.386759291683154
Julie Ertz,12.587891006836687
Meghan Klingenberg,7.540639893271657
Lauren Holiday,14.29772709209405
Megan Rapinoe,0.0
Lauren Holiday,0.0
Meghan Klingenberg,0.0
Julie Ertz,34.5809918886084
Megan Rapinoe,48.65891490775352
Megan Rapinoe,0.0
Meghan Klingenberg,17.536390734697946
Megan Rapinoe,41.617304093369626
Lauren Holiday,13.792751719653332
Alex Morgan,25.712253887981117
Tobin Heath,32.48153321504391
Julie Ertz,32.50246144525058
Carli Lloyd,0.0
Meghan Klingenberg,14.535516846675943
Megan Rapinoe,11.005453193758083
Julie Ertz,0.0
Meghan Klingenberg,0.0
Becky Sauerbrunn,0.0
Julie Ertz,16.187340732807225
Hope Solo,16.68236344167097
Meghan Klingenberg,16.79553512097784
Meghan Klingenberg,0.0
Becky Sauerbrunn,11.032678731840239
Lauren Holiday,0.0
Julie Ertz,10.322850865918772
Ali Krieger,0.0
Lauren Holiday,10.325272393501303
Ali Krieger,18.95257238477141
Carli Lloyd,28.27030243913213
Carli Lloyd,15.362657647685827
Abby Wambach,47.282977909602934
Julie Ertz,35.51077301327021
Alex Morgan,52.630029450875305
Meghan Klingenberg,61.0201606028696
Ali Krieger,0.0
Lauren Holiday,11.96766476803223
Meghan Klingenberg,0.0
Becky Sauerbrunn,12.392134602238631
Ali Krieger,6.588721423766526
Lauren Holiday,58.229288163260236
Abby Wambach,40.18556954927974
Tobin Heath,0.0
Ali Krieger,9.139201278011111
Lauren Holiday,0.0
Julie Ertz,5.589387265166009
Carli Lloyd,11.241941558289657
Megan Rapinoe,38.884572776359505
Tobin Heath,0.0
Lauren Holiday,41.77835863219138
Tobin Heath,35.957752988750535
Abby Wambach,20.020239758804088
Carli Lloyd,17.94672672104861
Megan Rapinoe,0.0
Becky Sauerbrunn,14.003258549352006
Megan Rapinoe,0.0
Lauren Holiday,11.237493047828773
Carli Lloyd,17.284819929637685
Abby Wambach,19.47562579225633
Ali Krieger,22.534972820041304
Megan Rapinoe,59.76562557189543
Ali Krieger,0.0
Julie Ertz,11.921619017566368
Ali Krieger,0.0
Lauren Holiday,7.318811378905733
Carli Lloyd,15.574056953793383
Lauren Holiday,8.629310517069138
Tobin Heath,0.0
Lauren Holiday,0.0
Ali Krieger,0.0
Julie Ertz,8.150536792138295
Becky Sauerbrunn,10.140019723846695
Meghan Klingenberg,0.0
Becky Sauerbrunn,14.831217077502439
Meghan Klingenberg,0.0
Megan Rapinoe,8.518802732778811
Meghan Klingenberg,0.0
Lauren Holiday,16.368872899500438
Carli Lloyd,3.9999999999999982
Tobin Heath,10.968192649657462
Carli Lloyd,18.966417690222894
Megan Rapinoe,11.871446836843436
Julie Ertz,3.6292216796442713
Carli Lloyd,13.990175123993263
Abby Wambach,0.0
Carli Lloyd,13.561756892084448
Abby Wambach,17.08391055935379
Tobin Heath,0.0
Ali Krieger,0.0
Meghan Klingenberg,0.0
Lauren Holiday,8.032745483332585
Alex Morgan,0.0
Tobin Heath,0.0
Lauren Holiday,7.8575600538589585
Becky Sauerbrunn,13.285330255586418
Tobin Heath,42.26014671058299
Lauren Holiday,48.389358334245365
Lauren Holiday,48.6
Ali Krieger,0.0
Lauren Holiday,0.0
Julie Ertz,0.0
Hope Solo,7.50074996250375
Julie Ertz,13.043820375948142
Tobin Heath,28.338666164800348
Ali Krieger,21.20757529752046
Megan Rapinoe,0.0
Meghan Klingenberg,0.0
Becky Sauerbrunn,0.0
Julie Ertz,14.291999510215497
Carli Lloyd,46.42532983189243
Lauren Holiday,8.682165628459297
Abby Wambach,0.0
Tobin Heath,30.98644865098288
Lauren Holiday,0.0
Tobin Heath,50.80354318352213
Carli Lloyd,17.123813827532686
Abby Wambach,13.562448156582949
Meghan Klingenberg,8.14156004706715
Megan Rapinoe,0.0
Meghan Klingenberg,37.38584290878032
Megan Rapinoe,3.3942966870914524
Lauren Holiday,7.57000660501693
Alex Morgan,0.0
Becky Sauerbrunn,13.638365004647735
Lauren Holiday,47.809674753129215
Tobin Heath,33.531030404686355
Ali Krieger,70.77202837279714
Meghan Klingenberg,0.0
Ali Krieger,0.0
Julie Ertz,27.25472436110848
Ali Krieger,0.0
Julie Ertz,0.0
Hope Solo,226.08502825264662
Hope Solo,54.502935700749184
Julie Ertz,0.0
Hope Solo,17.440756864310675
Becky Sauerbrunn,31.041262860908216
Meghan Klingenberg,0.0
Megan Rapinoe,0.0
Abby Wambach,0.0
Lauren Holiday,6.122499489587559
Ali Krieger,16.187070457621413
Ali Krieger,0.0
Julie Ertz,8.369065061283731
Meghan Klingenberg,3.953637565584382
Carli Lloyd,57.34675230560141
Becky Sauerbrunn,0.0
Meghan Klingenberg,15.435672968808328
Megan Rapinoe,11.87960437051672
Alex Morgan,0.0
Megan Rapinoe,0.0
Alex Morgan,0.0
Julie Ertz,0.0
Becky Sauerbrunn,129.3736062726861
Lauren Holiday,10.615142486090331
Alex Morgan,3.9446165846631978
Lauren Holiday,0.0
Lauren Holiday,22.030915777606705
Megan Rapinoe,139.37072863410017
Lauren Holiday,4.075690125610631
Tobin Heath,0.0
Meghan Klingenberg,0.0
Lauren Holiday,5.8240879114244075
Hope Solo,15.116547224812946
Julie Ertz,116.03555489590251
Abby Wambach,61.8553150505274
Alex Morgan,0.0
Lauren Holiday,10.017110361775975
Tobin Heath,0.0
Ali Krieger,0.0
Lauren Holiday,48.416113020357166
Alex Morgan,0.0
Lauren Holiday,57.04533285028673
Ali Krieger,47.31775565260886
Abby Wambach,28.137519435799604
Alex Morgan,0.0
Lauren Holiday,33.380233672040106
Carli Lloyd,44.81350242951338
Tobin Heath,16.705837303170405
Megan Rapinoe,50.1760899233888
Megan Rapinoe,74.88290859735616
Megan Rapinoe,0.0
Ali Krieger,0.0
Julie Ertz,6.761009540002144
Ali Krieger,31.68232945981089
Megan Rapinoe,0.0
Ali Krieger,24.60731598529185
Hope Solo,14.190181464660697
Lauren Holiday,10.355916183515586
Julie Ertz,25.307212410694305
Meghan Klingenberg,11.061871451070115
Ali Krieger,7.086254299698818
Hope Solo,38.264882725548766
Becky Sauerbrunn,11.332254850646452
Meghan Klingenberg,0.0
Lauren Holiday,0.0
Julie Ertz,5.212604915011302
Ali Krieger,0.0
Becky Sauerbrunn,7.2374892055187185
Julie Ertz,18.51030118609635
Lauren Holiday,33.430898881124925
Meghan Klingenberg,28.832100166307693
Carli Lloyd,8.495954919842738
Lauren Holiday,13.716595787585199
Megan Rapinoe,67.18340568920277
Lauren Holiday,10.394229168149025
Meghan Klingenberg,68.04123749609496
Meghan Klingenberg,0.0
Becky Sauerbrunn,12.106248386680326
Julie Ertz,12.6673300264894
Lauren Holiday,15.857529757184759
Meghan Klingenberg,0.0
Becky Sauerbrunn,8.092048566339674
Carli Lloyd,8.335466393669883
Julie Ertz,2.102379604162864
Carli Lloyd,18.22800043888522
Tobin Heath,0.0
Julie Ertz,0.0
Becky Sauerbrunn,10.87341942536937
Julie Ertz,0.0
Becky Sauerbrunn,12.647578819679278
Meghan Klingenberg,0.0
Becky Sauerbrunn,0.0
Meghan Klingenberg,0.0
Becky Sauerbrunn,11.42108795167956
Julie Ertz,9.496907391356416
Morgan Brian,8.626775179636944
Lauren Holiday,6.648308055437863
Becky Sauerbrunn,13.52479205015737
Carli Lloyd,0.0
Megan Rapinoe,8.836288813749807
Morgan Brian,2.7166155414412243
Meghan Klingenberg,0.0
Meghan Klingenberg,10.690416268789539
Becky Sauerbrunn,25.132871901157657
Alex Morgan,0.0
Carli Lloyd,17.494713487222366
Alex Morgan,0.0
Megan Rapinoe,26.04767264075622
Alex Morgan,0.0
Lauren Holiday,0.0
Tobin Heath,0.0
Ali Krieger,0.0
Carli Lloyd,8.012802256389453
Morgan Brian,0.0
Julie Ertz,15.507135454364224
Ali Krieger,14.711262692236854
Tobin Heath,18.517289218457435
Morgan Brian,18.048822676285532
Tobin Heath,7.65767588763066
Morgan Brian,0.0
Hope Solo,45.62906146306321
Christen Press,9.474241394433646
Lauren Holiday,0.0
Morgan Brian,126.93384103539921
Alex Morgan,16.648123017325393
Meghan Klingenberg,14.564425838322645
Christen Press,5.826019224135822
Meghan Klingenberg,0.0
Meghan Klingenberg,27.818900948815354
Meghan Klingenberg,8.234758648557955
Carli Lloyd,0.0
Meghan Klingenberg,2.069118169655856
Hope Solo,44.03004655913959
Morgan Brian,24.273648263085633
Alex Morgan,0.0
Christen Press,28.021621116559267
Lauren Holiday,60.74545250469373
Hope Solo,14.772102084672989
Meghan Klingenberg,0.0
Julie Ertz,12.619627569781924
Carli Lloyd,26.3784950290952
Lori Chalupny,28.74510827949688
Morgan Brian,0.0
Meghan Klingenberg,1.685600783103758
Lauren Holiday,0.0
Meghan Klingenberg,0.0
Julie Ertz,0.0
Becky Sauerbrunn,12.476177299156983
Becky Sauerbrunn,17.604296350607147
Meghan Klingenberg,0.0
Julie Ertz,24.005311912158106
Becky Sauerbrunn,17.808986495586993
Christen Press,0.0
Lauren Holiday,20.229310418301456
Alex Morgan,0.0
Christen Press,18.740630992578662
Morgan Brian,34.10604785078447
Meghan Klingenberg,15.589259122870468
Lauren Holiday,0.0
Carli Lloyd,10.20784012413988
Becky Sauerbrunn,95.36120804603935
Meghan Klingenberg,18.12187904164464
Tobin Heath,37.10000000000001
Carli Lloyd,60.88021024930843
Lori Chalupny,21.44667806444625
Meghan Klingenberg,0.0
Julie Ertz,36.486178890094806
Meghan Klingenberg,0.0
Julie Ertz,0.0
Lori Chalupny,9.165219582748687
Morgan Brian,21.73755391022642
Christen Press,11.977948488785549
Lauren Holiday,26.73798795721174
Morgan Brian,33.09682764254
Morgan Brian,7.559844575121897
Tobin Heath,0.0
Morgan Brian,0.0
Meghan Klingenberg,17.591226506415058
Lauren Holiday,0.0
Tobin Heath,8.719016572985748
Hope Solo,29.161875797005926
Meghan Klingenberg,0.0
Meghan Klingenberg,8.748428430295352
Meghan Klingenberg,0.0
Morgan Brian,8.772684879784517
Lauren Holiday,13.71828159792618
Megan Rapinoe,2.1050534435020847
Abby Wambach,0.0
Carli Lloyd,0.0
Ali Krieger,157.45424732283342
Lauren Holiday,27.29947343814528
Abby Wambach,8.365479663474177
Megan Rapinoe,84.28641646196617
Carli Lloyd,31.184932259025352
Alex Morgan,3.3750925913224896
Abby Wambach,0.0
Tobin Heath,0.0
Ali Krieger,0.0
Lauren Holiday,0.0
Becky Sauerbrunn,0.0
Julie Ertz,30.2180616519326
Hope Solo,13.638548309845882
Becky Sauerbrunn,6.408587988004844
Becky Sauerbrunn,13.927715175146277
Meghan Klingenberg,0.0
Lauren Holiday,0.0
Becky Sauerbrunn,0.0
Julie Ertz,10.084641788382967
Carli Lloyd,0.0
Julie Ertz,9.825540697590133
Becky Sauerbrunn,8.031189202104501
Carli Lloyd,6.519202405202645
Lauren Holiday,0.0
Becky Sauerbrunn,0.0
Hope Solo,16.799441955017436
Becky Sauerbrunn,5.6710889606847115
Lauren Holiday,0.0
Megan Rapinoe,0.0
Julie Ertz,125.20898530057659
Ali Krieger,13.418084811179275
Lauren Holiday,0.0
Becky Sauerbrunn,0.0
Julie Ertz,10.124228365658297
Ali Krieger,32.85361471740972
Abby Wambach,0.0
Lauren Holiday,34.084380587007885
Meghan Klingenberg,85.99029014952792
Hope Solo,28.91541543882778
Becky Sauerbrunn,0.0
Julie Ertz,84.70540124454874
Tobin Heath,0.0
Lauren Holiday,0.0
Megan Rapinoe,0.0
Lauren Holiday,8.20121942152507
Carli Lloyd,8.245074287112276
Hope Solo,17.90977386791916
Ali Krieger,0.0
Julie Ertz,11.490920328676898
Becky Sauerbrunn,16.888494604315685
Meghan Klingenberg,27.609871423097935
Tobin Heath,0.0
Meghan Klingenberg,0.0
Carli Lloyd,15.022025495917651
Julie Ertz,9.749871794028879
Carli Lloyd,19.38095069907563
Julie Ertz,18.81289451413578
Abby Wambach,23.76215478444667
Abby Wambach,14.880860190190617
Megan Rapinoe,9.354210282006697
Hope Solo,22.746895392558518
Meghan Klingenberg,0.0
Becky Sauerbrunn,9.257496961922264
Lauren Holiday,0.0
Julie Ertz,19.13021170818557
Ali Krieger,46.994574154895815
Alex Morgan,100.23896447988673
Ali Krieger,27.459242524148397
Alex Morgan,19.025246384738352
Meghan Klingenberg,0.0
Becky Sauerbrunn,0.0
Julie Ertz,12.159409936341484
Alex Morgan,0.0
Meghan Klingenberg,0.0
Carli Lloyd,0.0
Tobin Heath,13.444143706461933
Carli Lloyd,0.0
Lauren Holiday,6.464131805586892
Megan Rapinoe,64.29564526466781
Carli Lloyd,82.9168257954922
Alex Morgan,41.50614412349093
Meghan Klingenberg,0.0
Hope Solo,15.987964223127346
Ali Krieger,0.0
Carli Lloyd,23.59872877932199
Meghan Klingenberg,6.746851117373199
Tobin Heath,0.0
Becky Sauerbrunn,12.145781160551183
Lauren Holiday,13.96352391053204
Ali Krieger,0.0
Julie Ertz,0.0
Becky Sauerbrunn,15.741029191256843
Megan Rapinoe,0.0
Julie Ertz,12.691384873212224
Lauren Holiday,0.0
Julie Ertz,17.743484719749947
Carli Lloyd,14.475194299214087
Tobin Heath,0.0
Alex Morgan,0.0
Carli Lloyd,0.0
Julie Ertz,11.377225057104212
Carli Lloyd,0.0
Becky Sauerbrunn,8.588364221433551
Carli Lloyd,20.357799488156864
Ali Krieger,20.81612956339387
Megan Rapinoe,0.0
Carli Lloyd,0.0
Becky Sauerbrunn,0.0
Julie Ertz,10.77543502602099
Lauren Holiday,10.312371211317018
Ali Krieger,0.0
Julie Ertz,94.91153776016908
Abby Wambach,9.243916918709303
Tobin Heath,4.448595283907045
Carli Lloyd,0.0
Lauren Holiday,9.628668132197724
Julie Ertz,17.425017933993644
Carli Lloyd,18.822327167489142
Abby Wambach,0.0
Carli Lloyd,26.82461556108496
Tobin Heath,13.205349294888036
Hope Solo,29.91389727200386
Lauren Holiday,74.7294536979898
Tobin Heath,0.0
Julie Ertz,6.89501631615183
Lauren Holiday,7.061161377563895
Carli Lloyd,0.0
Lauren Holiday,0.0
Meghan Klingenberg,0.0
Julie Ertz,14.305768067461457
Ali Krieger,0.0
Julie Ertz,9.886923181657677
Lauren Holiday,0.0
Carli Lloyd,0.0
Becky Sauerbrunn,16.996911484149116
Meghan Klingenberg,42.30308794875382
Meghan Klingenberg,80.67366360839205
Alex Morgan,82.56318792294783
Ali Krieger,0.0
Carli Lloyd,0.0
Lauren Holiday,13.677764802773874
Becky Sauerbrunn,0.0
Julie Ertz,12.85087545655937
Ali Krieger,28.101445692348292
Lauren Holiday,0.0
Ali Krieger,0.0
Julie Ertz,26.898536205526124
Tobin Heath,0.0
Julie Ertz,19.574600889928764
Ali Krieger,0.0
Ali Krieger,14.709903126805427
Carli Lloyd,0.0
Julie Ertz,18.467945202431153
Becky Sauerbrunn,0.0
Hope Solo,20.414455662593603
Julie Ertz,9.852410872471777
Ali Krieger,0.0
Julie Ertz,15.808897811042993
Lauren Holiday,17.499285699707865
Abby Wambach,0.0
Meghan Klingenberg,31.039007716098137
Ali Krieger,0.0
Lauren Holiday,0.0
Julie Ertz,34.86230055518425
Meghan Klingenberg,0.0
Carli Lloyd,9.675290693307364
Meghan Klingenberg,35.54883964351018
Hope Solo,11.04920811642174
Meghan Klingenberg,21.391703999448012
Tobin Heath,0.0
Lauren Holiday,11.816302298096465
Carli Lloyd,7.17852700768061
Megan Rapinoe,0.0
Carli Lloyd,0.0
Julie Ertz,5.126402247190518
Lauren Holiday,0.0
Becky Sauerbrunn,9.630160954002791
Lauren Holiday,24.152122059976428
Ali Krieger,42.5836823208139
Abby Wambach,13.792751719653323
Hope Solo,15.239463573236428
Julie Ertz,11.463474604150345
Becky Sauerbrunn,6.210575657698729
Lauren Holiday,10.626617523934886
Ali Krieger,0.0
Julie Ertz,0.0
Lauren Holiday,184.48525686352284
Megan Rapinoe,0.0
Lauren Holiday,0.0
Lauren Holiday,34.86330449053847
Abby Wambach,14.649232061783968
Lauren Holiday,71.5011188723645
Ali Krieger,11.421525729953945
Megan Rapinoe,6.6986006001253715
Lauren Holiday,13.406714735534578
Megan Rapinoe,11.515261612312592
Becky Sauerbrunn,133.26619976573207
Becky Sauerbrunn,11.26609959125162
Ali Krieger,18.500270268296077
Megan Rapinoe,2.450510150968572
Lauren Holiday,96.64450320633864
Lauren Holiday,0.0
Megan Rapinoe,0.0
Meghan Klingenberg,7.892480598645773
Ali Krieger,13.386933928274988
Carli Lloyd,14.820425095117882
Alex Morgan,13.718600511714012
Megan Rapinoe,19.34644670217247
Ali Krieger,41.09482935844848
Megan Rapinoe,62.2706993697678
Becky Sauerbrunn,0.0
Hope Solo,16.735926923836637
Ali Krieger,10.874051682790551
Julie Ertz,18.232971507683548
Meghan Klingenberg,21.920566826612855
Tobin Heath,0.0
Becky Sauerbrunn,0.0
Megan Rapinoe,0.0
Megan Rapinoe,62.949583001001685
Meghan Klingenberg,7.181312554122677
Lauren Holiday,11.261494128222951
Tobin Heath,0.0
Meghan Klingenberg,169.3914106441056
Abby Wambach,52.000096153757255
Abby Wambach,52.86548968845369
Lauren Holiday,13.81918955655507
Megan Rapinoe,10.621205204683688
Lauren Holiday,61.22221818915094
Lauren Holiday,10.859615554889595
Tobin Heath,17.960233851484244
Megan Rapinoe,129.22418504289357
Meghan Klingenberg,8.089808403170004
Tobin Heath,0.0
Meghan Klingenberg,9.657186443265964
Meghan Klingenberg,0.0
Meghan Klingenberg,48.139900290715225
Meghan Klingenberg,0.0
Becky Sauerbrunn,11.268762132550322
Meghan Klingenberg,0.0
Becky Sauerbrunn,42.802803646490254
Tobin Heath,42.60752574369931
Alex Morgan,33.306455830664405
Abby Wambach,38.018942647054246
Tobin Heath,43.38893868257212
Abby Wambach,0.0
Meghan Klingenberg,22.70291831461321
Abby Wambach,0.0
Carli Lloyd,9.069454228342517
Carli Lloyd,44.890547445982435
Julie Ertz,30.71695378777004
Hope Solo,50.127749301160534
Alex Morgan,16.555663683464907
Abby Wambach,7.521303078589528
Tobin Heath,37.400000000000006
Hope Solo,30.214090256037824
Julie Ertz,0.0
Lauren Holiday,0.0
Becky Sauerbrunn,19.904898894493286
Tobin Heath,27.08883533856707
Meghan Klingenberg,25.678006153126447
Abby Wambach,21.75591873490984
Lauren Holiday,54.795985254396136
Megan Rapinoe,28.2786580303946
Megan Rapinoe,35.64691431246189
Lauren Holiday,0.0
Ali Krieger,52.60152089055981
Becky Sauerbrunn,0.0
Meghan Klingenberg,27.31375569195859
Tobin Heath,7.703327203228483
Carli Lloyd,0.0
Alex Morgan,18.08953426708382
Abby Wambach,0.0
Alex Morgan,18.741431375431283
Carli Lloyd,0.0
Ali Krieger,7.30624732677453
Lauren Holiday,4.688416577054565
Carli Lloyd,0.0
Lauren Holiday,0.0
Julie Ertz,7.934182377535823
Becky Sauerbrunn,0.0
Julie Ertz,10.124228365658292
Becky Sauerbrunn,7.209108821484109
Meghan Klingenberg,0.0
Becky Sauerbrunn,0.0
Julie Ertz,6.3
Lauren Holiday,52.59505680194671
Ali Krieger,61.20163396511567
Tobin Heath,53.28602068085025
Megan Rapinoe,0.0
Ali Krieger,14.420124826089408
Abby Wambach,0.0
Megan Rapinoe,0.0
Carli Lloyd,0.0
Ali Krieger,0.0
Julie Ertz,0.0
Hope Solo,11.828408599638415
Becky Sauerbrunn,10.94857296637329
Lauren Holiday,8.28862171895907
Tobin Heath,0.0
Lauren Holiday,23.10541062175697
Ali Krieger,16.55479537777499
Megan Rapinoe,6.2666777482171465
Meghan Klingenberg,42.25720352791936
Ali Krieger,144.7638421706194
Tobin Heath,0.0
Hope Solo,22.211145850675962
Julie Ertz,30.25857316530308
Abby Wambach,0.0
Megan Rapinoe,2.9751050401624477
Abby Wambach,9.679876032264053
Hope Solo,157.27787511280792
Sydney Leroux,36.244171945293495
Julie Ertz,15.424047782602333
Lauren Holiday,0.0
Meghan Klingenberg,0.0
Becky Sauerbrunn,7.246464655264661
Meghan Klingenberg,12.400050403123368
Hope Solo,29.73922073626005
Ali Krieger,8.475331851909992
Carli Lloyd,15.507135454364224
Lauren Holiday,5.263197697217921
Hope Solo,52.067756337295734
Meghan Klingenberg,24.492039523077693
Lauren Holiday,10.714709515427845
Tobin Heath,0.0
Abby Wambach,0.0
Lauren Holiday,4.648117898676843
Abby Wambach,0.0
Carli Lloyd,0.0
nan,0.0
Becky Sauerbrunn,16.07828504536476
Meghan Klingenberg,0.0
Meghan Klingenberg,0.0
Becky Sauerbrunn,37.138793733776545
Hope Solo,27.577187129944924
Ali Krieger,0.0
Julie Ertz,0.0
Becky Sauerbrunn,13.37198564163154
Meghan Klingenberg,0.0
Lauren Holiday,0.0
Julie Ertz,18.69438418349211
Ali Krieger,16.087883639559305
Meghan Klingenberg,12.529614918264642
Lauren Holiday,0.0
Christie Pearce,29.137111215767433
Abby Wambach,17.117279281474612
Sydney Leroux,0.0
Ali Krieger,20.842864486437556
Abby Wambach,0.0
Carli Lloyd,0.0
nan,0.0
Julie Ertz,12.073576520650372
Carli Lloyd,0.0
Julie Ertz,0.0
Becky Sauerbrunn,17.1029602700819
Christie Pearce,8.573505700703768
nan,0.0
Julie Ertz,68.78982482896727
Sydney Leroux,82.89420968921777
Meghan Klingenberg,50.85508824100102
Abby Wambach,66.85057965343307
Hope Solo,48.84536825534229
Lauren Holiday,0.0
Christie Pearce,6.086973796559338
Meghan Klingenberg,29.21423026540319
Abby Wambach,6.107781921450701
Carli Lloyd,0.0
Ali Krieger,10.878936069303839
nan,5.487371866385582
Lauren Holiday,18.532673849177833
Christie Pearce,16.086718123967962
Meghan Klingenberg,0.0
Christie Pearce,42.483408526152886
Meghan Klingenberg,84.56595059478722
Lauren Holiday,59.22035123165008
Becky Sauerbrunn,11.337548235840053
Meghan Klingenberg,0.0
Lauren Holiday,6.836757272274626
nan,15.494515158597252
Ali Krieger,0.0
Julie Ertz,0.0
Becky Sauerbrunn,7.715001620220182
Julie Ertz,0.0
Becky Sauerbrunn,11.118228276123855
Meghan Klingenberg,16.937827487608924
Sydney Leroux,0.0
Meghan Klingenberg,0.0
Julie Ertz,0.0
Hope Solo,39.15189969848207
Abby Wambach,0.0
Becky Sauerbrunn,8.371977066380438
Christie Pearce,7.629629741999282
Lauren Holiday,9.84504951739706
nan,0.0
Lauren Holiday,17.257788096972334
Hope Solo,45.51155073165493
Carli Lloyd,0.0
Ali Krieger,0.0
Sydney Leroux,23.600211863455826
Carli Lloyd,0.0
nan,15.749285698088023
Ali Krieger,26.683328128252665
Abby Wambach,38.55385843206876
Ali Krieger,0.0
Lauren Holiday,10.669641512253355
nan,0.0
Becky Sauerbrunn,8.202514858261459
Christie Pearce,0.0
Becky Sauerbrunn,11.228980363327741
Ali Krieger,25.33813825047136
Sydney Leroux,0.0
Ali Krieger,0.0
Lauren Holiday,0.0
Julie Ertz,11.237493047828773
Lauren Holiday,7.216734025859623
Ali Krieger,0.0
Becky Sauerbrunn,0.0
Hope Solo,39.010959998441464
Hope Solo,41.309684094652674
Ali Krieger,27.615235830968395
Ali Krieger,38.45390097246312
Ali Krieger,0.0
Lauren Holiday,36.136546597592854
Becky Sauerbrunn,29.31381926668716
Ali Krieger,22.42300715782787
Ali Krieger,0.0
Morgan Brian,0.0
Carli Lloyd,0.0
Lauren Holiday,9.385161160044081
Ali Krieger,60.71878827842333
Ali Krieger,31.135831448670196
Carli Lloyd,15.256515001795139
Meghan Klingenberg,11.570652531296583
Carli Lloyd,2.784106678990588
Lauren Holiday,21.103198809659165
Morgan Brian,38.460369212996376
Carli Lloyd,30.016662039607265
Meghan Klingenberg,14.39253278613601
Sydney Leroux,0.0
Ali Krieger,13.155037058100595
Becky Sauerbrunn,17.393712944624557
Sydney Leroux,2.807356407725955
Hope Solo,42.615974117694414
Megan Rapinoe,0.0
Ali Krieger,59.42558371610663
Christen Press,29.6986531681152
Morgan Brian,0.0
Ali Krieger,64.42305487944515
Meghan Klingenberg,7.391971996700203
Lauren Holiday,0.0
Meghan Klingenberg,16.225635580771556
Carli Lloyd,14.629422408283926
Ali Krieger,14.569874742083401
Morgan Brian,0.0
Ali Krieger,10.324243313676796
Morgan Brian,0.0
Ali Krieger,15.202631351183912
Christen Press,3.21888956008124
Meghan Klingenberg,7.619383177134487
Lauren Holiday,20.240553352119598
Ali Krieger,10.362009940161217
Carli Lloyd,15.668798613805713
Morgan Brian,0.0
Ali Krieger,0.0
Ali Krieger,28.020349747995656
Ali Krieger,12.55706972187381
Carli Lloyd,15.575782484356925
Megan Rapinoe,31.555744326508922
Becky Sauerbrunn,0.0
Julie Ertz,17.623599235116533
Megan Rapinoe,23.80084032129958
Ali Krieger,2.7113188672673667
Ali Krieger,68.08002643947783
Lauren Holiday,20.522183119736553
Meghan Klingenberg,10.534229919647679
Lauren Holiday,28.97589515442105
Meghan Klingenberg,0.0
Morgan Brian,0.0
Ali Krieger,56.035702904487586
Morgan Brian,39.04100408544842
Meghan Klingenberg,12.404485075971511
Megan Rapinoe,52.40238544188617
Christen Press,21.945614596087307
Ali Krieger,12.103356972344486
Julie Ertz,0.0
Becky Sauerbrunn,21.187053830110507
Hope Solo,41.895584492879436
Megan Rapinoe,24.017597715008886
Christen Press,0.0
Megan Rapinoe,0.0
Meghan Klingenberg,13.304181673443878
Megan Rapinoe,30.286630713897512
Megan Rapinoe,0.0
Carli Lloyd,0.0
Megan Rapinoe,0.0
Meghan Klingenberg,37.9984210198266
Lauren Holiday,31.33448579440869
Carli Lloyd,49.60816465058954
Hope Solo,23.678471234435722
Meghan Klingenberg,24.62925090212855
Ali Krieger,5.4324257933265905
Meghan Klingenberg,0.0
Becky Sauerbrunn,0.0
Julie Ertz,14.227438279606066
Ali Krieger,0.0
Carli Lloyd,95.55862075187144
Lauren Holiday,55.63056713714145
Megan Rapinoe,11.327841806805052
Christen Press,39.071344998604765
Megan Rapinoe,23.551433077415908
Meghan Klingenberg,0.0
Becky Sauerbrunn,14.615744934829697
Carli Lloyd,0.0
Lauren Holiday,23.09959415227895
Ali Krieger,97.32420048477151
Ali Krieger,16.96231116328199
Lauren Holiday,0.0
Julie Ertz,17.45222048909536
Meghan Klingenberg,30.62972412543084
Christen Press,39.84018072248167
Hope Solo,23.92415097762092
Meghan Klingenberg,0.0
Lauren Holiday,34.49653968153907
Megan Rapinoe,25.045758123881974
Christen Press,43.20011574058573
Becky Sauerbrunn,9.534739115466142
Megan Rapinoe,24.78832890696749
Ali Krieger,85.87549126497036
Ali Krieger,13.85789486177464
Morgan Brian,9.623993453863111
Carli Lloyd,0.0
Becky Sauerbrunn,34.3038080976442
Megan Rapinoe,8.983596161894186
Julie Ertz,16.425019025864174
Ali Krieger,12.971121771072847
Morgan Brian,54.13252257192529
Julie Ertz,15.62309988446595
Julie Ertz,108.80225181493259
Ali Krieger,18.1551645544732
Megan Rapinoe,23.742788378789896
Megan Rapinoe,51.71769523093621
Carli Lloyd,15.988276955319488
Christen Press,3.203903868720151
Sydney Leroux,0.0
Carli Lloyd,0.0
Julie Ertz,9.810772140866387
Becky Sauerbrunn,14.585309389930684
Megan Rapinoe,10.210350140910945
Meghan Klingenberg,20.517096529479993
Sydney Leroux,12.75
Megan Rapinoe,0.0
Julie Ertz,0.0
Becky Sauerbrunn,10.724038418431745
Meghan Klingenberg,0.0
Lauren Holiday,22.30339099778327
Ali Krieger,20.34210534826717
Morgan Brian,14.896476093358455
Sydney Leroux,21.821319850091555
Ali Krieger,8.674099376880575
Ali Krieger,0.0
Lauren Holiday,9.12585612422199
Ali Krieger,0.0
Lauren Holiday,0.0
Ali Krieger,0.0
Lauren Holiday,21.077238908357963
Carli Lloyd,23.963305281200242
Christen Press,13.333041663476502
Megan Rapinoe,47.30169130168602
Megan Rapinoe,70.75033568824956
Lauren Holiday,35.784354122996255
Julie Ertz,21.00380917833715
Lauren Holiday,0.0
Meghan Klingenberg,75.31327904161391
Lauren Holiday,29.979326209906723
Julie Ertz,12.588139258842032
Ali Krieger,5.578642307945545
Hope Solo,53.33966629066965
Megan Rapinoe,34.462171289690964
Megan Rapinoe,31.75909318604674
Julie Ertz,22.135040094836057
Megan Rapinoe,0.0
Lauren Holiday,11.580155439371271
Megan Rapinoe,28.15359657308458
Hope Solo,26.55844969119997
Meghan Klingenberg,9.751153777887
Lauren Holiday,0.0
Carli Lloyd,12.26055667577945
Ali Krieger,6.691879407162086
Carli Lloyd,18.94650363523571
Christen Press,33.55294323900662
Lauren Holiday,9.235799911215054
Ali Krieger,16.688319268278633
Hope Solo,33.59123769675657
Megan Rapinoe,57.44005571027937
Sydney Leroux,38.066389374354905
Morgan Brian,17.040613251875666
Ali Krieger,13.806610735441193
Christen Press,61.65484571386097
Meghan Klingenberg,21.003392583104276
Megan Rapinoe,38.648965057294895
Megan Rapinoe,44.15653971950248
Megan Rapinoe,22.74401020049015
Sydney Leroux,42.756987733001004
Carli Lloyd,44.13796551722793
Ali Krieger,16.144658559412154
Lauren Holiday,28.18102198288768
Ali Krieger,32.61671350703503
Ali Krieger,0.0
Becky Sauerbrunn,12.39561414372035
Meghan Klingenberg,2.9717419134238447
Hope Solo,15.167770106380173
Ali Krieger,15.776881821196477
Christen Press,6.351377803280167
Carli Lloyd,0.0
Becky Sauerbrunn,12.518436403960362
Meghan Klingenberg,11.289818421923362
Megan Rapinoe,0.0
Lauren Holiday,118.59987352438449
Meghan Klingenberg,7.345151462019007
Megan Rapinoe,17.202943062162362
Sydney Leroux,0.0
Megan Rapinoe,0.0
Carli Lloyd,0.0
Ali Krieger,0.0
Julie Ertz,19.29818644329047
Meghan Klingenberg,81.21206806872978
Ali Krieger,0.0
Julie Ertz,18.090881681112172
Christen Press,17.619449480616584
Lauren Holiday,18.39578756128696
Amy Rodriguez,0.0
Ali Krieger,5.249880951031175
Lauren Holiday,0.0
Ali Krieger,0.0
Lauren Holiday,14.466556259179308
Ali Krieger,11.166523630924713
Lauren Holiday,0.0
Amy Rodriguez,19.990278887499294
Meghan Klingenberg,20.447554866046925
Megan Rapinoe,61.44005208331125
Becky Sauerbrunn,8.584360779929973
Meghan Klingenberg,0.0
Lauren Holiday,19.783105165772138
Ali Krieger,0.0
Lauren Holiday,29.383158441529066
Julie Ertz,25.63766760062234
Amy Rodriguez,28.105515472945896
Lauren Holiday,38.124139334547586
Megan Rapinoe,0.0
Meghan Klingenberg,21.247117451550928
Becky Sauerbrunn,0.0
Hope Solo,39.26259352106022
Abby Wambach,6.366415789123422
Becky Sauerbrunn,9.648575024323536
Lauren Holiday,29.68164415931166
Megan Rapinoe,51.87909020019532
Amy Rodriguez,41.948659096567084
Carli Lloyd,20.137527157027
Megan Rapinoe,14.122499778721888
Amy Rodriguez,0.0
Meghan Klingenberg,21.772000367444424
Abby Wambach,0.0
Meghan Klingenberg,43.560102157823295
Lauren Holiday,0.0
Becky Sauerbrunn,17.335548736627867
Ali Krieger,11.54123043700281
Lauren Holiday,0.0
Meghan Klingenberg,29.02972614407515
Megan Rapinoe,49.78393315116836
Megan Rapinoe,55.30144663568938
Sydney Leroux,0.0
Lauren Holiday,0.0
Ali Krieger,7.43446366592776
Meghan Klingenberg,12.037908871560708
Megan Rapinoe,0.0
Lauren Holiday,6.5720050213005745
Carli Lloyd,8.758139071743496
Ali Krieger,20.245771163381253
Sydney Leroux,0.0
Carli Lloyd,27.672752844630413
Alex Morgan,0.0
Megan Rapinoe,10.920222067339107
Meghan Klingenberg,39.18143693128164
Alex Morgan,0.0
Meghan Klingenberg,21.185136298829924
Lauren Holiday,47.48557675757977
Ali Krieger,56.83458454145682
Lauren Holiday,32.44996147917591
Meghan Klingenberg,36.02235417070908
Becky Sauerbrunn,6.854195795277514
Lauren Holiday,0.0
Becky Sauerbrunn,12.739750782491782
Megan Rapinoe,35.022921066067575
Ali Krieger,46.650294747193186
Megan Rapinoe,6.794115100585207
Julie Ertz,11.844882861387868
Meghan Klingenberg,19.69568480657629
Ali Krieger,0.0
Carli Lloyd,6.276941930590084
Ali Krieger,0.0
Lauren Holiday,7.9511005527536875
Becky Sauerbrunn,30.020846923429737
Meghan Klingenberg,7.761765263134409
Lauren Holiday,10.07676783497566
Megan Rapinoe,19.85950653969026
Becky Sauerbrunn,4.3221811623299615
Ali Krieger,0.0
Julie Ertz,5.401851534427802
Lauren Holiday,0.0
Julie Ertz,12.930245550645974
Becky Sauerbrunn,10.133360745576958
Lauren Holiday,16.142529231814947
Amy Rodriguez,0.0
Lauren Holiday,11.907193204109864
Lauren Holiday,0.0
Carli Lloyd,19.325242559926632
Hope Solo,18.773784914076327
Ali Krieger,9.935353541771928
Lauren Holiday,36.18314524747676
Megan Rapinoe,18.52650128869452
Megan Rapinoe,70.01028495871161
Ali Krieger,12.317467272130257
Lauren Holiday,7.073277175397555
Amy Rodriguez,0.0
Lauren Holiday,0.0
Carli Lloyd,0.0
Meghan Klingenberg,8.538808464885474
Becky Sauerbrunn,8.905054744357281
Lauren Holiday,0.0
Julie Ertz,11.841452613594335
Carli Lloyd,5.3235326616824645
Ali Krieger,11.80169479354554
Lauren Holiday,5.0635955604688725
Carli Lloyd,16.16446720433433
Abby Wambach,32.4887672896341
Lauren Holiday,0.0
Becky Sauerbrunn,9.476286192385706
Ali Krieger,11.137829680866913
Becky Sauerbrunn,0.0
Meghan Klingenberg,51.47737367038067
Megan Rapinoe,0.0
Meghan Klingenberg,0.0
Lauren Holiday,101.41326343235386
Becky Sauerbrunn,43.545866623595856
Megan Rapinoe,38.75164512636851
Lauren Holiday,8.319254774317214
Julie Ertz,28.999482754007897
Hope Solo,42.14012339801581
Meghan Klingenberg,23.5410811136617
Sydney Leroux,0.0
Meghan Klingenberg,0.0
Christen Press,0.0
Lauren Holiday,0.0
Meghan Klingenberg,32.8042870673941
Sydney Leroux,0.0
Megan Rapinoe,17.072821969434344
Lauren Holiday,8.687419064371193
Julie Ertz,7.7807454655707655
Hope Solo,48.80005122948131
Christen Press,38.21521293935178
Abby Wambach,0.0
Megan Rapinoe,7.279079612148775
Lauren Holiday,47.651337861596325
Abby Wambach,23.621176939348324
Carli Lloyd,34.24748165924029
Hope Solo,185.21968037981276
Carli Lloyd,0.0
Christen Press,0.0
Ali Krieger,10.720132928280323
Lauren Holiday,0.0
Becky Sauerbrunn,20.05330396717708
Megan Rapinoe,17.71383639983163
Carli Lloyd,10.19908084093856
Carli Lloyd,0.0
Lauren Holiday,11.44071676076285
Carli Lloyd,19.47771162123518
Christen Press,0.0
Lauren Holiday,8.813696727253552
Ali Krieger,0.0
Ali Krieger,27.400729917285055
Christen Press,0.0
Carli Lloyd,7.354250471666026
Lauren Holiday,18.8117317118866
Meghan Klingenberg,0.0
Ali Krieger,0.0
Hope Solo,31.049013671934897
Christen Press,0.0
Carli Lloyd,0.0
Meghan Klingenberg,0.0
Julie Ertz,15.298406779792465
Ali Krieger,41.01342767923696
Sydney Leroux,10.292230079045089
Abby Wambach,0.0
Carli Lloyd,10.358148965910846
Megan Rapinoe,0.0
Lauren Holiday,23.46912865872954
Ali Krieger,0.0
Hope Solo,16.401371893838636
Julie Ertz,9.60937042682818
Becky Sauerbrunn,31.858299546585975
Meghan Klingenberg,42.760846577213584
Carli Lloyd,7.938198788138275
Sydney Leroux,12.041594578792301
Abby Wambach,0.0
Megan Rapinoe,0.0
Christen Press,0.0
Lauren Holiday,35.96345367174852
Hope Solo,34.68430841172994
Abby Wambach,19.998281176141116
Sydney Leroux,12.059850745345067
Christen Press,22.055384830013725
Sydney Leroux,0.0
Lauren Holiday,0.0
Becky Sauerbrunn,25.526946546737623
Meghan Klingenberg,0.0
Megan Rapinoe,0.0
Meghan Klingenberg,0.0
Julie Ertz,56.417472913982955
Sydney Leroux,5.487371866385582
Abby Wambach,0.0
Sydney Leroux,15.306902037969659
Becky Sauerbrunn,15.654392354863223
Abby Wambach,2.706473720544868
Christen Press,12.555924896239214
Ali Krieger,0.0
Christen Press,0.0
Julie Ertz,102.72779565434078
Meghan Klingenberg,58.92098522597869
Julie Ertz,21.399094607015506
Lauren Holiday,0.0
Carli Lloyd,0.0
Julie Ertz,11.655899793666729
Megan Rapinoe,38.64000517598313
Lauren Holiday,30.204966479041165
Becky Sauerbrunn,10.233828706793949
Megan Rapinoe,5.973692325521963
Lauren Holiday,24.360623965736174
Carli Lloyd,29.77247050548543
Christen Press,52.90756089634071
Hope Solo,17.972791936702546
Hope Solo,43.00420037624232
Abby Wambach,24.02353013193522
Sydney Leroux,9.92975326984513
Abby Wambach,43.580844415866935
Christen Press,19.59413177459006
Carli Lloyd,16.164467204334336
Lauren Holiday,14.33875866314793
Carli Lloyd,4.743416490252568
Meghan Klingenberg,17.48492207589155
Julie Ertz,10.859327787667151
Carli Lloyd,0.0
Lauren Holiday,13.051101486081542
Megan Rapinoe,0.0
Lauren Holiday,9.392616781280921
Hope Solo,181.25962043433722
Meghan Klingenberg,44.065888167606474
Megan Rapinoe,80.50844676181501
Carli Lloyd,7.6655071586947185
Megan Rapinoe,0.0
Lauren Holiday,12.358195661179675
Meghan Klingenberg,0.0
Lauren Holiday,8.61111200716841
Meghan Klingenberg,0.0
Megan Rapinoe,48.51909417950832
Sydney Leroux,47.038707465235476
Christen Press,0.0
Ali Krieger,0.0
Becky Sauerbrunn,14.035000890630535
Meghan Klingenberg,23.625939134773038
Megan Rapinoe,35.878823838024566
Carli Lloyd,13.106105447462284
Carli Lloyd,0.0
Lauren Holiday,0.0
Meghan Klingenberg,14.54686392319664
Megan Rapinoe,39.39352738712286
Sydney Leroux,14.047063750122277
Megan Rapinoe,43.2186302420611
Meghan Klingenberg,80.34425928465582
Ali Krieger,0.0
Julie Ertz,0.0
Becky Sauerbrunn,18.49540483471503
Carli Lloyd,21.797476918212354
Christen Press,0.0
Carli Lloyd,0.0
Julie Ertz,0.0
Becky Sauerbrunn,16.789021710629832
Ali Krieger,0.0
Lauren Holiday,20.604884129739727
Megan Rapinoe,78.040053818536
Meghan Klingenberg,43.99399106696278
Sydney Leroux,2.0325476624177865
Abby Wambach,0.0
Lauren Holiday,12.497249697433434
Ali Krieger,159.50125391356644
Carli Lloyd,96.88260937856701
Abby Wambach,38.2314007067489
Carli Lloyd,74.5745935288956
Carli Lloyd,20.710021728622113
Lauren Holiday,0.0
Christen Press,20.421343001869396
Becky Sauerbrunn,21.847311047357753
Meghan Klingenberg,14.571590510304627
Megan Rapinoe,6.211380683873747
Lauren Holiday,131.80349009036138
Christen Press,26.401515108038772
Carli Lloyd,10.389477850209804
Abby Wambach,0.0
Hope Solo,54.92168287661987
Abby Wambach,9.850951730670491
Christen Press,23.697283599602724
Ali Krieger,6.789698078707179
Hope Solo,41.701813509726406
Abby Wambach,13.99004110072591
Christen Press,0.0
Lauren Holiday,0.0
Ali Krieger,66.75327707311452
Hope Solo,26.41252070515043
Julie Ertz,14.159625701267668
Hope Solo,20.048316637563364
Ali Krieger,9.921189444819605
Lauren Holiday,0.0
Becky Sauerbrunn,22.16528817768901
Megan Rapinoe,9.89501136937194
Megan Rapinoe,45.82358835796253
Becky Sauerbrunn,7.981227975693963
Lauren Holiday,16.78630394101096
Megan Rapinoe,15.457077666881274
Sydney Leroux,57.56283523246577
Meghan Klingenberg,12.48884502265922
Hope Solo,41.703297231753744
Megan Rapinoe,30.26518214053899
Sydney Leroux,35.17328531712669
Julie Ertz,45.25816224726761
Meghan Klingenberg,0.0
Hope Solo,7.166589146867566
Becky Sauerbrunn,30.91263900090059
Megan Rapinoe,66.90239158654941
Hope Solo,47.054768621256656
Lauren Holiday,89.74653196642198
Carli Lloyd,11.406138698087098
Abby Wambach,8.092048566339672
Megan Rapinoe,64.75801108743224
Lauren Holiday,6.6999999999999975
Carli Lloyd,0.0
Julie Ertz,11.182352167589787
Becky Sauerbrunn,8.821068529378968
Meghan Klingenberg,0.0
Hope Solo,8.757354052452143
Meghan Klingenberg,9.5501308891554
Carli Lloyd,20.207053224060154
Megan Rapinoe,56.493727527930034
Abby Wambach,0.0
Meghan Klingenberg,0.0
Becky Sauerbrunn,8.672946442818613
Meghan Klingenberg,113.55773861785026
Ali Krieger,58.80136052847758
Abby Wambach,15.703502793962903
Carli Lloyd,8.74128137060008
Ali Krieger,13.79574209674854
Megan Rapinoe,0.0
Lauren Holiday,21.915405540395557
Lauren Holiday,7.637489770860578
Carli Lloyd,25.60175775215445
Carli Lloyd,12.511244942051134
Abby Wambach,4.9215089149568705
Sydney Leroux,40.661037861815586
Abby Wambach,0.0
Carli Lloyd,0.0
Megan Rapinoe,0.0
Julie Ertz,15.600000000000001
Tobin Heath,0.0
Carli Lloyd,27.82914389628255
Ali Krieger,9.433186100146653
Carli Lloyd,12.737542934176902
Tobin Heath,2.738840995749845
Abby Wambach,0.0
Tobin Heath,0.0
Carli Lloyd,0.0
Lauren Holiday,1.9877751381884157
Tobin Heath,14.110324234403686
Ali Krieger,29.925240182828926
Tobin Heath,0.0
Lauren Holiday,0.0
Carli Lloyd,47.07637411696019
Ali Krieger,0.0
Julie Ertz,8.194205269579228
Lauren Holiday,0.0
Julie Ertz,0.0
Becky Sauerbrunn,18.219254924392484
Meghan Klingenberg,0.0
Carli Lloyd,15.135099933598061
Megan Rapinoe,0.0
Meghan Klingenberg,0.0
Megan Rapinoe,13.748272618769239
Tobin Heath,11.100225222940296
Abby Wambach,0.0
Ali Krieger,0.0
Tobin Heath,167.1492746020754
Carli Lloyd,0.0
Hope Solo,46.4077579721322
Abby Wambach,25.192161479317342
Tobin Heath,0.0
Julie Ertz,0.0
Hope Solo,31.782227738155804
Ali Krieger,8.155366331440911
Carli Lloyd,0.0
Tobin Heath,10.530491441523516
Alex Morgan,0.0
Carli Lloyd,0.0
Becky Sauerbrunn,8.256209784156411
Meghan Klingenberg,0.0
Becky Sauerbrunn,6.679446084818708
Morgan Brian,0.0
Becky Sauerbrunn,16.937273983731856
Meghan Klingenberg,0.0
Alex Morgan,0.0
Lauren Holiday,0.0
Becky Sauerbrunn,19.282407785336357
Abby Wambach,0.0
Meghan Klingenberg,21.429419030855687
Alex Morgan,13.308831654206166
Abby Wambach,0.0
Tobin Heath,36.2926989902928
Morgan Brian,15.826875876179743
Meghan Klingenberg,29.13799066510935
Alex Morgan,0.0
Meghan Klingenberg,0.0
Lauren Holiday,10.9991476942534
Morgan Brian,27.565920989511692
Carli Lloyd,41.773197148410816
Lauren Holiday,5.414794548272356
Carli Lloyd,0.0
Lauren Holiday,0.0
Becky Sauerbrunn,13.2098448136229
Lauren Holiday,0.0
Tobin Heath,0.0
Lauren Holiday,10.899598616462901
Ali Krieger,67.81224078291471
Lauren Holiday,0.0
Becky Sauerbrunn,12.79536048730164
Tobin Heath,39.181947373758746
Alex Morgan,30.023407534788582
Morgan Brian,0.0
Alex Morgan,0.0
Abby Wambach,37.219349806249966
Alex Morgan,84.62156935439096
Morgan Brian,0.0
Abby Wambach,47.762014195383365
Alex Morgan,35.46956441796258
Ali Krieger,18.21675053350623
Carli Lloyd,23.559499145779853
Alex Morgan,0.0
Carli Lloyd,0.0
Julie Ertz,0.0
Meghan Klingenberg,10.080674580602238
Morgan Brian,16.7604072146234
Alex Morgan,38.252320191068144
