,Player,Score
10,Luka Modric,17.1791720155429
1,Ante Rebic,15.382462374262987
7,Ivan Rakitic,14.248890582804204
18,Vedran Corluka,13.742972128327635
15,Milan Badelj,12.400591841138837
6,Ivan Perisic,11.300357209554821
4,Duje Caleta-Car,11.246234221282744
11,Marcelo Brozovic,11.176546886628692
5,Filip Bradaric,10.853423532978061
3,Domagoj Vida,10.693057310609051
0,Andrej Kramaric,10.55860305672537
14,Mateo Kovacic,10.342195055853395
16,Sime Vrsaljko,9.80833159398256
13,Marko Pjaca,9.66556512363755
2,Dejan Lovren,9.557263668452281
9,Josip Pivaric,9.424697559573827
12,Mario Mandzukic,9.244730174277844
8,Ivan Strinic,8.725920462516635
17,Tin Jedvaj,6.840509533429741
