Player,Score
Darlington Nagbe,6.980060887986584
Michael Bradley,0.0
DeAndre Yedlin,0.0
DeAndre Yedlin,0.0
Michael Bradley,0.0
DeAndre Yedlin,0.0
Omar González,15.387698008474171
Matt Besler,25.423217734976035
Jorge Flores Villafaña,6.276244896432893
Bobby Wood,0.0
Matt Besler,0.0
DeAndre Yedlin,17.49014007948478
Christian Pulisic,0.0
Omar González,11.560276813294742
Matt Besler,24.295704352827478
Jorge Flores Villafaña,0.0
Matt Besler,0.0
Omar González,0.0
Matt Besler,9.736593346751214
Michael Bradley,0.0
Omar González,0.0
Jozy Altidore,0.0
Jorge Flores Villafaña,0.0
Matt Besler,0.0
Omar González,25.001199971201387
DeAndre Yedlin,11.754573577973815
Michael Bradley,0.0
Omar González,6.110237311267048
Michael Bradley,11.257941641348125
Darlington Nagbe,0.0
DeAndre Yedlin,0.0
Omar González,16.023147318801016
Omar González,5.530935725535055
Matt Besler,6.126173356998643
Jorge Flores Villafaña,23.40683660813653
Darlington Nagbe,17.528013293011842
Matt Besler,13.283260141998271
Omar González,9.296773633901172
DeAndre Yedlin,0.0
Omar González,12.921348613825108
Michael Bradley,0.0
Matt Besler,14.229942023775083
Jozy Altidore,16.16728950690251
DeAndre Yedlin,23.617154782064695
Michael Bradley,3.28652552097196
Jorge Flores Villafaña,8.467880490417894
Michael Bradley,0.0
Matt Besler,11.158460915377175
Omar González,27.575917935764174
DeAndre Yedlin,0.0
Omar González,0.0
Matt Besler,51.69758214849127
Bobby Wood,45.66760339671877
Matt Besler,9.863315872463984
Omar González,25.809688103500978
Omar González,7.950550295419805
Michael Bradley,15.418333243252974
Michael Bradley,10.782393055347221
Jorge Flores Villafaña,0.0
Matt Besler,0.0
Omar González,11.335784048754633
DeAndre Yedlin,20.365166338628327
Jozy Altidore,0.0
Omar González,12.667724736510504
Matt Besler,14.247850715107873
Darlington Nagbe,0.0
Michael Bradley,19.6670091778084
DeAndre Yedlin,0.0
Michael Bradley,8.017558855412286
Darlington Nagbe,0.0
Michael Bradley,0.0
Omar González,0.0
Matt Besler,0.0
Omar González,24.08817137102773
Jozy Altidore,18.20796528994935
Omar González,38.692182672989645
Jozy Altidore,0.0
Omar González,6.600852217706436
Jorge Flores Villafaña,0.0
Michael Bradley,0.0
Matt Besler,93.62355472849767
DeAndre Yedlin,6.81331417153209
Omar González,0.0
Matt Besler,9.459981501038994
Darlington Nagbe,0.0
Matt Besler,12.734598540982748
Omar González,0.0
Matt Besler,15.945532289641514
Matt Besler,12.861230501005727
Michael Bradley,7.338596596080205
DeAndre Yedlin,6.621272536302975
Michael Bradley,14.681663734059569
Darlington Nagbe,8.525329905640012
Christian Pulisic,0.0
DeAndre Yedlin,11.84736257569591
Michael Bradley,0.0
Omar González,11.356550972896656
Matt Besler,12.999663457182269
Michael Bradley,22.354669534573762
Jozy Altidore,0.0
Bobby Wood,0.0
Matt Besler,0.0
Omar González,0.0
Matt Besler,101.21111599029034
Jorge Flores Villafaña,6.100819617067859
Darlington Nagbe,0.0
Jorge Flores Villafaña,33.69421315300299
Jozy Altidore,0.0
Darlington Nagbe,11.95914921723112
Jozy Altidore,0.0
Omar González,0.0
Darlington Nagbe,0.0
Christian Pulisic,18.856961579215245
Michael Bradley,0.0
Omar González,0.0
Michael Bradley,63.615406938885485
Bobby Wood,70.40575260587732
Michael Bradley,69.6735243833696
Jozy Altidore,35.36566131150386
Bobby Wood,18.006943105369096
DeAndre Yedlin,0.0
Bobby Wood,11.132385189167675
DeAndre Yedlin,53.948493954882544
Michael Bradley,37.765592806150934
Michael Bradley,37.6479747131237
Paul Arriola,83.49251463454674
DeAndre Yedlin,64.23581555487561
Michael Bradley,33.68085509603345
Jorge Flores Villafaña,27.781851090235154
Jozy Altidore,14.741099009232652
Christian Pulisic,0.0
Matt Besler,12.22707037683189
Jorge Flores Villafaña,0.0
Michael Bradley,8.560665861952563
Darlington Nagbe,0.0
Matt Besler,21.365187806335793
DeAndre Yedlin,13.172699040060063
Michael Bradley,10.465180361560892
Matt Besler,6.497788085187145
Michael Bradley,9.477407345893704
Darlington Nagbe,0.0
Jorge Flores Villafaña,0.0
Matt Besler,15.806367387859869
Omar González,0.0
Matt Besler,26.377665742062923
Jozy Altidore,0.0
Matt Besler,10.150123151962243
Omar González,0.0
Jozy Altidore,18.80425483766906
Christian Pulisic,13.471451295239138
Jozy Altidore,0.0
Matt Besler,6.235483140864069
Jorge Flores Villafaña,11.032282175506566
Matt Besler,0.0
Omar González,7.099999999999998
Michael Bradley,29.391240191594505
Jorge Flores Villafaña,0.0
Darlington Nagbe,25.058531481313896
Jorge Flores Villafaña,0.0
Christian Pulisic,21.579851714041066
Michael Bradley,0.0
Matt Besler,0.0
Omar González,17.483277724728847
Michael Bradley,0.0
Omar González,4.9225247586985335
Michael Bradley,59.41725338653745
DeAndre Yedlin,0.0
Omar González,5.83277378268693
Michael Bradley,78.52260820935585
Jozy Altidore,17.47254989977136
Michael Bradley,0.0
Darlington Nagbe,0.0
DeAndre Yedlin,16.053815745797014
Michael Bradley,44.407206622349044
Bobby Wood,0.0
Michael Bradley,20.14261651325369
Christian Pulisic,18.91309070458871
Paul Arriola,24.452607222952714
DeAndre Yedlin,57.725211129973374
Matt Besler,6.482379964179825
Michael Bradley,99.61626373238461
Michael Bradley,30.001854109371298
Darlington Nagbe,0.0
Jorge Flores Villafaña,0.0
Matt Besler,15.174320413119002
Omar González,17.96082542646635
DeAndre Yedlin,0.0
Omar González,0.0
Michael Bradley,57.882985410222226
Bobby Wood,32.169706246716025
Michael Bradley,0.0
Omar González,0.0
Matt Besler,0.0
Omar González,10.214756482657819
Jorge Flores Villafaña,0.0
Christian Pulisic,15.628499608087768
Darlington Nagbe,46.87003307018253
DeAndre Yedlin,15.763962065419975
Paul Arriola,0.0
Christian Pulisic,25.0
Jorge Flores Villafaña,0.0
Matt Besler,11.377170122662314
Omar González,0.0
Matt Besler,32.59693237100693
Darlington Nagbe,47.47978517221831
Jorge Flores Villafaña,0.0
Michael Bradley,18.604838080456382
Michael Bradley,28.303908740666902
DeAndre Yedlin,21.28335617331063
Matt Besler,0.0
Clint Dempsey,0.0
Michael Bradley,12.720898160114325
Jorge Flores Villafaña,0.0
Michael Bradley,0.0
Omar González,0.0
Matt Besler,15.736740450296562
Jorge Flores Villafaña,0.0
Omar González,11.41402645870422
Matt Besler,8.43037662266639
Darlington Nagbe,81.90634896026073
Omar González,7.957700672933108
Michael Bradley,0.0
Matt Besler,6.2905683368039185
Michael Bradley,0.0
Omar González,110.96959042909006
Darlington Nagbe,21.5
Matt Besler,9.073312515283492
Jozy Altidore,0.0
Michael Bradley,9.534149149242419
Christian Pulisic,11.021116095931484
DeAndre Yedlin,0.0
Omar González,0.0
Matt Besler,16.420109622045764
Clint Dempsey,4.81572943592141
Jozy Altidore,35.298158592198575
Darlington Nagbe,11.435088543601225
Jozy Altidore,0.0
Michael Bradley,0.0
Omar González,7.694153624668541
Michael Bradley,22.38928315065044
Clint Dempsey,36.8086946250475
Omar González,0.0
Matt Besler,24.839484696748443
Jorge Flores Villafaña,0.0
Bobby Wood,52.89234349128423
DeAndre Yedlin,0.0
Michael Bradley,11.208534694597683
Matt Besler,48.53369963231737
DeAndre Yedlin,15.333704705647621
Christian Pulisic,20.774022239325724
Bobby Wood,5.80872189039895
Omar González,25.81472448042009
Michael Bradley,90.34976480323566
Omar González,9.104943712072028
Darlington Nagbe,10.404085735902028
Omar González,8.638359219203611
Michael Bradley,12.15940993634148
Darlington Nagbe,0.0
Michael Bradley,7.5897957811788315
Matt Besler,15.513582758344386
Jorge Flores Villafaña,0.0
Darlington Nagbe,0.0
Michael Bradley,0.0
Omar González,26.090994615000774
DeAndre Yedlin,6.5636308549460685
Michael Bradley,13.52534657596618
Darlington Nagbe,25.088692672198
Bobby Wood,0.0
Jorge Flores Villafaña,0.0
Michael Bradley,21.786033370028612
Jorge Flores Villafaña,53.08493194871781
Matt Besler,13.117211975111175
Darlington Nagbe,0.0
Matt Besler,0.0
Omar González,13.896807187264272
Christian Pulisic,0.0
DeAndre Yedlin,29.456599430348366
Jorge Flores Villafaña,15.009038943250166
Clint Dempsey,21.622673285234637
Darlington Nagbe,26.309717786399762
Jorge Flores Villafaña,0.0
Darlington Nagbe,22.629654217420118
DeAndre Yedlin,15.109640961981846
Christian Pulisic,0.0
Michael Bradley,13.820681965807621
Darlington Nagbe,0.0
Michael Bradley,12.11326751954237
DeAndre Yedlin,39.18788077964922
Jozy Altidore,20.640009689920205
Clint Dempsey,0.0
Darlington Nagbe,6.332456079595028
Clint Dempsey,15.427613230827383
DeAndre Yedlin,0.0
Michael Bradley,0.0
Omar González,16.49336988004574
Matt Besler,13.707114940788966
Michael Bradley,22.498444390668435
DeAndre Yedlin,35.80895488561486
Christian Pulisic,15.009663553857564
Bobby Wood,23.065341965815268
Michael Bradley,45.049417310327065
Clint Dempsey,9.972462083156802
DeAndre Yedlin,0.0
Omar González,0.0
Matt Besler,33.18179094021298
Clint Dempsey,0.0
Omar González,14.281631559454265
Michael Bradley,11.64822947919554
Darlington Nagbe,32.31377415282839
Darlington Nagbe,11.547781172155972
Christian Pulisic,57.95731187693233
Michael Bradley,34.44198019858905
Michael Bradley,52.228823459848286
Michael Bradley,0.0
Omar González,13.514112993459836
Matt Besler,34.09398773977603
Darlington Nagbe,10.63014581273465
Michael Bradley,8.243785538209979
Darlington Nagbe,0.0
Matt Besler,12.97772129458789
Michael Bradley,18.073219137718663
Clint Dempsey,0.0
Darlington Nagbe,0.0
Clint Dempsey,0.0
Jorge Flores Villafaña,37.10215627156996
Clint Dempsey,15.22103807235236
Jozy Altidore,74.1620522909122
DeAndre Yedlin,75.16335543334927
Michael Bradley,54.00481460018168
Omar González,14.701062886743932
Kellyn Acosta,0.0
Omar González,13.324601307356255
DeAndre Yedlin,110.52239592046493
Bobby Wood,28.442925306655784
Christian Pulisic,20.24277648940482
Darlington Nagbe,16.03277892319356
Jozy Altidore,71.96888216444657
DeAndre Yedlin,25.773047937719745
Michael Bradley,18.5601724129923
Jozy Altidore,29.513386793114744
Omar González,7.884874761212128
Kellyn Acosta,12.548107427018627
Bobby Wood,0.0
Michael Bradley,20.751897503601924
Christian Pulisic,26.455245226608664
Michael Bradley,0.0
Omar González,0.0
Matt Besler,16.25303817752238
Kellyn Acosta,0.0
Matt Besler,9.901578157041431
Michael Bradley,12.87560678181809
Clint Dempsey,15.298733607720608
DeAndre Yedlin,9.343446901438464
Darlington Nagbe,7.559844575121898
Christian Pulisic,0.0
DeAndre Yedlin,0.0
Michael Bradley,11.405316742642439
Clint Dempsey,27.98856909525744
Kellyn Acosta,16.608732642799712
Omar González,9.654079448606167
Michael Bradley,14.566785850008236
Darlington Nagbe,10.014052626184863
Matt Besler,27.040710049848883
Kellyn Acosta,12.014990636700473
Omar González,12.847373272385294
Darlington Nagbe,5.375872022286246
Omar González,0.0
Matt Besler,14.109615515668741
Michael Bradley,34.44444802867365
Jozy Altidore,60.75477347501182
Omar González,72.97561236467976
Matt Besler,14.738385257551116
Michael Bradley,38.67932264143207
Clint Dempsey,20.365657367244513
Kellyn Acosta,0.0
Clint Dempsey,0.0
Michael Bradley,13.251839494953142
Clint Dempsey,0.0
Omar González,0.0
Michael Bradley,10.18945533382428
Darlington Nagbe,51.94766597259209
Jozy Altidore,22.408034273447527
DeAndre Yedlin,9.005623243285273
Clint Dempsey,14.890433170327858
DeAndre Yedlin,0.0
Kellyn Acosta,0.0
Darlington Nagbe,0.0
Michael Bradley,0.0
Omar González,0.0
Matt Besler,4.775458093209488
Omar González,7.991558045838125
DeAndre Yedlin,30.627112172060894
Bobby Wood,35.920467702968445
Clint Dempsey,21.440149253211825
Christian Pulisic,46.401724105899376
DeAndre Yedlin,0.0
Michael Bradley,19.234896672454468
Matt Besler,18.157092278225605
Clint Dempsey,27.252568686272493
Kellyn Acosta,0.0
Darlington Nagbe,16.020611723651502
Jozy Altidore,0.0
Darlington Nagbe,0.0
Matt Besler,21.353336975751592
Kellyn Acosta,34.89426887040334
DeAndre Yedlin,110.62047730867916
Bobby Wood,15.939887076137008
Benny Feilhaber,0.0
DeAndre Yedlin,118.50485222133312
Benny Feilhaber,0.0
Michael Bradley,10.370390542308424
Matt Besler,18.10690476033935
Kellyn Acosta,21.69933754749209
Bobby Wood,0.0
Kellyn Acosta,29.99483288834931
Bobby Wood,0.0
Kellyn Acosta,0.0
Clint Dempsey,2.7443123000125196
Kellyn Acosta,0.0
Matt Besler,0.0
Michael Bradley,54.49486214314153
DeAndre Yedlin,30.02682134359216
Michael Bradley,55.17100687861334
Matt Besler,42.31890830349951
Clint Dempsey,0.0
Christian Pulisic,35.65851931867054
Matt Besler,136.75671829932156
Jozy Altidore,38.59028375122422
Christian Pulisic,0.0
DeAndre Yedlin,185.98064415417
Matt Besler,122.86679779338272
Michael Bradley,51.7919877973418
Jorge Flores Villafaña,35.66791275081848
Omar González,0.0
Matt Besler,0.0
Omar González,13.590621766497664
Christian Pulisic,29.06423919527226
Jorge Flores Villafaña,0.0
Michael Bradley,26.032479712851007
Darlington Nagbe,0.0
Michael Bradley,13.410863134041747
Omar González,37.93000131821774
Jozy Altidore,29.298464123567967
Matt Besler,23.28457107184927
Darlington Nagbe,37.42221933557653
Bobby Wood,64.16135908784975
Darlington Nagbe,53.32625994760931
Jorge Flores Villafaña,0.0
Matt Besler,0.0
Omar González,0.0
Matt Besler,0.0
Michael Bradley,7.95369411028611
Matt Besler,45.29575035254412
DeAndre Yedlin,0.0
Michael Bradley,15.222393044459194
Darlington Nagbe,44.04770141562441
Jozy Altidore,40.2616442783948
Darlington Nagbe,17.06516920513827
Jozy Altidore,65.8368437882619
Bobby Wood,49.86150820021389
Jozy Altidore,7.746612162745729
Michael Bradley,0.0
Paul Arriola,0.0
Matt Besler,0.0
Michael Bradley,4.4521062431168446
DeAndre Yedlin,0.0
Omar González,0.0
Matt Besler,41.39784112728586
Jozy Altidore,3.193939573630034
DeAndre Yedlin,7.1543692943543205
Michael Bradley,6.802940540677979
Paul Arriola,24.85266585298245
Jozy Altidore,0.0
Matt Besler,14.502111915166012
Darlington Nagbe,37.41645694076338
Christian Pulisic,34.17601498127014
Darlington Nagbe,0.0
Jorge Flores Villafaña,0.0
Matt Besler,11.445577748632875
Michael Bradley,0.0
Matt Besler,0.0
Paul Arriola,0.0
Omar González,5.471859830076055
Paul Arriola,49.4959594310485
Jorge Flores Villafaña,0.0
Christian Pulisic,0.0
Jorge Flores Villafaña,0.0
Darlington Nagbe,52.62359261776032
Matt Besler,28.14693589007516
Michael Bradley,14.06307221058046
DeAndre Yedlin,0.0
Omar González,13.662768753074905
Matt Besler,9.931767214348111
Darlington Nagbe,0.0
Jozy Altidore,0.0
Paul Arriola,0.0
Darlington Nagbe,12.320105519028646
Jorge Flores Villafaña,5.124451190127585
Bobby Wood,1.9608671551127543
Jorge Flores Villafaña,9.150136611002054
Darlington Nagbe,0.0
Bobby Wood,0.0
Matt Besler,0.0
Omar González,7.767319357410247
Michael Bradley,9.701546268507922
Matt Besler,18.39242371195271
Darlington Nagbe,0.0
Matt Besler,5.715002187226175
Darlington Nagbe,0.0
Matt Besler,0.0
Michael Bradley,7.115563927054552
Michael Bradley,13.239712987825682
Darlington Nagbe,6.294541285907973
Michael Bradley,0.0
Jorge Flores Villafaña,27.166615541874176
Jorge Flores Villafaña,41.76938172872564
DeAndre Yedlin,0.0
Omar González,0.0
Matt Besler,16.5
Michael Bradley,9.418134103950743
Jorge Flores Villafaña,0.0
Matt Besler,0.0
Jozy Altidore,9.501578816175762
Bobby Wood,0.0
DeAndre Yedlin,11.3718951806636
Christian Pulisic,17.353962083628055
Paul Arriola,21.924415613648645
Bobby Wood,29.840241285887746
Christian Pulisic,55.04616244571461
Bobby Wood,14.969301920931406
Paul Arriola,24.92408473745826
Bobby Wood,0.0
Michael Bradley,0.0
Jorge Flores Villafaña,16.6586689144121
Darlington Nagbe,0.0
Jorge Flores Villafaña,0.0
Omar González,0.0
Darlington Nagbe,9.8550114155185
Jozy Altidore,6.332456079595023
Jorge Flores Villafaña,7.035623639735144
Darlington Nagbe,8.072871236431311
DeAndre Yedlin,13.46258704707234
Michael Bradley,9.432921074619463
Paul Arriola,7.816329061650363
Christian Pulisic,9.687879024843365
Omar González,0.0
Matt Besler,8.014985963805549
Jorge Flores Villafaña,15.644487847162015
Jorge Flores Villafaña,0.0
Michael Bradley,9.365428447220129
Darlington Nagbe,21.375716362264917
DeAndre Yedlin,8.930915406608662
Jozy Altidore,33.287854391654626
Jozy Altidore,0.0
Paul Arriola,0.0
Omar González,8.910948322148434
Matt Besler,0.0
Omar González,40.47733933943782
Jozy Altidore,21.252999788265168
Jorge Flores Villafaña,11.213440595999087
Darlington Nagbe,0.0
Michael Bradley,61.87729793712714
Bobby Wood,37.26875366845529
Jorge Flores Villafaña,14.590750494748374
Christian Pulisic,26.593984282164254
Darlington Nagbe,0.0
Omar González,25.349161721840037
Paul Arriola,12.140119439280664
Christian Pulisic,16.150541786577936
DeAndre Yedlin,0.0
Paul Arriola,0.0
Michael Bradley,0.0
Paul Arriola,0.0
Matt Besler,26.400023674231807
Jorge Flores Villafaña,18.531055015837605
Jozy Altidore,0.0
Jorge Flores Villafaña,25.221716832920002
Paul Arriola,0.0
Matt Besler,14.004463574160914
Christian Pulisic,13.929106216839612
Jozy Altidore,11.252777434926903
Dax McCarty,9.700000000000033
Darlington Nagbe,0.0
DeAndre Yedlin,0.0
Dax McCarty,11.823757862879297
Darlington Nagbe,0.0
Michael Bradley,20.73333668274357
Jorge Flores Villafaña,10.935321211560268
Bobby Wood,0.0
Darlington Nagbe,0.0
Dax McCarty,29.678801357197692
Jorge Flores Villafaña,0.0
Matt Besler,8.1921456285884
Michael Bradley,6.3860198872224005
Dax McCarty,0.0
Omar González,7.1501748230375455
Michael Bradley,25.11901670050004
DeAndre Yedlin,27.20847753917885
Jozy Altidore,11.808894952534716
Michael Bradley,13.231827160298009
Paul Arriola,0.0
Dax McCarty,12.309447591179712
Dax McCarty,10.242619293911105
Omar González,0.0
Matt Besler,0.0
Jorge Flores Villafaña,0.0
Matt Besler,11.86597025110041
Michael Bradley,0.0
Omar González,0.0
Matt Besler,30.8262874832504
Jozy Altidore,0.0
Dax McCarty,10.974743732771167
Bobby Wood,22.611750263966737
Paul Arriola,14.401388821915765
Darlington Nagbe,0.0
Jorge Flores Villafaña,19.268659787333412
Bobby Wood,16.33217682980441
Jozy Altidore,0.0
Darlington Nagbe,6.700839499644805
Dax McCarty,0.0
Michael Bradley,0.0
Matt Besler,11.856011133598013
Dax McCarty,5.471859830076056
Michael Bradley,0.0
Matt Besler,0.0
Omar González,22.986109936220178
DeAndre Yedlin,24.652408604434573
Bobby Wood,40.607881008493905
Michael Bradley,0.0
Dax McCarty,8.629310517069138
Paul Arriola,11.822066232262447
Dax McCarty,2.441311123146735
Jorge Flores Villafaña,6.027022482121661
Darlington Nagbe,30.620418024579592
Michael Bradley,8.176261370577635
Dax McCarty,5.342401145552437
Michael Bradley,5.2717406992377756
Dax McCarty,15.405843047363557
Jozy Altidore,0.0
Matt Besler,6.668676780291572
Dax McCarty,9.679359482941003
Jorge Flores Villafaña,0.0
Matt Besler,27.22948769257328
DeAndre Yedlin,23.340549479393154
Jozy Altidore,14.071957930579535
Paul Arriola,0.0
Jozy Altidore,6.220229095459427
Dax McCarty,0.0
Michael Bradley,14.00946108884993
Jozy Altidore,0.0
Michael Bradley,10.576447891423657
Jozy Altidore,0.0
Michael Bradley,0.0
Matt Besler,15.057224179774968
Jozy Altidore,43.897266429699265
Bobby Wood,6.91158447825097
Michael Bradley,40.919921798556764
Clint Dempsey,45.86251192422851
Michael Bradley,53.52382647008713
Omar González,0.0
Matt Besler,8.757354052452145
Michael Bradley,7.891767862779544
Dax McCarty,0.0
Michael Bradley,0.0
Omar González,6.746851117373201
Michael Bradley,0.0
Michael Bradley,4.595650117230424
Paul Arriola,11.300497776646838
Omar González,14.796663475256846
DeAndre Yedlin,3.7244127053805407
Dax McCarty,0.0
Matt Besler,13.567977004697495
Jorge Flores Villafaña,158.2684112512664
Darlington Nagbe,54.91812087098394
DeAndre Yedlin,24.882323042674276
Dax McCarty,16.321764610482543
Darlington Nagbe,21.189620100417105
Dax McCarty,0.0
Michael Bradley,0.0
Matt Besler,4.563441683641855
Michael Bradley,10.374548182933072
Dax McCarty,30.401480227120558
Bobby Wood,43.90899680020032
Paul Arriola,40.8626969251908
Darlington Nagbe,35.691035288991
Dax McCarty,0.0
Michael Bradley,10.938235689543353
Darlington Nagbe,0.0
Michael Bradley,0.0
Omar González,9.872436376092784
Dax McCarty,14.525322715864187
Clint Dempsey,0.0
Dax McCarty,0.0
Michael Bradley,13.016575970661414
Clint Dempsey,0.0
Michael Bradley,6.385236878926264
Dax McCarty,6.256296827996579
Jorge Flores Villafaña,24.922580123253688
Dax McCarty,10.164152694642086
Bobby Wood,0.0
Dax McCarty,0.0
Michael Bradley,27.80287754891569
Bobby Wood,0.0
Jorge Flores Villafaña,0.0
Michael Bradley,0.0
Jorge Flores Villafaña,13.21873670212097
Alejandro Bedoya,10.515761979048408
Clint Dempsey,0.0
Dax McCarty,108.98587064385913
Michael Bradley,0.0
Alejandro Bedoya,0.0
Michael Bradley,25.880494585691377
Dax McCarty,19.313207915827967
Jorge Flores Villafaña,44.94441010848846
Clint Dempsey,19.386593305684208
Paul Arriola,34.4261528492511
Dax McCarty,0.0
Paul Arriola,0.0
Matt Besler,25.52511018585425
Jorge Flores Villafaña,34.979422522391665
Michael Bradley,0.0
Dax McCarty,0.0
Matt Besler,29.167811882278723
Dax McCarty,36.26403176702779
Clint Dempsey,25.253910588263345
Paul Arriola,0.0
Clint Dempsey,63.84426364208457
Dax McCarty,23.08679276123039
Clint Dempsey,40.81678576272267
Alejandro Bedoya,29.31902112963528
Clint Dempsey,0.0
Clint Dempsey,0.0
DaMarcus Beasley,10.593453166932866
Darlington Nagbe,0.0
Michael Bradley,0.0
DaMarcus Beasley,0.0
Jordan Morris,27.450500906176543
Clint Dempsey,40.54343350038327
Christian Pulisic,69.6795522373673
Clint Dempsey,20.29211669589939
DaMarcus Beasley,11.849103341603534
Michael Bradley,56.344831173764284
Darlington Nagbe,0.0
DaMarcus Beasley,27.97110115815964
Clint Dempsey,0.0
Michael Bradley,44.93267185467608
Michael Bradley,71.95672310493299
Omar González,0.0
Matt Besler,14.347299397447589
Kellyn Acosta,14.917481355778525
Christian Pulisic,7.782030583337482
Clint Dempsey,14.325545364836898
Clint Dempsey,33.90000000000003
Graham Zusi,5.855339443618958
Kellyn Acosta,0.0
Matt Besler,6.9333433493517385
Graham Zusi,0.0
Darlington Nagbe,18.24064828891779
Clint Dempsey,14.499353433860426
Matt Besler,16.20034721850121
Kellyn Acosta,19.94241710525582
Darlington Nagbe,66.40632499995763
DaMarcus Beasley,11.79162838627476
DaMarcus Beasley,14.894378134047768
DaMarcus Beasley,0.0
Darlington Nagbe,22.910314271087582
DaMarcus Beasley,0.0
Darlington Nagbe,0.0
Michael Bradley,53.129652737430916
Michael Bradley,0.0
Matt Besler,14.11953434076351
Omar González,0.0
DaMarcus Beasley,10.040418317978586
Darlington Nagbe,0.0
Graham Zusi,0.0
Matt Besler,30.688943448740627
Darlington Nagbe,12.199385230412226
Graham Zusi,6.324555320336766
Christian Pulisic,38.88560144835103
Clint Dempsey,7.068238818828946
Kellyn Acosta,19.77602715410757
Michael Bradley,15.436685201169324
Matt Besler,11.836014954367036
DaMarcus Beasley,0.0
Matt Besler,86.4934679614594
Jordan Morris,0.0
Kellyn Acosta,23.845859179320836
Christian Pulisic,0.0
Graham Zusi,0.0
Omar González,0.0
Matt Besler,0.0
Matt Besler,11.79411929734476
DaMarcus Beasley,16.628439493831042
Darlington Nagbe,6.660330322138679
DaMarcus Beasley,5.0596442562694115
DaMarcus Beasley,24.128432398313816
Omar González,38.809422180702455
Matt Besler,9.718603294712675
Kellyn Acosta,19.755790290443965
Matt Besler,0.0
Omar González,12.568263603219023
Kellyn Acosta,0.0
Omar González,24.40064036044956
Clint Dempsey,0.0
Omar González,170.85856724203208
Christian Pulisic,14.759742545180115
Clint Dempsey,30.768815381811503
Michael Bradley,16.59943523135652
Christian Pulisic,37.44983311044256
Jordan Morris,48.069220921500296
DaMarcus Beasley,17.136547201814025
Clint Dempsey,0.0
Graham Zusi,0.0
Darlington Nagbe,0.0
Michael Bradley,10.13514923422443
DaMarcus Beasley,4.533348651934902
Darlington Nagbe,0.0
Michael Bradley,27.30943060556187
DaMarcus Beasley,29.3527043047144
Matt Besler,9.77880360780397
Darlington Nagbe,28.720027855139694
Omar González,40.60900454332757
Matt Besler,6.577328485030986
Michael Bradley,15.668798613805723
Graham Zusi,10.67666848787579
Matt Besler,13.186783155872401
Kellyn Acosta,27.520378812799795
Clint Dempsey,6.22896460095898
Christian Pulisic,7.983890029302754
Graham Zusi,15.623699945915497
Graham Zusi,5.3164838004079344
Michael Bradley,0.0
Graham Zusi,0.0
DaMarcus Beasley,0.0
Omar González,7.314454866905668
Kellyn Acosta,0.0
DaMarcus Beasley,0.0
Kellyn Acosta,12.249693873725985
DaMarcus Beasley,5.342401145552436
Michael Bradley,0.0
Matt Besler,0.0
Omar González,0.0
Matt Besler,11.77858225764035
DaMarcus Beasley,0.0
Matt Besler,0.0
Matt Besler,20.88492279133442
DaMarcus Beasley,2.576819745345026
Michael Bradley,0.0
Matt Besler,21.449708622729588
Michael Bradley,9.905112316374813
Darlington Nagbe,0.0
Matt Besler,18.320889716386592
DaMarcus Beasley,5.726364466221132
Kellyn Acosta,76.79317189698574
Graham Zusi,18.145040644760225
Darlington Nagbe,0.0
Matt Besler,4.516774291460666
Kellyn Acosta,29.217310793432027
Clint Dempsey,0.0
DaMarcus Beasley,0.0
Omar González,0.0
Matt Besler,11.042418213416845
DaMarcus Beasley,10.475268492979067
DaMarcus Beasley,11.498043311798751
Darlington Nagbe,0.0
DaMarcus Beasley,0.0
Kellyn Acosta,0.0
Matt Besler,0.0
Omar González,21.945415238723555
Matt Besler,0.0
Omar González,0.0
Geoff Cameron,106.50671340342825
Clint Dempsey,15.628499608087779
Darlington Nagbe,19.73651438324407
Kellyn Acosta,0.0
Matt Besler,10.714534520920633
Kellyn Acosta,0.0
Matt Besler,0.0
Geoff Cameron,14.660192699961348
Paul Arriola,7.7307826253232586
Kellyn Acosta,14.435070141845522
Jordan Morris,0.0
Michael Bradley,47.8816248680013
Paul Arriola,36.171950458884574
Geoff Cameron,7.7207512587830465
Geoff Cameron,16.265646313626764
Kellyn Acosta,18.087046469780525
Geoff Cameron,34.84496018077794
Clint Dempsey,44.7146508428725
Geoff Cameron,7.664284050059726
Christian Pulisic,23.385465571589556
Omar González,0.0
Omar González,0.0
Matt Besler,44.59433820565118
Geoff Cameron,53.04488665272083
Geoff Cameron,44.71353262715887
Geoff Cameron,26.1725046566048
Michael Bradley,22.292823957498094
Matt Besler,17.307801709055948
Jordan Morris,7.81856764375676
Michael Bradley,4.785394445602155
Jordan Morris,11.909764901122113
Kellyn Acosta,4.911211663123478
Matt Besler,21.9
Clint Dempsey,0.0
Michael Bradley,14.16756859873987
Kellyn Acosta,7.491411749463517
Bobby Wood,0.0
Christian Pulisic,10.731320981128095
Bobby Wood,19.337269714207373
Paul Arriola,47.203813405274836
Michael Bradley,0.0
Tim Ream,12.759702190882043
Darlington Nagbe,0.0
Geoff Cameron,60.84095043636317
Graham Zusi,24.220265275178146
Darlington Nagbe,0.0
Michael Bradley,4.032524023487027
Darlington Nagbe,0.0
Graham Zusi,0.0
Geoff Cameron,0.0
Tim Ream,3.4440165504828832
Michael Bradley,0.0
Michael Bradley,0.0
Darlington Nagbe,14.83307115873176
Jorge Flores Villafaña,0.0
Tim Ream,32.61198016067102
Jorge Flores Villafaña,0.0
Michael Bradley,3.4858643117597117
Darlington Nagbe,0.0
Michael Bradley,0.0
Tim Ream,0.0
Michael Bradley,22.64508776754906
Darlington Nagbe,12.073938876770907
Fabian Johnson,0.0
Darlington Nagbe,0.0
Geoff Cameron,17.601136326953462
Christian Pulisic,15.7403938959608
Jozy Altidore,0.0
Christian Pulisic,0.0
Geoff Cameron,20.321663317750364
Darlington Nagbe,28.429737951659
Michael Bradley,0.0
Geoff Cameron,5.913649465431642
Michael Bradley,0.0
Jorge Flores Villafaña,18.71339760706216
Fabian Johnson,0.0
Jozy Altidore,21.406190693348503
Jorge Flores Villafaña,0.0
Darlington Nagbe,77.90359426881408
Geoff Cameron,73.2033469180201
Christian Pulisic,92.8065191675671
Tim Ream,4.302470220698804
Michael Bradley,8.238400937075108
Tim Ream,6.792735089785265
Darlington Nagbe,14.121304826396178
Fabian Johnson,0.0
Darlington Nagbe,21.013120900998977
Christian Pulisic,0.0
Michael Bradley,0.0
Tim Ream,13.813806499296264
Jorge Flores Villafaña,0.0
Tim Ream,0.0
Geoff Cameron,18.352111595127138
Graham Zusi,6.056607961557361
Christian Pulisic,0.0
Graham Zusi,0.0
Geoff Cameron,102.42987845350592
Bobby Wood,8.000624975587845
Graham Zusi,42.47590493444489
Geoff Cameron,0.0
Graham Zusi,15.121879843458618
Michael Bradley,0.0
Geoff Cameron,15.03063538244475
Michael Bradley,0.0
Jorge Flores Villafaña,9.366162501259513
Fabian Johnson,3.8185402970245077
Darlington Nagbe,0.0
Fabian Johnson,13.717871555019022
Christian Pulisic,13.57681847856854
Bobby Wood,23.958505796480747
Darlington Nagbe,56.46237685397243
Jozy Altidore,50.28647929612886
Tim Ream,5.98706939996523
Michael Bradley,21.646824247450244
Bobby Wood,9.632302424654242
Jorge Flores Villafaña,102.40019531231374
Geoff Cameron,26.733897022319812
Michael Bradley,0.0
Christian Pulisic,0.0
Michael Bradley,22.419857269840087
Christian Pulisic,34.34195684581765
Michael Bradley,0.0
Geoff Cameron,27.42006564543564
Graham Zusi,9.455421725126808
Christian Pulisic,0.0
Michael Bradley,0.0
Jorge Flores Villafaña,0.0
Tim Ream,4.494997219131511
Michael Bradley,0.0
Tim Ream,3.069405479893463
Michael Bradley,0.0
Geoff Cameron,24.751262594057696
Graham Zusi,0.0
Geoff Cameron,14.477957383553793
Christian Pulisic,0.0
Geoff Cameron,0.0
Tim Ream,0.0
Michael Bradley,12.11321592311472
Geoff Cameron,8.115417426109397
Graham Zusi,6.4460259074874955
Michael Bradley,54.305800795126856
Darlington Nagbe,8.185658189785352
Jorge Flores Villafaña,0.0
Tim Ream,0.0
Geoff Cameron,9.047375310000133
Graham Zusi,0.0
Tim Ream,14.801731317653354
Jorge Flores Villafaña,13.295299921400783
Jozy Altidore,7.045743395838374
Fabian Johnson,0.0
Jorge Flores Villafaña,0.0
Darlington Nagbe,6.4621977685614045
Jozy Altidore,56.42871609384714
Bobby Wood,36.40123624274322
Tim Ream,0.0
Geoff Cameron,39.35163592533352
Geoff Cameron,16.672732229601724
Michael Bradley,8.685116579528453
Darlington Nagbe,16.142529231814947
Graham Zusi,72.45246717676355
Darlington Nagbe,34.00367627183861
Graham Zusi,16.880758276807374
Bobby Wood,16.04618334682736
Fabian Johnson,21.574058496258925
Graham Zusi,79.7295428307475
Jorge Flores Villafaña,33.11857484856496
Graham Zusi,0.0
Darlington Nagbe,12.022582917160491
Geoff Cameron,4.842003717470692
Michael Bradley,46.22899523026644
Jorge Flores Villafaña,0.0
Tim Ream,4.8523190332046395
Michael Bradley,12.695717781992483
Darlington Nagbe,0.0
Geoff Cameron,10.93303480283494
Graham Zusi,0.0
Geoff Cameron,10.180618841701131
Michael Bradley,0.0
Michael Bradley,25.725109329213744
Michael Bradley,0.0
Geoff Cameron,12.306146838064299
Tim Ream,8.812491134747319
Darlington Nagbe,27.154028246284188
Jozy Altidore,4.3266615305567875
Jorge Flores Villafaña,0.0
Darlington Nagbe,0.0
Tim Ream,16.039677365832517
Michael Bradley,11.263436420560119
Christian Pulisic,0.0
Geoff Cameron,8.73391378478171
Jorge Flores Villafaña,3.510697936308392
Darlington Nagbe,5.965002095557051
Michael Bradley,0.0
Geoff Cameron,7.368259631690509
Darlington Nagbe,74.91548571557153
Christian Pulisic,45.766472444356054
Michael Bradley,21.525798475317934
Darlington Nagbe,0.0
Michael Bradley,0.0
Geoff Cameron,9.35200513259055
Tim Ream,0.0
Bobby Wood,0.0
Michael Bradley,0.0
Jorge Flores Villafaña,0.0
Michael Bradley,0.0
Tim Ream,0.0
Geoff Cameron,0.0
Tim Ream,6.4071249402520625
Darlington Nagbe,15.846766231632246
Jorge Flores Villafaña,0.0
Darlington Nagbe,0.0
Michael Bradley,10.139280053337119
Tim Ream,11.568113502209416
Darlington Nagbe,6.672424596801371
Michael Bradley,17.857211428439772
Michael Bradley,0.0
Darlington Nagbe,0.0
Graham Zusi,0.0
Tim Ream,12.065291127859286
Darlington Nagbe,0.0
Tim Ream,7.245084540569558
Darlington Nagbe,0.0
Michael Bradley,0.0
Geoff Cameron,8.5091127622097
Graham Zusi,5.042940610397864
Graham Zusi,38.43736788595181
Graham Zusi,0.0
Michael Bradley,60.78848575182639
Darlington Nagbe,31.975146598569317
Fabian Johnson,0.0
Jorge Flores Villafaña,0.0
Michael Bradley,139.6362417139619
Graham Zusi,0.0
Darlington Nagbe,52.19386937179498
Geoff Cameron,12.684685648450259
Jozy Altidore,0.0
Graham Zusi,0.0
Jorge Flores Villafaña,15.842387761950537
Fabian Johnson,0.0
Tim Ream,5.8638724406317
Tim Ream,8.336366114800859
Michael Bradley,0.0
Tim Ream,0.0
Geoff Cameron,14.924518417691072
Graham Zusi,61.95636569393011
Jozy Altidore,31.614079142053157
Geoff Cameron,3.902723408083132
Michael Bradley,3.4820970692960254
Geoff Cameron,12.52517464948094
Jorge Flores Villafaña,0.0
Darlington Nagbe,38.234147041617156
Jorge Flores Villafaña,47.96926099076367
Bobby Wood,26.806156009394535
Fabian Johnson,15.728954192825434
Darlington Nagbe,19.31712323302826
Tim Ream,0.0
Geoff Cameron,0.0
Michael Bradley,8.767625106036414
Darlington Nagbe,0.0
Tim Ream,0.0
Michael Bradley,13.647023484994817
Darlington Nagbe,13.008458786497346
Christian Pulisic,0.0
Jorge Flores Villafaña,0.0
Fabian Johnson,8.866862466509781
Darlington Nagbe,14.988161995388227
Graham Zusi,12.467608030412254
Jozy Altidore,0.0
Graham Zusi,25.796923266157144
Tim Ream,0.0
Jorge Flores Villafaña,8.009993757800316
Michael Bradley,25.886289807540976
Geoff Cameron,15.138196722199112
Jorge Flores Villafaña,0.0
Geoff Cameron,0.0
Tim Ream,0.0
Geoff Cameron,6.463745044476924
Jorge Flores Villafaña,10.778740650001744
Jozy Altidore,0.0
Jorge Flores Villafaña,0.0
Geoff Cameron,15.669117716068126
Darlington Nagbe,19.425016087509416
Jorge Flores Villafaña,0.0
Michael Bradley,0.0
Tim Ream,0.0
Geoff Cameron,20.083450898687705
Jorge Flores Villafaña,11.953660527219244
Darlington Nagbe,14.18731828077456
Bobby Wood,29.12043955712206
Michael Bradley,12.371792513617422
Fabian Johnson,0.0
Jorge Flores Villafaña,0.0
Michael Bradley,45.00311100357396
Geoff Cameron,54.19012825229335
Tim Ream,8.70660668687865
Jorge Flores Villafaña,18.115739013355206
Fabian Johnson,0.0
Jorge Flores Villafaña,0.0
Geoff Cameron,34.996142644583
Tim Ream,12.963458257733546
Michael Bradley,0.0
Tim Ream,25.355078386784783
Michael Bradley,104.64420671972246
Fabian Johnson,0.0
Darlington Nagbe,0.0
Graham Zusi,6.599337087920273
Darlington Nagbe,0.0
Bobby Wood,0.0
Graham Zusi,59.7013400184619
Tim Ream,3.0561413579872245
Darlington Nagbe,19.936524270795047
Geoff Cameron,128.73352321753646
Fabian Johnson,0.0
Geoff Cameron,36.10290847009421
Jozy Altidore,8.238021607157872
Bobby Wood,0.0
Tim Ream,7.534669866689582
Michael Bradley,0.0
Geoff Cameron,50.380861941812796
Jozy Altidore,0.0
Christian Pulisic,30.380421326900635
Fabian Johnson,26.181672979395334
Christian Pulisic,72.88017563096288
Geoff Cameron,10.0946149010252
Graham Zusi,8.611112007168412
Christian Pulisic,0.0
Fabian Johnson,0.0
Michael Bradley,7.385204804201435
Tim Ream,0.0
Michael Bradley,8.497720282522836
Jorge Flores Villafaña,25.36385223107878
Fabian Johnson,0.0
Darlington Nagbe,32.00390601161052
Jozy Altidore,40.31128874149274
Fabian Johnson,25.886507103122277
Jorge Flores Villafaña,0.0
Tim Ream,13.057229798085046
Fabian Johnson,8.928045698807777
Michael Bradley,23.708041884558916
Graham Zusi,0.0
Michael Bradley,29.374159562445353
Darlington Nagbe,61.126835350768815
Michael Bradley,29.213866570517457
Jorge Flores Villafaña,0.0
Tim Ream,27.023693307910378
Jorge Flores Villafaña,10.934406705441317
Michael Bradley,38.15153994270743
Graham Zusi,11.191123714801838
Christian Pulisic,0.0
Graham Zusi,0.0
Michael Bradley,7.042105509007947
Fabian Johnson,28.245353600194157
Clint Dempsey,15.199999999999989
Jozy Altidore,19.192706948213427
Michael Bradley,17.23513852569801
Fabian Johnson,18.86120356711098
Geoff Cameron,0.0
Darlington Nagbe,0.0
Clint Dempsey,14.205632685663813
Graham Zusi,0.0
Michael Bradley,5.344272635261044
Michael Bradley,38.61450504667903
Fabian Johnson,24.327761919255977
Jozy Altidore,29.769951293208393
Darlington Nagbe,44.30180583226827
Graham Zusi,28.856195175386468
Tim Ream,0.0
Geoff Cameron,12.846059707163127
Darlington Nagbe,0.0
Tim Ream,7.923461995870239
Fabian Johnson,49.18861656928358
Bobby Wood,21.23982109152524
Tim Ream,10.849481554433833
Michael Bradley,0.0
Geoff Cameron,23.340549479393154
Darlington Nagbe,0.0
Michael Bradley,14.444073178989372
Geoff Cameron,24.480298200798114
Bobby Wood,0.0
Tim Ream,0.0
Darlington Nagbe,14.286357128393512
Clint Dempsey,19.631129615995093
Graham Zusi,0.0
Michael Bradley,20.663010429267082
Fabian Johnson,11.458621208504967
Jozy Altidore,20.591260281973994
Bobby Wood,59.2615389607796
Fabian Johnson,0.0
Tim Ream,22.528232287509812
Darlington Nagbe,12.577161842005527
Fabian Johnson,0.0
Darlington Nagbe,21.66679487141559
Michael Bradley,14.067782341222072
Fabian Johnson,11.552056094046595
Jozy Altidore,43.48241023678427
Graham Zusi,0.0
Geoff Cameron,11.225862995778987
Darlington Nagbe,0.0
Tim Ream,14.465173694083317
Geoff Cameron,11.192463982519675
Christian Pulisic,0.0
Graham Zusi,0.0
Geoff Cameron,37.771947262485654
Clint Dempsey,11.25388821696748
Christian Pulisic,0.0
Michael Bradley,0.0
Tim Ream,19.690892564838197
Tim Ream,4.756574397610119
Michael Bradley,20.41200627082009
Tim Ream,0.0
Geoff Cameron,8.674747834951745
Michael Bradley,12.976950720411939
Geoff Cameron,12.06047262755486
Clint Dempsey,0.0
Darlington Nagbe,20.518802352963977
Fabian Johnson,0.0
Darlington Nagbe,0.0
Tim Ream,4.241609364380455
Darlington Nagbe,0.0
Geoff Cameron,11.928118040998752
Jozy Altidore,30.03747659175118
Geoff Cameron,4.071854614300467
Michael Bradley,13.809824401490406
Clint Dempsey,6.876772498781713
Geoff Cameron,12.707084638106418
Tim Ream,4.585302607244148
Darlington Nagbe,0.0
Michael Bradley,0.0
Graham Zusi,0.0
Michael Bradley,0.0
Clint Dempsey,0.0
Christian Pulisic,15.171189801726166
Fabian Johnson,26.359248851209706
Darlington Nagbe,44.35177561270799
Graham Zusi,13.600000000000001
Michael Bradley,4.020572098594918
Jordan Morris,5.055813485483811
Christian Pulisic,33.986026540329746
Tim Ream,13.441400596664023
Geoff Cameron,22.65137964893088
Darlington Nagbe,11.6619037896906
Tim Ream,9.213305595713194
Michael Bradley,38.02130981436594
Geoff Cameron,14.145361430518491
Darlington Nagbe,0.0
Tim Ream,29.03741121381175
Bobby Wood,0.0
Darlington Nagbe,0.0
Geoff Cameron,27.940315853619122
Tim Ream,0.0
Geoff Cameron,8.306699103735491
Michael Bradley,130.2367075750919
Clint Dempsey,18.873261509341738
Michael Bradley,18.435834670553984
Darlington Nagbe,22.55681715136249
Geoff Cameron,7.824400935534938
Michael Bradley,109.55637818036884
Michael Bradley,86.3824056159586
Jozy Altidore,62.391024995587316
Jozy Altidore,64.42864269872524
Fabian Johnson,15.250573759698359
Darlington Nagbe,0.0
Michael Bradley,26.62294593015582
Darlington Nagbe,60.74207767273028
Michael Bradley,0.0
Tim Ream,9.429276218247084
Michael Bradley,18.19299315670733
Jozy Altidore,0.0
Geoff Cameron,7.580237463298888
Fabian Johnson,0.0
Tim Ream,0.0
Geoff Cameron,9.741663102366047
Michael Bradley,38.16968692562201
Bobby Wood,0.0
Michael Bradley,0.0
Christian Pulisic,16.492422502470635
Omar González,13.091218430688565
Kellyn Acosta,0.0
Omar González,0.0
Omar González,17.616327653628613
DeAndre Yedlin,14.580509250365713
DeAndre Yedlin,25.2682607236826
Christian Pulisic,0.0
Paul Arriola,0.0
Christian Pulisic,21.017254815983943
Christian Pulisic,52.32829062753722
Paul Arriola,15.131795993866687
Christian Pulisic,66.63212438456395
Omar González,2.6580067720004
Geoff Cameron,0.0
Tim Ream,12.515640215346558
Kellyn Acosta,11.716281406658009
Christian Pulisic,12.096745430073332
Geoff Cameron,113.80702965985888
Christian Pulisic,97.90490283943902
Bobby Wood,0.0
DaMarcus Beasley,0.0
Kellyn Acosta,17.823579887329004
Bobby Wood,35.67856499356441
DaMarcus Beasley,0.0
Michael Bradley,11.032905329059972
DeAndre Yedlin,0.0
Michael Bradley,19.961963831246663
Paul Arriola,4.1086798366385295
Kellyn Acosta,22.989807524205162
DeAndre Yedlin,36.562412393057436
Bobby Wood,52.996698010347814
Paul Arriola,34.23202082845826
Paul Arriola,0.0
Tim Ream,20.99547570311281
Tim Ream,7.100000000000001
Christian Pulisic,0.0
Tim Ream,0.0
DaMarcus Beasley,0.0
Michael Bradley,14.001964147932961
Tim Ream,0.0
DaMarcus Beasley,24.960593943253837
DaMarcus Beasley,0.0
Geoff Cameron,8.593674999672723
Michael Bradley,19.018444994268066
Omar González,9.999249971872892
Michael Bradley,50.760626966183146
Christian Pulisic,0.0
Paul Arriola,51.81544171383663
DaMarcus Beasley,18.957584234284703
Christian Pulisic,42.289596829480395
DaMarcus Beasley,30.416114150232932
Bobby Wood,1.705872210923201
Kellyn Acosta,16.574113852631758
DeAndre Yedlin,6.785646616203941
DeAndre Yedlin,46.10992301012873
Geoff Cameron,15.14001321003387
Geoff Cameron,9.789854442227423
Christian Pulisic,0.0
Geoff Cameron,21.789246200821175
Tim Ream,6.836025892285662
Geoff Cameron,2.5768197453450252
Christian Pulisic,0.0
DeAndre Yedlin,6.928203230275509
Geoff Cameron,11.251888730342118
DaMarcus Beasley,16.919552299041484
DaMarcus Beasley,0.0
DaMarcus Beasley,17.886377497973132
Paul Arriola,0.0
Christian Pulisic,48.72217154438007
DeAndre Yedlin,0.0
Geoff Cameron,23.9592362148713
DeAndre Yedlin,70.38550987241625
Christian Pulisic,0.0
Christian Pulisic,60.45461107310177
DaMarcus Beasley,11.646029366269001
Kellyn Acosta,20.134050759844623
Kellyn Acosta,0.0
Tim Ream,9.172853972455899
Michael Bradley,16.874981481471327
Christian Pulisic,0.0
DaMarcus Beasley,0.0
Kellyn Acosta,0.0
Geoff Cameron,10.733650357636957
Michael Bradley,0.0
Omar González,9.025242379016754
Michael Bradley,24.12229259419593
Darlington Nagbe,25.06970283030898
Bobby Wood,60.75952600210113
Kellyn Acosta,0.0
Tim Ream,17.5681885804997
Christian Pulisic,0.0
Tim Ream,0.0
Michael Bradley,7.712651943397939
Tim Ream,17.10968293101892
Kellyn Acosta,0.0
DaMarcus Beasley,52.602863515211794
Kellyn Acosta,37.71803282251076
Darlington Nagbe,0.0
Kellyn Acosta,16.756230184620883
DaMarcus Beasley,4.883134239399935
Bobby Wood,2.289104628451917
Darlington Nagbe,9.638205227115677
Jozy Altidore,31.723808094237373
DeAndre Yedlin,0.0
Omar González,8.067295085714909
DaMarcus Beasley,0.0
Clint Dempsey,0.0
Michael Bradley,10.198039027185569
Christian Pulisic,0.0
DeAndre Yedlin,0.0
John Brooks,12.733862336306295
Jorge Villafaña,0.0
John Brooks,16.60737787852134
Jorge Villafaña,11.903570892803554
Fabian Johnson,0.0
Clint Dempsey,0.0
Jorge Villafaña,9.893495337846986
Clint Dempsey,5.062114182829147
Michael Bradley,12.727922061357853
John Brooks,20.233666252066143
Jorge Villafaña,0.0
John Brooks,0.0
Michael Bradley,0.0
Geoff Cameron,54.062556358352126
Jozy Altidore,46.5807900319434
Geoff Cameron,35.48647629731641
Clint Dempsey,30.39358484943818
Geoff Cameron,18.711259978953844
DeAndre Yedlin,92.50778345631252
Darlington Nagbe,67.7921086853035
DeAndre Yedlin,23.866294224282072
Jorge Villafaña,0.0
Jorge Villafaña,0.0
John Brooks,12.230750181407517
Michael Bradley,16.174980680050286
Darlington Nagbe,4.751973274335621
Clint Dempsey,41.170013359240016
Christian Pulisic,88.62420662550385
Jorge Villafaña,36.141942393844865
Geoff Cameron,0.0
Jorge Villafaña,0.0
Geoff Cameron,6.016747460214696
Michael Bradley,0.0
John Brooks,23.576683396949626
Geoff Cameron,31.455365202139987
Darlington Nagbe,0.0
Clint Dempsey,32.82925524589313
Michael Bradley,17.98419444957155
Jorge Villafaña,19.450706928027053
Fabian Johnson,0.0
Michael Bradley,14.590450644171344
John Brooks,16.801227633717723
Jorge Villafaña,0.0
Michael Bradley,0.0
DeAndre Yedlin,29.16541187777056
Darlington Nagbe,13.954210834009904
John Brooks,8.532364853896018
Michael Bradley,14.549914089093447
Geoff Cameron,22.52121222314642
DeAndre Yedlin,0.0
Geoff Cameron,17.254709502046094
Darlington Nagbe,0.0
Michael Bradley,0.0
Geoff Cameron,0.0
John Brooks,31.809923766019928
Geoff Cameron,27.055868125048217
Darlington Nagbe,11.198269955667259
DeAndre Yedlin,0.0
Michael Bradley,47.71562899092917
Jorge Villafaña,26.462237244798484
Fabian Johnson,33.232664653921454
DeAndre Yedlin,10.698656457705331
Geoff Cameron,10.86669222900879
Michael Bradley,0.0
DeAndre Yedlin,0.0
Geoff Cameron,16.114628447469705
John Brooks,9.61723712923832
Christian Pulisic,0.0
John Brooks,12.75245074485685
DeAndre Yedlin,0.0
Geoff Cameron,18.08124027825525
John Brooks,27.87373315506913
Christian Pulisic,0.0
John Brooks,17.28192697589016
Geoff Cameron,14.156447294430901
Clint Dempsey,21.26690504046135
Darlington Nagbe,0.0
Clint Dempsey,16.981166037701886
Darlington Nagbe,41.18361324604729
Jorge Villafaña,24.473889147415864
John Brooks,19.282148479876405
Geoff Cameron,10.807000046266307
Clint Dempsey,8.931965069345043
DeAndre Yedlin,0.0
Clint Dempsey,0.0
Michael Bradley,25.356089012306292
Fabian Johnson,0.0
Jorge Villafaña,0.0
Michael Bradley,0.0
John Brooks,22.304259682849857
Darlington Nagbe,13.804528242573156
Christian Pulisic,0.0
Darlington Nagbe,13.369788704388714
Fabian Johnson,0.0
Darlington Nagbe,23.778246360907268
DeAndre Yedlin,0.0
John Brooks,20.307418595183382
Jorge Villafaña,104.05349585669867
Darlington Nagbe,73.49231252314759
DeAndre Yedlin,0.0
Darlington Nagbe,29.830186053727523
Christian Pulisic,6.905070600652836
DeAndre Yedlin,0.0
Michael Bradley,6.138505518446644
DeAndre Yedlin,19.40412327316027
Fabian Johnson,18.063256904556276
Christian Pulisic,0.0
Fabian Johnson,0.0
Michael Bradley,8.636043654359332
Darlington Nagbe,16.552492259475606
DeAndre Yedlin,0.0
Darlington Nagbe,34.35127362995439
Christian Pulisic,30.335622624235025
Darlington Nagbe,0.0
John Brooks,0.0
Geoff Cameron,7.088018058667747
Darlington Nagbe,5.512825954081995
DeAndre Yedlin,0.0
Darlington Nagbe,0.0
Geoff Cameron,0.0
John Brooks,26.731629205867716
Jorge Villafaña,0.0
Michael Bradley,28.34801580357962
Darlington Nagbe,19.83128840998486
Clint Dempsey,21.233935103979185
Christian Pulisic,47.85185471849546
DeAndre Yedlin,22.22633573038975
Darlington Nagbe,14.627542514038373
Christian Pulisic,0.0
Darlington Nagbe,40.56007889538678
Michael Bradley,27.87758956581431
Jorge Villafaña,14.49292931052932
Fabian Johnson,0.0
Michael Bradley,25.01821836182584
Darlington Nagbe,64.7172310903364
Christian Pulisic,97.57094854514841
Jorge Villafaña,0.0
John Brooks,0.0
Geoff Cameron,11.724386977577979
John Brooks,0.0
Geoff Cameron,20.026014331364088
Jozy Altidore,0.0
Michael Bradley,40.14623269996827
Clint Dempsey,27.988569095257443
Michael Bradley,33.877426112383446
Jozy Altidore,95.1433129547211
Jorge Villafaña,44.2596882049569
Geoff Cameron,12.613137991792525
Jozy Altidore,29.602787030953685
Jorge Villafaña,13.775340286178054
John Brooks,16.91567320563979
DeAndre Yedlin,6.1262753774214245
Geoff Cameron,14.537236670014009
John Brooks,13.27784809372362
Jorge Villafaña,15.860012610335469
Fabian Johnson,0.0
Jorge Villafaña,8.71923161752227
Clint Dempsey,9.532116763867299
Michael Bradley,0.0
Clint Dempsey,20.43162377296528
Jorge Villafaña,0.0
John Brooks,20.22847621547407
Geoff Cameron,21.04854508036125
Darlington Nagbe,0.0
DeAndre Yedlin,9.024411338142789
Darlington Nagbe,19.68247951859726
Michael Bradley,39.14537009660274
DeAndre Yedlin,0.0
Geoff Cameron,13.870156812379593
John Brooks,18.102071704641983
Christian Pulisic,0.0
John Brooks,14.369411957348845
Geoff Cameron,22.03361068912673
DeAndre Yedlin,48.373546489791295
Jorge Villafaña,15.21056376338497
Michael Bradley,12.818151192742269
Geoff Cameron,24.42427071582691
DeAndre Yedlin,3.0579813603094443
Darlington Nagbe,0.0
Michael Bradley,2.4619606008220365
Clint Dempsey,0.0
Jorge Villafaña,48.10000000000001
Christian Pulisic,0.0
Geoff Cameron,8.805396072863504
Michael Bradley,27.733463541361004
Darlington Nagbe,93.88892373437885
Michael Bradley,7.903163923391694
Clint Dempsey,0.0
Michael Bradley,10.42215188912539
Darlington Nagbe,24.089650267282835
Clint Dempsey,22.04948979001556
DeAndre Yedlin,82.72000967117933
Fabian Johnson,21.631689716709616
Fabian Johnson,0.0
Darlington Nagbe,36.712940497868054
DeAndre Yedlin,0.0
Geoff Cameron,32.91944713995056
DeAndre Yedlin,2.718685344058775
Geoff Cameron,8.336965874945154
John Brooks,32.14718105837587
Jorge Villafaña,0.0
John Brooks,26.069162817397874
Jorge Villafaña,55.91422001602098
Fabian Johnson,42.23564845009485
Michael Bradley,14.033219516561411
John Brooks,14.901048620818601
Jorge Villafaña,32.60369994341133
Jozy Altidore,0.0
DeAndre Yedlin,0.0
John Brooks,10.30606617483121
Michael Bradley,0.0
John Brooks,0.0
Michael Bradley,0.0
Geoff Cameron,28.062875832672606
John Brooks,16.901812033033618
Michael Bradley,0.0
Geoff Cameron,31.08761811396943
Jorge Villafaña,47.97676520983883
Darlington Nagbe,60.80526293011156
DeAndre Yedlin,40.76125611410915
Darlington Nagbe,39.31933366678532
Michael Bradley,77.21094482001887
Darlington Nagbe,36.7853231601953
DeAndre Yedlin,0.0
Geoff Cameron,0.0
John Brooks,15.309188417417822
Jorge Villafaña,7.969002446981676
Christian Pulisic,0.0
John Brooks,21.000267855434604
Geoff Cameron,33.80075812759235
Geoff Cameron,9.56347217280418
Darlington Nagbe,2.6334388164527383
Michael Bradley,0.0
DeAndre Yedlin,8.285604986963836
Michael Bradley,6.95494428446411
Fabian Johnson,0.0
DeAndre Yedlin,5.71358031360372
Geoff Cameron,13.322584208778714
John Brooks,23.565679493704394
Jorge Villafaña,99.0032322704668
DeAndre Yedlin,13.7706209010342
Geoff Cameron,13.905574421792148
John Brooks,14.843222359043205
Jorge Villafaña,7.836134251019439
Michael Bradley,0.0
John Brooks,12.742497792819114
Jorge Villafaña,36.96870297968269
DeAndre Yedlin,24.505101509685698
Darlington Nagbe,28.59108252585064
Michael Bradley,0.0
John Brooks,5.252142420003483
Christian Pulisic,0.0
John Brooks,0.0
Geoff Cameron,19.39797025464262
DeAndre Yedlin,0.0
John Brooks,25.885927644185365
Geoff Cameron,52.49609509287334
Clint Dempsey,10.870602559196033
Jorge Villafaña,0.0
John Brooks,7.922436493907669
Jorge Villafaña,0.0
John Brooks,6.9014491231914485
Jorge Villafaña,8.933924109818708
DeAndre Yedlin,0.0
John Brooks,7.343704787094864
Michael Bradley,6.1123849682427585
Christian Pulisic,0.0
Geoff Cameron,17.58298182903002
John Brooks,41.89540547601848
DeAndre Yedlin,26.811005203087777
Darlington Nagbe,35.66188441459596
Clint Dempsey,75.09886816723672
DeAndre Yedlin,27.603079538341348
Darlington Nagbe,12.185236969382242
Geoff Cameron,8.409518416651448
Christian Pulisic,0.0
Geoff Cameron,15.291214798046616
DeAndre Yedlin,0.0
Geoff Cameron,61.40766442391373
Jorge Villafaña,29.181158304632117
Geoff Cameron,0.0
DeAndre Yedlin,5.766389685062918
Geoff Cameron,8.232936900037556
Michael Bradley,0.0
Geoff Cameron,11.252166458064865
John Brooks,30.355559622579843
Jorge Villafaña,34.67854163600309
John Brooks,18.66882428006648
Jorge Villafaña,0.0
Michael Bradley,0.0
Geoff Cameron,21.214264069253034
DeAndre Yedlin,19.19426997830342
Darlington Nagbe,0.0
DeAndre Yedlin,40.400123762186645
Geoff Cameron,33.5475781540188
Clint Dempsey,0.0
John Brooks,25.500588228509557
Geoff Cameron,0.0
John Brooks,8.425037091906479
Christian Pulisic,16.09165156222319
Geoff Cameron,17.796207461141826
Darlington Nagbe,0.0
Geoff Cameron,8.472897969408105
Christian Pulisic,5.832773782686929
DeAndre Yedlin,10.663254662625297
Jozy Altidore,97.3135653442006
Kellyn Acosta,0.0
Fabian Johnson,0.0
Michael Bradley,20.999761903412143
John Brooks,0.0
Geoff Cameron,19.907159516113794
DeAndre Yedlin,0.0
Geoff Cameron,0.0
John Brooks,0.0
DeAndre Yedlin,12.658001422025517
Christian Pulisic,13.72679860710428
Jorge Villafaña,0.0
Christian Pulisic,0.0
Michael Bradley,8.640601830891182
Jorge Villafaña,0.0
John Brooks,0.0
Geoff Cameron,181.11797260349397
Darlington Nagbe,0.0
DeAndre Yedlin,12.01545879273863
Michael Bradley,16.08543595927695
DeAndre Yedlin,3.9648455203198014
Geoff Cameron,7.048758755979667
Kellyn Acosta,0.0
Michael Bradley,8.532364853896016
Darlington Nagbe,19.697715603592215
Fabian Johnson,25.09325108470404
Alejandro Bedoya,0.0
Kellyn Acosta,0.0
Christian Pulisic,0.0
Kellyn Acosta,8.297062733280976
John Brooks,12.424169992397884
Michael Bradley,0.0
Kellyn Acosta,54.65099495892092
DeAndre Yedlin,28.374636561549135
Christian Pulisic,59.3956227343396
Alejandro Bedoya,0.0
DeAndre Yedlin,28.617651895290066
Christian Pulisic,0.0
Alejandro Bedoya,0.0
DeAndre Yedlin,11.887914030644746
Alejandro Bedoya,0.0
DeAndre Yedlin,19.841622917493417
Alejandro Bedoya,0.0
DeAndre Yedlin,62.36160677852998
Michael Bradley,12.769935395294683
Darlington Nagbe,0.0
Darlington Nagbe,0.0
DeAndre Yedlin,0.0
Geoff Cameron,12.385525826544468
DeAndre Yedlin,0.0
Geoff Cameron,24.47059459841546
DeAndre Yedlin,5.861846978555479
Kellyn Acosta,0.0
DeAndre Yedlin,0.0
John Brooks,0.0
Michael Bradley,0.0
Geoff Cameron,37.015132040828924
Jorge Villafaña,7.951100552753687
Kellyn Acosta,14.736392027901529
DeAndre Yedlin,58.34320868790131
Christian Pulisic,20.5
Darlington Nagbe,23.224340679554267
Kellyn Acosta,33.270407271327464
DeAndre Yedlin,0.0
DeAndre Yedlin,0.0
Geoff Cameron,24.422940035958003
DeAndre Yedlin,31.66212248097084
Alejandro Bedoya,37.17472259479551
John Brooks,0.0
Geoff Cameron,16.250846131817262
DeAndre Yedlin,5.057791019803014
Kellyn Acosta,6.161168720299744
DeAndre Yedlin,11.682679487172456
Kellyn Acosta,0.0
DeAndre Yedlin,0.0
Geoff Cameron,0.0
Jorge Villafaña,6.4390410776760865
Michael Bradley,15.35008143300875
Christian Pulisic,0.0
Michael Bradley,7.072481884034769
Kellyn Acosta,32.08777025597136
DeAndre Yedlin,0.0
Kellyn Acosta,0.0
DeAndre Yedlin,0.0
Geoff Cameron,19.29702049540291
Michael Bradley,16.573623623094612
Jorge Villafaña,0.0
Michael Bradley,42.26014671058302
Christian Pulisic,48.8
Michael Bradley,10.751744044572485
Jorge Villafaña,0.0
Christian Pulisic,5.053711507397314
Jorge Villafaña,18.52893008244136
Darlington Nagbe,0.0
Jorge Villafaña,0.0
Christian Pulisic,7.174346660149617
Jorge Villafaña,67.88586008882851
Darlington Nagbe,0.0
Christian Pulisic,34.618492168203964
Bobby Wood,23.517015116719197
Christian Pulisic,33.8585292060952
Kellyn Acosta,0.0
Jorge Villafaña,17.300289014926882
Darlington Nagbe,0.0
Jorge Villafaña,0.0
Michael Bradley,0.0
John Brooks,10.264745491243316
Geoff Cameron,14.369455452451916
Michael Bradley,0.0
Geoff Cameron,0.0
John Brooks,33.61108448116484
Darlington Nagbe,0.0
Jorge Villafaña,2.625119044919681
Jorge Villafaña,0.0
Darlington Nagbe,0.0
John Brooks,16.0099968769516
Geoff Cameron,27.294894211189018
Geoff Cameron,0.0
Geoff Cameron,19.15492756446758
John Brooks,11.58317745698476
Jorge Villafaña,11.101576464628797
Kellyn Acosta,57.89732290874942
Alejandro Bedoya,9.31450481775601
Bobby Wood,7.090927301841419
Darlington Nagbe,15.091098369568732
Christian Pulisic,0.0
Darlington Nagbe,0.0
Clint Dempsey,0.0
Christian Pulisic,0.0
Tim Ream,0.0
Omar González,9.183136719008381
Graham Zusi,0.0
Omar González,17.099853800544608
Tim Ream,13.817923143511836
Jorge Villafaña,0.0
Tim Ream,0.0
Omar González,12.473622168400007
Jermaine Jones,27.872410193594668
Omar González,17.23952580554349
Omar González,14.549398613001157
Tim Ream,22.06535746368048
Michael Bradley,3.891175914810333
Jorge Villafaña,9.17196816392206
Darlington Nagbe,6.227459353540576
Michael Bradley,0.0
Jorge Villafaña,0.0
Michael Bradley,0.0
Omar González,164.41097895213687
Tim Ream,7.942291860665912
Michael Bradley,0.0
Omar González,22.8243565079062
Tim Ream,0.0
Michael Bradley,9.833361581880327
Omar González,13.823349811098613
Graham Zusi,0.0
Tim Ream,6.694774081326421
Michael Bradley,14.372586753956298
Omar González,0.0
Michael Bradley,15.636815532582073
Tim Ream,16.41950060141902
Christian Pulisic,0.0
Jorge Villafaña,0.0
Tim Ream,0.0
Omar González,16.171927838077938
Clint Dempsey,0.0
Graham Zusi,13.513373006026287
Omar González,15.405883616333083
Graham Zusi,0.0
Omar González,14.249605257690476
Tim Ream,10.610431188222277
Jozy Altidore,30.5
Graham Zusi,6.3349230460993
Michael Bradley,0.0
Omar González,0.0
Tim Ream,0.0
Jorge Villafaña,23.200431030478722
Darlington Nagbe,6.9354163537598845
Clint Dempsey,0.0
Darlington Nagbe,7.6550636836018535
Tim Ream,0.0
Tim Ream,9.21527264924918
Michael Bradley,9.715515941009
Tim Ream,10.380811625301755
Jorge Villafaña,0.0
Jorge Villafaña,34.36628071234943
Clint Dempsey,53.9881468472479
Darlington Nagbe,0.0
Jorge Villafaña,3.728438010749271
Michael Bradley,15.08674915281619
Tim Ream,0.0
Omar González,9.073863565207493
Michael Bradley,35.24260560741784
Graham Zusi,0.0
Jermaine Jones,0.0
Omar González,11.881077392223313
Jorge Villafaña,0.0
Michael Bradley,0.0
Omar González,11.661903789690596
Graham Zusi,11.60193949303305
Graham Zusi,13.038404810405291
Jorge Villafaña,25.31741001761436
Darlington Nagbe,7.476045077445692
Christian Pulisic,0.0
Michael Bradley,0.0
Omar González,15.538983235720416
Tim Ream,18.87700320495814
Jorge Villafaña,7.071863262252742
Clint Dempsey,0.0
Darlington Nagbe,0.0
Jermaine Jones,10.071742649611341
Graham Zusi,0.0
Michael Bradley,0.0
Tim Ream,0.0
Michael Bradley,11.10365930673308
Jermaine Jones,74.79846255104447
Jermaine Jones,0.0
Michael Bradley,18.392423711952702
Omar González,4.40454310910905
Jozy Altidore,6.4055639876594785
Michael Bradley,116.70355607264072
Graham Zusi,0.0
Tim Ream,13.192611568601567
Jorge Villafaña,0.0
Tim Ream,0.0
Michael Bradley,11.917686436553028
Tim Ream,21.193513158511497
Jermaine Jones,0.0
Tim Ream,0.0
Michael Bradley,0.0
Omar González,8.70868819053708
Tim Ream,0.0
Omar González,39.40919943363478
Michael Bradley,10.796527219434958
Michael Bradley,0.0
Omar González,11.65337933820057
Jorge Villafaña,25.296467144642943
Tim Ream,0.0
Omar González,12.384466076500836
Jorge Villafaña,11.252166458064865
Darlington Nagbe,0.0
Jermaine Jones,19.166931157595357
Clint Dempsey,100.81155687717555
Darlington Nagbe,6.42271360096338
Clint Dempsey,21.900799072179993
Christian Pulisic,56.7331472774074
Christian Pulisic,0.0
Graham Zusi,0.0
Michael Bradley,0.0
Omar González,22.398660674245676
Graham Zusi,0.0
Omar González,0.0
Tim Ream,14.781407240178451
Jorge Villafaña,0.0
Tim Ream,0.0
Michael Bradley,15.820911794204534
Tim Ream,0.0
Michael Bradley,13.394588459523494
Omar González,8.163638894512667
Christian Pulisic,16.892897915988225
Jozy Altidore,0.0
Omar González,10.226986359627158
Clint Dempsey,10.831955040527076
Christian Pulisic,0.0
Graham Zusi,11.19826995566726
Christian Pulisic,33.17727008058378
Graham Zusi,29.197945133176766
Jermaine Jones,12.053267191927672
Graham Zusi,0.0
Michael Bradley,0.0
Jermaine Jones,4.608823060174902
Graham Zusi,0.0
Jermaine Jones,0.0
Michael Bradley,0.0
Tim Ream,9.070901278263369
Jorge Villafaña,0.0
Darlington Nagbe,29.675916161089283
Tim Ream,7.758946449099899
Michael Bradley,0.0
Tim Ream,10.636493783197542
Michael Bradley,14.458604704465783
Michael Bradley,20.12017022790812
Christian Pulisic,0.0
Jermaine Jones,21.13294229396371
Darlington Nagbe,66.49107082909704
Jorge Villafaña,43.56328729561168
Michael Bradley,0.0
Darlington Nagbe,16.838720260162308
Michael Bradley,0.0
Graham Zusi,12.749558815896336
Michael Bradley,8.146855221494977
Graham Zusi,4.392038251199551
Michael Bradley,0.0
Graham Zusi,0.0
Tim Ream,12.962638620280982
Jorge Villafaña,0.0
Tim Ream,13.29741516235392
Clint Dempsey,0.0
Tim Ream,16.425323436693724
Jorge Villafaña,15.420765220960988
Michael Bradley,98.83648111906857
Omar González,34.09400607144897
Jozy Altidore,0.0
Michael Bradley,9.299529557993784
Jorge Villafaña,38.49259669079237
Graham Zusi,17.374442437097084
Christian Pulisic,15.628499608087804
Clint Dempsey,22.763347732703977
Darlington Nagbe,40.50283940663916
Darlington Nagbe,0.0
Jermaine Jones,0.0
Michael Bradley,6.864765108872995
Jermaine Jones,0.0
Michael Bradley,0.0
Tim Ream,20.563347246982918
Omar González,9.765500499206379
Michael Bradley,10.727592926654141
Tim Ream,26.275107040695378
Jorge Villafaña,81.75530563822755
Omar González,8.0784435382071
Clint Dempsey,0.0
Graham Zusi,0.0
Omar González,0.0
Tim Ream,8.389353371982848
Jorge Villafaña,0.0
Tim Ream,0.0
Omar González,0.0
Tim Ream,0.0
Omar González,25.606078379947213
Jermaine Jones,38.46686886139812
Clint Dempsey,0.0
Darlington Nagbe,0.0
Jorge Villafaña,0.0
Tim Ream,12.329284245243112
Michael Bradley,0.0
Tim Ream,9.145764046814241
Jorge Villafaña,10.7501162784409
Omar González,9.12249965744039
Christian Pulisic,0.0
Michael Bradley,0.0
Tim Ream,5.848183478653861
Michael Bradley,0.0
Omar González,11.229425630903833
Alejandro Bedoya,0.0
Graham Zusi,0.0
Michael Bradley,0.0
Omar González,23.207784254426358
Jorge Villafaña,12.593649193144921
Jorge Villafaña,0.0
Michael Bradley,0.0
Tim Ream,37.87269794984245
Michael Bradley,4.676002566295267
Alejandro Bedoya,62.494159727129684
Christian Pulisic,0.0
Jorge Villafaña,9.65828659752859
Clint Dempsey,0.0
Jorge Villafaña,17.83928249678221
Christian Pulisic,11.228535078094549
Jermaine Jones,59.115141884292214
Alejandro Bedoya,0.0
Omar González,14.575707529996613
Alejandro Bedoya,0.0
Jorge Villafaña,0.0
Tim Ream,11.032282175506571
Omar González,6.100409822298828
Michael Bradley,34.72002304146701
Michael Bradley,12.974397866567834
Graham Zusi,10.816653826391969
Alejandro Bedoya,0.0
Graham Zusi,0.0
Alejandro Bedoya,0.0
Graham Zusi,0.0
Omar González,0.0
Tim Ream,27.516018062212424
Jorge Villafaña,0.0
Michael Bradley,56.987114771674484
Alejandro Bedoya,36.40879014743557
Michael Bradley,7.206941098690896
Alejandro Bedoya,0.0
Graham Zusi,0.0
Omar González,10.346980235798263
Michael Bradley,0.0
Omar González,31.319323108905145
Jorge Villafaña,28.605593858544506
Tim Ream,0.0
Jorge Villafaña,0.0
Michael Bradley,2.0796634343085416
Jorge Villafaña,0.0
Tim Ream,13.38805437694365
Kellyn Acosta,4.459260028300659
Michael Bradley,0.0
Tim Ream,17.372967507020782
Omar González,4.550274716981386
Kellyn Acosta,12.204968250675623
Omar González,0.0
Tim Ream,22.63768981146265
Jorge Villafaña,34.90573018860943
Kellyn Acosta,34.66193878016636
Clint Dempsey,0.0
Tim Ream,0.0
Graham Zusi,0.0
Omar González,0.0
Tim Ream,0.0
Omar González,0.0
Tim Ream,32.50232683978179
Paul Arriola,7.705274167737325
Graham Zusi,0.0
Omar González,0.0
Tim Ream,54.39927619003766
Graham Zusi,0.0
Michael Bradley,46.23203705224333
Paul Arriola,0.0
Graham Zusi,31.17388730973409
Graham Zusi,9.959982429703368
Michael Bradley,37.850033025084656
John Brooks,14.513958798343063
Christian Pulisic,0.0
Michael Bradley,32.116837484409956
Clint Dempsey,0.0
Omar González,0.0
John Brooks,0.0
Jorge Villafaña,3.8418745424597103
Jorge Villafaña,0.0
Michael Bradley,0.0
Omar González,24.189667215569546
Jorge Villafaña,13.743362034087582
Jozy Altidore,7.3485542795845245
Darlington Nagbe,11.698343899886009
Geoff Cameron,0.0
nan,0.0
Michael Bradley,0.0
John Brooks,9.300067204058257
Jorge Villafaña,0.0
Omar González,0.0
Geoff Cameron,0.0
Clint Dempsey,20.432877917708996
Jozy Altidore,0.0
Michael Bradley,57.720100485012985
Omar González,15.021983890285599
Geoff Cameron,10.182583169314153
Christian Pulisic,0.0
Geoff Cameron,0.0
Geoff Cameron,55.6089920786198
Jozy Altidore,10.818964830333828
Jozy Altidore,67.72422018746319
nan,23.21273895945931
nan,14.875525200812238
nan,8.725322343615739
Omar González,11.53911825054237
John Brooks,0.0
Omar González,15.155898191793188
Michael Bradley,13.308315069910238
Jorge Villafaña,12.16223663640862
Jorge Villafaña,8.555992052357224
Christian Pulisic,0.0
Michael Bradley,4.696275119709235
Jorge Villafaña,14.173919711921616
Jorge Villafaña,16.27425113484488
Darlington Nagbe,0.0
Michael Bradley,26.99712947703885
nan,0.0
Darlington Nagbe,14.239382009062048
Jorge Villafaña,0.0
Geoff Cameron,9.675484483993552
nan,0.0
Michael Bradley,12.013325934144968
Darlington Nagbe,0.0
Christian Pulisic,3.104834939252004
Clint Dempsey,0.0
nan,0.0
Geoff Cameron,43.72647939178273
Christian Pulisic,7.622417595487668
Clint Dempsey,0.0
Darlington Nagbe,47.4573492727944
nan,20.415680248279713
Darlington Nagbe,0.0
Omar González,0.0
John Brooks,9.051035852321
Michael Bradley,0.0
John Brooks,0.0
Omar González,0.0
Geoff Cameron,36.819084725180225
Michael Bradley,0.0
Darlington Nagbe,0.0
Michael Bradley,0.0
Darlington Nagbe,0.0
Jorge Villafaña,0.0
John Brooks,9.809752800147411
Omar González,32.81737344761155
Omar González,203.45576914897248
Alejandro Bedoya,13.100190838304608
Jozy Altidore,8.525329905640012
Darlington Nagbe,0.0
Alejandro Bedoya,0.0
Michael Bradley,7.923698631321111
Darlington Nagbe,19.52856881596805
Jorge Villafaña,0.0
Darlington Nagbe,0.0
Michael Bradley,26.749672895196305
Clint Dempsey,0.0
Darlington Nagbe,0.0
Michael Bradley,0.0
Omar González,17.928747864811967
Alejandro Bedoya,4.035003097892244
Jorge Villafaña,19.09793837041056
Jorge Villafaña,22.678431383144645
Darlington Nagbe,14.154857823376398
Clint Dempsey,59.92562056416271
Michael Bradley,0.0
Clint Dempsey,5.583121886543407
Christian Pulisic,0.0
Omar González,182.12753773111854
Jorge Villafaña,6.491725502514728
Darlington Nagbe,0.0
Jorge Villafaña,11.624112869376296
Michael Bradley,33.22175492053363
Jozy Altidore,5.894064811316546
Alejandro Bedoya,0.0
Alejandro Bedoya,6.417359269980154
Christian Pulisic,0.0
Alejandro Bedoya,0.0
Michael Bradley,26.72641483626264
Jozy Altidore,0.0
Darlington Nagbe,0.0
Jozy Altidore,8.946577557926826
John Brooks,9.011728469056312
Michael Bradley,0.0
Geoff Cameron,0.0
Darlington Nagbe,0.0
Jorge Villafaña,10.047138896223146
Darlington Nagbe,7.111961754677815
Christian Pulisic,42.68219769412065
Jozy Altidore,1.578369411766468
Clint Dempsey,5.281216715871442
Michael Bradley,29.914712099567318
Clint Dempsey,32.34331461059611
Michael Bradley,0.0
Jorge Villafaña,10.275273718981898
Darlington Nagbe,0.0
Michael Bradley,0.0
John Brooks,0.0
Alejandro Bedoya,5.102082907989635
Christian Pulisic,8.135185922890765
Jozy Altidore,0.0
Geoff Cameron,0.0
Michael Bradley,11.636633963479301
Jozy Altidore,9.386160024205846
Clint Dempsey,2.867272222862699
Jozy Altidore,62.04288839182134
Michael Bradley,36.94083106807425
Clint Dempsey,23.505318547086326
Alejandro Bedoya,27.21993754585047
Jozy Altidore,0.0
Alejandro Bedoya,0.0
John Brooks,0.0
Omar González,14.751440607615242
Geoff Cameron,26.110941193300558
Christian Pulisic,43.39563630136098
Alejandro Bedoya,46.59967811047625
Geoff Cameron,25.252821624523467
Clint Dempsey,29.481010837486544
Jozy Altidore,17.15925406304135
Jozy Altidore,0.0
Christian Pulisic,4.9033152050423965
Jorge Villafaña,9.755062788111617
John Brooks,12.426383222804615
Darlington Nagbe,8.901123524589465
Clint Dempsey,2.3021728866442683
Christian Pulisic,0.0
Michael Bradley,28.401848531389643
Alejandro Bedoya,9.190824228544475
Clint Dempsey,29.16710475861466
Jozy Altidore,21.850629281556138
Geoff Cameron,27.31924687834568
Michael Bradley,0.0
Omar González,0.0
Jozy Altidore,5.9464274989274015
Christian Pulisic,97.83583188178038
Michael Bradley,5.2212306978336045
Christian Pulisic,7.353995512644811
Jozy Altidore,7.891847058832302
Alejandro Bedoya,28.502653385255204
Darlington Nagbe,14.69527985442945
Alejandro Bedoya,8.184130986244053
Jozy Altidore,0.0
Christian Pulisic,12.390722335683249
Clint Dempsey,30.40263146505582
Michael Bradley,12.446334801860342
Darlington Nagbe,0.0
Alejandro Bedoya,0.0
Geoff Cameron,0.0
Omar González,0.0
John Brooks,0.0
Omar González,7.433707016018319
Michael Bradley,0.0
Omar González,36.579092388959026
Christian Pulisic,29.167104758614606
Jorge Villafaña,59.59465160566005
Jozy Altidore,0.0
Christian Pulisic,8.770404779712305
Michael Bradley,6.957010852370432
Alejandro Bedoya,12.35475616918441
Christian Pulisic,21.470910553583888
Darlington Nagbe,22.165062598603242
Jorge Villafaña,0.0
Michael Bradley,0.0
Omar González,18.601075237738268
Alejandro Bedoya,0.0
Michael Bradley,0.0
John Brooks,21.547882726616088
Christian Pulisic,4.836450144475804
Michael Bradley,11.057124400132253
Alejandro Bedoya,0.0
Michael Bradley,5.977562212139661
Alejandro Bedoya,0.0
Omar González,0.0
Michael Bradley,45.88334392783508
John Brooks,0.0
Omar González,19.143438823785033
Graham Zusi,0.0
Michael Bradley,0.0
Omar González,13.046886601791249
Graham Zusi,20.278590927379543
Alejandro Bedoya,0.0
Graham Zusi,15.705572259551706
Graham Zusi,5.089327067501164
Omar González,25.023813658193667
Clint Dempsey,0.0
Darlington Nagbe,6.817990906418103
Graham Zusi,9.198641204003993
Alejandro Bedoya,0.0
Alejandro Bedoya,0.0
Michael Bradley,3.4677081768799405
Graham Zusi,20.380904052568432
Alejandro Bedoya,10.415433260311342
Clint Dempsey,0.0
Jozy Altidore,0.0
Alejandro Bedoya,0.0
Michael Bradley,0.0
Michael Bradley,14.779758117100567
Darlington Nagbe,0.0
John Brooks,0.0
Omar González,0.0
Jorge Villafaña,0.0
Tim Ream,7.97527428995392
Michael Bradley,12.870314681467582
Graham Zusi,0.0
Omar González,15.762019223437077
Graham Zusi,0.0
Omar González,5.608475728751976
Michael Bradley,0.0
Tim Ream,14.74860162862907
Jorge Villafaña,18.91071125050562
Omar González,0.0
Clint Dempsey,0.0
Alejandro Bedoya,6.43438031204249
Michael Bradley,0.0
Tim Ream,14.169156643922037
Michael Bradley,7.872182035496891
Darlington Nagbe,0.0
Tim Ream,0.0
Alejandro Bedoya,6.47852220803479
Clint Dempsey,0.0
Alejandro Bedoya,18.352111595127138
Jorge Villafaña,11.759251676871276
Jozy Altidore,0.0
Jorge Villafaña,0.0
Michael Bradley,0.0
Tim Ream,27.863237428554484
Darlington Nagbe,14.234509123956471
Jorge Villafaña,0.0
Omar González,21.444346574330492
Alejandro Bedoya,0.0
Graham Zusi,0.0
Omar González,8.202514858261464
Alejandro Bedoya,73.5250297517791
Jozy Altidore,38.265519727294965
Michael Bradley,6.986504848634974
Michael Bradley,10.107670354735554
Christian Pulisic,0.0
Darlington Nagbe,11.271202242884298
Jozy Altidore,28.552407954496587
Darlington Nagbe,35.64323217666993
Christian Pulisic,46.499892472993935
Michael Bradley,0.0
Jorge Villafaña,0.0
Tim Ream,0.0
Omar González,14.60017123187259
Graham Zusi,6.268273286958695
Alejandro Bedoya,0.0
Michael Bradley,11.531749650421656
Christian Pulisic,0.0
Michael Bradley,0.0
Omar González,8.006872048434392
Darlington Nagbe,0.0
Tim Ream,0.0
Tim Ream,0.0
Michael Bradley,0.0
Michael Bradley,21.002410575931517
Graham Zusi,0.0
Michael Bradley,0.0
Darlington Nagbe,0.0
Darlington Nagbe,0.0
Christian Pulisic,0.0
Michael Bradley,0.0
Omar González,0.0
Tim Ream,8.273149339882606
Jorge Villafaña,8.23802160715787
Christian Pulisic,26.102202972163102
Graham Zusi,3.4935655139126847
Alejandro Bedoya,4.767730067862476
Michael Bradley,9.068627239003705
Clint Dempsey,0.0
Michael Bradley,0.0
Tim Ream,5.703946002549463
Michael Bradley,0.0
Tim Ream,0.0
Tim Ream,8.309106450154552
Christian Pulisic,0.0
Michael Bradley,14.486027750905354
Alejandro Bedoya,23.39113079780454
Michael Bradley,16.137069126703274
Clint Dempsey,0.0
Michael Bradley,0.0
Omar González,17.634093398867996
Jorge Villafaña,5.400462943118859
Darlington Nagbe,0.0
Tim Ream,7.010795247331076
Michael Bradley,0.0
Clint Dempsey,18.356470248934027
Omar González,4.463322753285945
Alejandro Bedoya,5.101102821939584
Christian Pulisic,12.041594578792296
Graham Zusi,8.57503644307125
Jozy Altidore,4.304793839430641
Clint Dempsey,8.023792744083067
Jozy Altidore,28.272955275315688
Clint Dempsey,46.91620189231009
Tim Ream,0.0
Jorge Villafaña,0.0
Graham Zusi,0.0
Michael Bradley,0.0
Omar González,26.183224591329463
Darlington Nagbe,0.0
Tim Ream,30.486800422477927
Jozy Altidore,7.950157231149586
Christian Pulisic,0.0
Michael Bradley,11.581234821900471
Graham Zusi,13.342600945842609
Alejandro Bedoya,11.072488428533129
Clint Dempsey,0.0
Christian Pulisic,0.0
Michael Bradley,0.0
Tim Ream,21.457982197774328
Darlington Nagbe,0.0
Michael Bradley,0.0
Jorge Villafaña,0.0
Tim Ream,9.722718241315029
Jorge Villafaña,0.0
Tim Ream,0.0
Michael Bradley,0.0
Omar González,8.733341284983657
Graham Zusi,25.015795010352956
Bobby Wood,0.0
Michael Bradley,0.0
nan,0.0
nan,0.0
nan,11.146299834474217
Matt Besler,0.0
nan,0.0
nan,46.554913811540885
Bobby Wood,21.31384526546067
Michael Bradley,55.89024959686619
Omar González,0.0
Matt Besler,35.4048195871692
nan,0.0
Fabian Johnson,0.0
Omar González,36.95498951427262
nan,0.0
Fabian Johnson,6.933974329343893
nan,0.0
Matt Besler,17.095028517086483
Christian Pulisic,0.0
nan,0.0
Matt Besler,11.246832887528825
Michael Bradley,6.940551130854089
Matt Besler,7.669419795525602
Michael Bradley,0.0
Matt Besler,14.979027004448588
Fabian Johnson,8.082774894799432
nan,124.7910253183297
Michael Bradley,34.483619299603696
Fabian Johnson,8.588364221433553
Omar González,10.77914653393301
Matt Besler,33.824325566077434
Bobby Wood,2.948092603701591
Bobby Wood,0.0
Omar González,6.1368762412158855
nan,27.751779222240863
nan,27.626798583983643
Matt Besler,16.159362611192304
Christian Pulisic,0.0
Matt Besler,0.0
nan,13.895008096435207
Omar González,13.800724618656806
Michael Bradley,0.0
nan,0.0
nan,9.152117241381905
Bobby Wood,0.0
Fabian Johnson,24.687648733729187
Omar González,0.0
Omar González,4.531142240097962
nan,18.653183374427005
Michael Bradley,0.0
Omar González,20.537313602319074
Matt Besler,8.212262173116493
Michael Bradley,19.192478995689957
Bobby Wood,0.0
Christian Pulisic,15.997656078313483
Jozy Altidore,17.650212463310467
Christian Pulisic,24.926291340670772
nan,0.0
Michael Bradley,0.0
Omar González,0.0
Michael Bradley,0.0
Omar González,0.0
nan,9.036868926790962
Fabian Johnson,8.091971329657568
Jozy Altidore,0.0
nan,10.755056950104915
Jozy Altidore,0.0
Fabian Johnson,4.622228899567827
Omar González,0.0
Matt Besler,14.345208259206274
Michael Bradley,0.0
nan,9.170605214488303
Fabian Johnson,0.0
Fabian Johnson,9.82961087734403
Michael Bradley,0.0
nan,30.112974778324375
nan,0.0
Omar González,0.0
Matt Besler,13.990532513096129
nan,16.970562748477136
Jozy Altidore,0.0
Matt Besler,25.286780142991717
Christian Pulisic,0.0
nan,0.0
Matt Besler,0.0
nan,13.299812028746873
Omar González,14.286050888891582
Bobby Wood,16.54690303349845
Omar González,27.3273672350631
Omar González,23.340201370168167
nan,3.379533991543806
Fabian Johnson,61.357966067985004
Fabian Johnson,32.169706246716025
Bobby Wood,21.388782106515567
nan,25.21428166734083
Christian Pulisic,0.0
Matt Besler,0.0
nan,0.0
Michael Bradley,0.0
Matt Besler,224.91796282200318
Bobby Wood,0.0
nan,0.0
Michael Bradley,0.0
Omar González,1.529705854077837
Michael Bradley,13.24882070223611
nan,0.0
Bobby Wood,0.0
nan,38.94677457762068
nan,16.154875425084533
Matt Besler,0.0
nan,0.0
Michael Bradley,0.0
nan,12.408515221411465
Matt Besler,0.0
Matt Besler,8.93930925743147
nan,5.32834402042511
Bobby Wood,0.0
nan,14.217770570662616
Jozy Altidore,0.0
Fabian Johnson,0.0
nan,17.332628190785154
Jozy Altidore,10.786333946248833
Matt Besler,15.091760997312408
Jozy Altidore,12.161208821494679
Fabian Johnson,15.197409318696389
Matt Besler,0.0
nan,0.0
nan,9.28176976659085
Fabian Johnson,0.0
nan,0.0
Michael Bradley,4.026319659440868
Matt Besler,10.120029644225355
Christian Pulisic,67.4525759330213
nan,0.0
Omar González,17.433588270921167
nan,3.4234485537247403
Matt Besler,7.5954756269768895
Michael Bradley,0.0
nan,12.08268389059318
Michael Bradley,0.0
nan,0.0
Fabian Johnson,0.0
nan,23.662232565842135
Matt Besler,6.941271497355506
Christian Pulisic,0.0
Fabian Johnson,3.5517601270356094
Michael Bradley,22.888889225997843
Fabian Johnson,62.926067730313484
Fabian Johnson,5.230678732248808
nan,6.960064654872105
Fabian Johnson,22.86307065990917
nan,61.65330485870161
Michael Bradley,11.549080049943369
Fabian Johnson,5.152184002925361
nan,0.0
nan,0.0
Michael Bradley,0.0
Omar González,3.8898907439669843
Michael Bradley,0.0
Matt Besler,11.674812632329479
Fabian Johnson,9.65841601920315
Jozy Altidore,6.674672276599054
nan,0.0
Fabian Johnson,5.875585077249753
nan,18.796342729371563
Jozy Altidore,7.241719409090656
Bobby Wood,20.203960007879623
Matt Besler,11.140971681141641
Michael Bradley,15.916186729238879
Omar González,18.604031821086522
nan,23.00880266332866
Bobby Wood,0.0
nan,21.98226557932553
Fabian Johnson,0.0
Omar González,15.243359209832978
Michael Bradley,0.0
nan,31.675562347020765
Omar González,7.9271684730425624
nan,0.0
Omar González,58.347418537583984
nan,12.748382250309254
Michael Bradley,0.0
Omar González,13.445119932525703
nan,0.0
Michael Bradley,15.859106216934169
nan,0.0
Michael Bradley,18.451693689198287
nan,54.685567108698805
nan,0.0
Omar González,13.865785228395827
Bobby Wood,0.0
Matt Besler,0.0
Michael Bradley,5.4722024816338815
nan,21.93060076696487
nan,13.978555004005237
nan,7.161005515987264
Michael Bradley,0.0
Omar González,13.53975627550216
Michael Bradley,0.0
Graham Zusi,25.280130537637657
nan,20.950477321531363
Jozy Altidore,0.0
nan,13.32295950605571
Jozy Altidore,0.0
Graham Zusi,43.386633886486294
Matt Besler,20.367406560482852
Matt Besler,0.0
Graham Zusi,59.92829048120761
nan,19.41829034698987
Omar González,53.25279335396408
nan,0.0
nan,0.0
Omar González,15.200657880499778
nan,0.0
Omar González,13.256743566954897
nan,128.8324493285756
Bobby Wood,40.404455199891046
Jozy Altidore,0.0
Michael Bradley,60.53924347066124
nan,0.0
nan,14.441952776546529
Omar González,15.531580730885057
Graham Zusi,0.0
nan,0.0
Omar González,7.057974213611156
nan,25.549584145343736
nan,6.175050607080074
Michael Bradley,28.386638582262613
Graham Zusi,0.0
nan,7.825039936000323
Matt Besler,9.907131269948936
Matt Besler,0.0
nan,14.334050369661746
Graham Zusi,0.0
Matt Besler,0.0
nan,15.228427364636179
Michael Bradley,7.26988651905929
Omar González,0.0
Michael Bradley,0.0
nan,12.647183480917795
nan,19.942949882101196
nan,32.648602573464
nan,0.0
nan,29.224647132172517
Jozy Altidore,20.68139260301398
nan,25.031979546172508
Michael Bradley,19.637336886655483
nan,0.0
Omar González,58.90543268663769
Matt Besler,0.0
nan,0.0
Michael Bradley,15.48906872604031
nan,0.0
Omar González,38.95696343402551
nan,20.286571913460392
Graham Zusi,0.0
nan,58.137767414994535
Bobby Wood,45.550082327038695
Michael Bradley,63.63466036681584
nan,0.0
Omar González,15.604526586859341
John Brooks,4.858497710198076
Fabian Johnson,0.0
Jermaine Jones,9.395810236483067
Michael Bradley,23.928670042440718
Omar González,22.516993582625545
Jozy Altidore,0.0
Jermaine Jones,23.904628212963285
Bobby Wood,0.0
Christian Pulisic,27.832534918688225
Bobby Wood,48.507731342539614
Jozy Altidore,0.0
Jermaine Jones,0.0
Michael Bradley,22.97566647564331
Christian Pulisic,45.792575817483794
Christian Pulisic,0.0
Michael Bradley,0.0
Omar González,14.235914090777591
Michael Bradley,20.367744106797886
Bobby Wood,0.0
Jozy Altidore,16.21141573089778
Timothy Chandler,25.11105334309972
Timothy Chandler,9.174489086592244
Jozy Altidore,23.214650546583734
Bobby Wood,0.0
Omar González,0.0
John Brooks,0.0
Omar González,0.0
Matt Besler,34.744999640236
Bobby Wood,0.0
Jermaine Jones,44.32991371523296
Fabian Johnson,8.787775600230129
John Brooks,3.255956080784875
John Brooks,154.86539316451564
Bobby Wood,69.58735517319218
Fabian Johnson,63.51826508965748
Jozy Altidore,2.7697021500515158
Michael Bradley,10.241642934607706
Jozy Altidore,0.0
Fabian Johnson,43.84113365322571
Michael Bradley,34.45707474525369
Bobby Wood,0.0
Omar González,9.353074360871934
Christian Pulisic,11.738877714671025
John Brooks,0.0
Matt Besler,23.75334187014535
Fabian Johnson,0.0
Omar González,7.172952669577572
John Brooks,13.805116805011101
Matt Besler,6.318623267769647
Bobby Wood,87.04941125590686
Jermaine Jones,0.0
Matt Besler,0.0
Matt Besler,35.25088651367509
Jozy Altidore,0.0
Bobby Wood,5.247856705360772
Jozy Altidore,0.0
Matt Besler,7.432445761658809
Jermaine Jones,10.330113745743557
Christian Pulisic,11.037266418819472
Jermaine Jones,19.290023328135195
Bobby Wood,18.02775637731996
Timothy Chandler,0.0
Omar González,0.0
John Brooks,7.050620540065963
Matt Besler,0.0
John Brooks,10.878419002777933
Matt Besler,23.769307941124417
Christian Pulisic,0.0
Michael Bradley,0.0
Jermaine Jones,15.513260456783415
Christian Pulisic,10.480994704702423
Matt Besler,46.0990238508366
Bobby Wood,15.652475842498529
Michael Bradley,128.86834366903304
John Brooks,5.299174464008519
John Brooks,8.370857184303171
Fabian Johnson,24.088404886999054
Bobby Wood,0.0
Timothy Chandler,11.458621208504983
Bobby Wood,6.198386886924704
Fabian Johnson,25.94937378820535
Bobby Wood,18.110770276274835
Jozy Altidore,14.327944723511468
Bobby Wood,5.22218823866011
Michael Bradley,21.88344122847227
Bobby Wood,0.0
Jermaine Jones,0.0
Matt Besler,0.0
John Brooks,13.934310173094326
Omar González,5.830951894845296
Michael Bradley,23.798975818299414
Fabian Johnson,40.73625535073148
Omar González,20.614557962760202
Matt Besler,41.04211251872885
Timothy Chandler,0.0
Michael Bradley,3.8290011752413964
Bobby Wood,0.0
Michael Bradley,36.563985012577604
Bobby Wood,66.4
Jermaine Jones,37.4690705782783
Matt Besler,15.313229574456201
Jozy Altidore,4.133400537088076
Matt Besler,0.0
John Brooks,0.0
Michael Bradley,153.68799562750505
Timothy Chandler,7.445888127013461
Jermaine Jones,14.341940245308512
Fabian Johnson,0.0
John Brooks,35.13874286311336
Jozy Altidore,36.285672103462566
Timothy Chandler,20.980496895926947
Bobby Wood,0.0
Jermaine Jones,19.097414746504302
Jermaine Jones,6.30644511591119
Timothy Chandler,0.0
Omar González,0.0
John Brooks,0.0
Jermaine Jones,20.300369454766095
Christian Pulisic,70.5906509390585
Christian Pulisic,0.0
Michael Bradley,83.96308712761814
Jozy Altidore,27.18234721285117
Michael Bradley,50.09121679496316
Bobby Wood,10.484750831564867
Matt Besler,0.0
Timothy Chandler,0.0
Omar González,12.291104506918813
Jermaine Jones,0.0
John Brooks,25.840109326394117
Jozy Altidore,0.0
John Brooks,28.418501895772057
Bobby Wood,73.15435735484253
Omar González,124.22044920221471
Bobby Wood,27.853904573685913
Jozy Altidore,3.313608305156179
Jermaine Jones,14.395138068111741
Timothy Chandler,25.675085199469155
Fabian Johnson,21.041863035387323
Timothy Chandler,8.5791899384499
Fabian Johnson,45.971404155191976
Timothy Chandler,30.887052303513844
Fabian Johnson,0.0
Jozy Altidore,15.650079872000658
Matt Besler,46.87899316324957
Timothy Chandler,0.0
Omar González,16.260996279441184
Michael Bradley,126.1345313544233
Jermaine Jones,13.863621460498692
Matt Besler,0.0
John Brooks,15.98096523993467
Michael Bradley,0.0
Jermaine Jones,61.29045602701939
Jermaine Jones,17.435058072745274
Jozy Altidore,9.919929435232893
Jermaine Jones,14.650938536489706
Fabian Johnson,60.61056013600272
Michael Bradley,0.0
Timothy Chandler,9.855011415518504
Fabian Johnson,24.704959016359453
Michael Bradley,66.01121116901284
Fabian Johnson,0.0
Michael Bradley,6.181019333410955
Michael Bradley,75.60846513453372
Jozy Altidore,26.163333120992025
John Brooks,59.85319540342019
Bobby Wood,2.8814059068447935
Christian Pulisic,14.10390016981117
Jermaine Jones,34.10630440255878
Michael Bradley,23.19310242291878
Jermaine Jones,24.752373623553755
DeAndre Yedlin,76.1
Christian Pulisic,77.38326692509179
Jozy Altidore,8.791473141629906
John Brooks,52.8460145138685
Bobby Wood,0.0
Christian Pulisic,5.348130514488232
Bobby Wood,0.0
Michael Bradley,0.0
Jermaine Jones,12.640460830207111
Jozy Altidore,0.0
Fabian Johnson,12.457929201917954
Jozy Altidore,0.0
Michael Bradley,0.0
Fabian Johnson,24.2981480775799
Jozy Altidore,3.3363527990906445
Michael Bradley,0.0
Jermaine Jones,0.0
Jozy Altidore,0.0
Christian Pulisic,38.165953414005
DeAndre Yedlin,29.442995771490374
Fabian Johnson,0.0
DeAndre Yedlin,0.0
Michael Bradley,10.94583254028674
Jermaine Jones,0.0
Omar González,12.592904748309657
Michael Bradley,0.0
Omar González,17.776705262787026
Jermaine Jones,18.673042066037322
Christian Pulisic,26.386549603917523
Bobby Wood,15.3935051239151
Bobby Wood,4.247940677551889
Michael Bradley,39.08070175930827
DeAndre Yedlin,0.0
John Brooks,0.0
Michael Bradley,28.04861850430428
Jozy Altidore,26.916351907344364
Bobby Wood,27.44886154287641
