Player,Score
Bamidele Alli,-23.799999999999997
John Stones,5.0
Kyle Walker,-6.0
John Stones,3.799999999999997
Kyle Walker,44.39999999999999
Jesse Lingard,4.200000000000003
Bamidele Alli,15.399999999999991
Kieran Trippier,30.688434303496166
Kieran Trippier,-30.4
Kyle Walker,-11.45512985522207
Jordan Pickford,6.505382386916237
Harry Maguire,13.435028842544403
Kyle Walker,16.404877323527906
Kieran Trippier,-24.200000000000003
Kyle Walker,-28.001428534987284
Jordan Pickford,77.216060505571
Harry Maguire,-3.3999999999999915
Kyle Walker,75.6
Jesse Lingard,9.616652224137063
Ashley Young,-4.0
John Stones,1.5999999999999943
Ashley Young,47.8
John Stones,6.0
Jordan Pickford,171.68552647209376
Raheem Sterling,-13.962091533864122
Jesse Lingard,-0.20000000000001705
Jordan Henderson,85.98418459228415
Bamidele Alli,-8.343860018001259
Kyle Walker,8.768124086713188
Harry Kane,104.93464632808364
Ashley Young,-16.0
Harry Maguire,0.848528137423859
Kyle Walker,15.400000000000006
Jesse Lingard,-8.200000000000003
Jordan Henderson,-37.99999999999999
Jordan Pickford,8.9095454429505
John Stones,1.2727922061357835
Harry Maguire,35.599999999999994
Harry Maguire,55.60000000000001
Kieran Trippier,12.002499739637587
Bamidele Alli,61.09402589451769
Kieran Trippier,-48.60000000000001
Kyle Walker,-2.4000000000000057
Harry Maguire,14.400000000000006
Ashley Young,-28.800000000000004
Harry Maguire,8.768124086713183
Ashley Young,-21.354624791833732
Harry Maguire,39.59797974644666
Kyle Walker,4.384062043356597
Jordan Henderson,9.799999999999997
Ashley Young,13.799999999999997
Ashley Young,21.496046148071027
Ashley Young,-0.7999999999999972
John Stones,1.5999999999999943
Ashley Young,-27.599999999999994
Kyle Walker,-24.324473272817233
Jordan Pickford,60.10407640085654
Bamidele Alli,2.4000000000000057
Ashley Young,0.4000000000000057
Jordan Henderson,1.3999999999999915
Ashley Young,6.200000000000017
Bamidele Alli,0.4898979485566426
Ashley Young,-1.9595917942265704
Bamidele Alli,36.486709909225866
Kieran Trippier,5.374011537017777
Kieran Trippier,22.910259710444127
Kieran Trippier,179.8879651338577
Bamidele Alli,-10.0
Harry Maguire,31.599999999999994
Harry Maguire,-26.0
John Stones,15.799999999999997
Jordan Henderson,-9.799999999999997
Harry Maguire,-26.799999999999997
John Stones,2.969848480983497
Kyle Walker,52.0430590953299
Kieran Trippier,3.394112549695436
Harry Kane,16.404877323527895
Jordan Henderson,7.353910524340118
Kyle Walker,2.4000000000000057
Jordan Henderson,61.09402589451773
Ashley Young,25.597265478953016
Bamidele Alli,-5.374011537017762
Jordan Henderson,17.67766952966368
Jesse Lingard,2.0
Jordan Pickford,55.86143571373726
Ashley Young,-55.0
Harry Maguire,-10.465180361560904
Jordan Pickford,57.69991334482228
Jesse Lingard,4.0
Kieran Trippier,56.19999999999999
Harry Maguire,3.2526911934581197
Jordan Henderson,105.39999999999999
Jordan Henderson,21.39999999999999
Bamidele Alli,9.33380951166242
Jordan Pickford,83.155757467538
Kieran Trippier,38.400000000000006
Kieran Trippier,21.400000000000006
Jordan Pickford,149.34095218659886
Harry Maguire,-31.39554108468271
Jordan Pickford,54.730064863838784
Kieran Trippier,43.999999999999986
Jordan Pickford,13.717871555019022
Harry Maguire,4.666904755831214
Jordan Henderson,-6.222539674441617
Kyle Walker,20.22325394193526
Kieran Trippier,-57.6
Kyle Walker,-13.010764773832475
Jordan Pickford,84.28712831743647
Ashley Young,19.657568516986018
Bamidele Alli,50.487424176719486
Ashley Young,58.831284194720745
Kieran Trippier,-85.4871920231329
John Stones,-13.0
Kyle Walker,9.400000000000006
Harry Maguire,11.599999999999994
Jordan Henderson,-53.6
Kyle Walker,-19.940411229460643
Jordan Pickford,59.5383909759073
Jordan Henderson,4.3999999999999915
Kieran Trippier,1.4142135623730951
John Stones,-0.565685424949241
Kieran Trippier,-29.415642097360372
Kyle Walker,-7.0710678118654755
Jordan Pickford,55.437171645025316
Kieran Trippier,32.80000000000001
Harry Kane,27.599999999999994
Raheem Sterling,11.51260179108091
Raheem Sterling,-20.57571383937871
Jordan Henderson,-3.000000000000014
Harry Maguire,17.80000000000001
Ashley Young,33.31306050185121
Harry Kane,-11.267652816802604
Bamidele Alli,6.788225099390872
John Stones,29.799999999999997
Raheem Sterling,-20.0
Jordan Henderson,54.79999999999998
Bamidele Alli,3.2526911934581144
Jordan Pickford,157.5433908483628
Harry Kane,59.39696961966999
Jordan Pickford,145.9468396369034
Kyle Walker,-27.39999999999999
John Stones,40.599999999999994
Bamidele Alli,8.768124086713172
Jordan Pickford,16.263455967290593
Kyle Walker,59.25554826343268
Bamidele Alli,-9.050966799187812
Harry Maguire,-13.717871555019022
Jordan Pickford,86.54987001723342
Kieran Trippier,54.58864350760146
Jordan Henderson,-40.8
Kyle Walker,-47.800000000000004
Jordan Pickford,68.16509370638319
Raheem Sterling,-0.3999999999999915
Jordan Henderson,14.200000000000003
Harry Kane,24.32447327281722
Bamidele Alli,13.293607486307103
Bamidele Alli,-16.400000000000006
Harry Maguire,-33.23401871576773
Jordan Pickford,55.437171645025316
Kyle Walker,22.768838354206828
Kieran Trippier,3.959797974644672
Jordan Henderson,-3.200000000000003
Kieran Trippier,14.0
Jordan Henderson,79.60000000000001
Jesse Lingard,-2.939387691339786
Kieran Trippier,-2.694438717061517
Kieran Trippier,17.146428199482248
Jesse Lingard,10.465180361560911
Kieran Trippier,-0.4898979485566426
Ashley Young,-27.400000000000006
Harry Maguire,-19.199999999999996
John Stones,9.050966799187812
Kyle Walker,-6.400000000000006
John Stones,25.0
Bamidele Alli,-25.199999999999996
John Stones,7.4953318805774
Jordan Henderson,-12.799999999999997
John Stones,-20.22325394193526
Jordan Pickford,64.62955980045045
Kieran Trippier,4.599999999999994
Jesse Lingard,-3.5999999999999943
Kieran Trippier,-15.600000000000009
Jordan Henderson,96.0
Jordan Henderson,54.730064863838784
Harry Maguire,0.0
Bamidele Alli,19.233304448274094
Harry Maguire,33.2
Kieran Trippier,17.200000000000003
Jordan Henderson,79.20000000000002
Harry Maguire,-4.799999999999997
John Stones,-62.400000000000006
Jordan Pickford,69.15504320004435
Harry Kane,47.0
Kieran Trippier,19.23330444827409
Jordan Pickford,185.54481938335007
Harry Kane,17.81909088590103
Raheem Sterling,5.374011537017737
Jesse Lingard,0.5656854249492461
Harry Kane,10.0
Ashley Young,10.777754868245962
Harry Kane,-16.411581276647265
Bamidele Alli,-6.613622305514588
Jordan Henderson,11.030865786510118
Jesse Lingard,1.9798989873223412
Bamidele Alli,4.8083261120684915
Harry Kane,-21.555509736491963
Kieran Trippier,-32.2
Kyle Walker,18.400000000000006
Jordan Henderson,2.3999999999999915
Harry Maguire,-50.6
Kyle Walker,-26.30437226013957
Jordan Pickford,42.99209229614209
Bamidele Alli,25.45584412271571
Kieran Trippier,1.4142135623730951
Jesse Lingard,-4.242640687119285
Kieran Trippier,17.819090885901
Kyle Walker,206.75802281894647
Jordan Pickford,128.9762768884263
Kyle Walker,64.39999999999999
Harry Kane,0.0
Kieran Trippier,51.999999999999986
Harry Kane,25.71964229922337
Kyle Walker,12.799999999999997
Bamidele Alli,23.200000000000017
Harry Kane,-18.126224096595497
Kyle Walker,-32.24406922210657
Jordan Pickford,74.24621202458749
Harry Kane,-13.200000000000003
Jordan Pickford,77.21606050557098
Kieran Trippier,55.0
Jesse Lingard,-14.45198948242073
Harry Maguire,39.599999999999994
Jordan Pickford,22.91025971044414
Harry Maguire,47.51757569573599
Bamidele Alli,53.80000000000001
Harry Maguire,11.599999999999994
Ashley Young,-6.400000000000006
Jordan Pickford,183.56492039602776
Harry Kane,19.79898987322333
Raheem Sterling,13.576450198781744
Kieran Trippier,33.658282784479674
Kyle Walker,59.96265504461924
Kieran Trippier,3.676955262170039
Kyle Walker,-47.599999999999994
Ashley Young,-27.152900397563425
Jordan Pickford,175.92816715921302
Harry Kane,10.465180361560911
Kieran Trippier,-12.492397688194195
Harry Kane,11.400000000000006
Kieran Trippier,18.10193359837559
Jordan Henderson,9.333809511662428
Bamidele Alli,17.39999999999999
Raheem Sterling,0.8000000000000114
Bamidele Alli,4.3999999999999915
Ashley Young,43.0
Jordan Henderson,14.200000000000003
Bamidele Alli,12.400000000000006
Harry Maguire,57.558491988584976
Kieran Trippier,14.142135623730951
Jesse Lingard,-9.797958971132712
Kieran Trippier,20.33076486510037
Jordan Pickford,87.39839815465729
Harry Kane,65.90235200658623
Jordan Pickford,184.69629124592623
Kieran Trippier,13.0
Jordan Henderson,7.800000000000011
Kieran Trippier,58.599999999999994
Kieran Trippier,4.409081537009714
Jordan Henderson,42.70924958366749
Raheem Sterling,1.4142135623730951
Kyle Walker,-5.939696961966998
Jordan Pickford,71.70062761231593
Ashley Young,10.0
Harry Kane,74.95331880577403
Kieran Trippier,-1.5999999999999943
Jordan Pickford,62.649660813128115
Jordan Henderson,18.200000000000003
Kieran Trippier,48.64894654563448
Jesse Lingard,-29.599999999999994
John Stones,1.7999999999999972
Kyle Walker,6.222539674441617
Harry Maguire,12.600000000000009
Jordan Henderson,21.200000000000003
Bamidele Alli,-4.800000000000011
Raheem Sterling,8.799999999999983
Bamidele Alli,19.233304448274083
Raheem Sterling,42.9920922961421
Ashley Young,-5.798275605729692
Harry Maguire,38.7494516090228
Jesse Lingard,12.799999999999997
Harry Kane,70.99352083112936
Jesse Lingard,-23.0
Kyle Walker,3.0
Jesse Lingard,-20.0
John Stones,-19.65756851698602
Jordan Pickford,63.63961030678928
Jordan Pickford,196.2928424573856
Bamidele Alli,7.495331880577404
Ashley Young,-6.788225099390856
Jordan Pickford,73.96336931211286
Jordan Henderson,47.2
Jesse Lingard,8.600000000000009
Bamidele Alli,23.599999999999994
Marcus Rashford,5.374011537017737
Kyle Walker,1.979898987322301
Jordan Henderson,-9.799999999999997
John Stones,-10.0
Harry Maguire,-5.0
Ashley Young,-1.0
Jesse Lingard,1.6000000000000085
Jordan Henderson,-17.200000000000003
Kyle Walker,5.799999999999997
Jordan Henderson,-7.599999999999994
Kyle Walker,-21.400000000000006
John Stones,38.8
Kyle Walker,32.526911934581186
Jordan Henderson,38.890872965260115
Jordan Pickford,18.809040379562163
Ashley Young,-11.455129855222072
Harry Maguire,3.394112549695431
John Stones,-0.28284271247462306
Kyle Walker,8.626702730475872
Jordan Henderson,15.0
Kieran Trippier,38.0
Kieran Trippier,0.5656854249492461
Harry Kane,50.34600282048218
Jordan Henderson,14.799999999999997
Marcus Rashford,8.328265125462783
Bamidele Alli,11.26765281680264
Harry Kane,-3.4292856398964635
Marcus Rashford,30.264170234784203
Harry Kane,9.33380951166242
Jordan Henderson,32.526911934581186
Jordan Pickford,89.095454429505
Harry Kane,4.525483399593888
Bamidele Alli,29.698484809834994
Harry Maguire,18.400000000000006
Jesse Lingard,-11.599999999999994
Kieran Trippier,-12.727922061357855
Kyle Walker,-19.23330444827409
Jordan Pickford,33.09259735953042
John Stones,15.800000000000011
Jesse Lingard,41.400000000000006
Marcus Rashford,0.4898979485566426
Marcus Rashford,-50.214539727055154
Kyle Walker,18.19999999999999
John Stones,37.999999999999986
Ashley Young,62.21703946669274
John Stones,8.0
Jordan Henderson,-24.799999999999997
Kyle Walker,8.202438661763958
John Stones,-32.80975464705581
Jordan Pickford,47.941839764447934
Jordan Pickford,13.152186130069785
Harry Maguire,16.404877323527906
Jesse Lingard,-5.800000000000011
Jordan Henderson,44.26488450227787
Jordan Pickford,207.3237082438957
Jordan Pickford,207.3237082438957
Harry Maguire,4.384062043356591
Ashley Young,37.19999999999999
Kyle Walker,10.889444430272832
John Stones,2.262741699796944
Kieran Trippier,52.46732316404183
Jordan Henderson,-13.400000000000006
Harry Maguire,31.599999999999994
Ashley Young,39.2
Bamidele Alli,-4.599999999999994
Ashley Young,9.333809511662428
Jordan Henderson,50.19999999999999
Marcus Rashford,-19.840866916543764
Bamidele Alli,11.596551211459364
Harry Kane,40.44650788387051
Ashley Young,-30.6
John Stones,0.14142135623731153
Kyle Walker,92.63098833543772
Ashley Young,29.698484809834994
Harry Kane,7.0
Jordan Pickford,179.32227970890844
Harry Kane,29.9813275223096
Kieran Trippier,8.083316151184482
Marcus Rashford,-4.654030511288018
Kieran Trippier,-10.777754868245998
Kieran Trippier,35.07249634685277
Marcus Rashford,-9.600000000000009
Bamidele Alli,-23.799999999999997
John Stones,73.8
Harry Kane,50.62884553295682
Kieran Trippier,-3.6742346141747673
Jesse Lingard,-19.595917942265423
Kyle Walker,-18.0
John Stones,-14.200000000000003
Harry Maguire,15.799999999999997
Jordan Henderson,-34.8
John Stones,13.600000000000009
Kyle Walker,28.400000000000006
Marcus Rashford,-8.200000000000003
Jesse Lingard,12.799999999999997
Kieran Trippier,8.600000000000009
John Stones,-19.0
Kyle Walker,-24.607315985291855
Jordan Pickford,5.798275605729691
Kyle Walker,46.95189027078676
Danny Rose,-32.599999999999994
Harry Maguire,-12.0
John Stones,-1.6000000000000085
Kyle Walker,21.39999999999999
Jordan Henderson,13.600000000000009
Jesse Lingard,-16.599999999999994
Kieran Trippier,-16.0
Kyle Walker,16.799999999999997
Jordan Henderson,-17.400000000000006
Kyle Walker,21.400000000000006
Kieran Trippier,41.2
Jesse Lingard,16.901479225203943
Marcus Rashford,14.707821048680197
Jesse Lingard,18.10193359837559
Harry Maguire,15.556349186104045
Bamidele Alli,0.28284271247460296
Danny Rose,-19.799999999999997
Harry Maguire,-5.200000000000003
Kyle Walker,16.0
Jordan Henderson,8.399999999999991
Jesse Lingard,-3.5999999999999943
Jordan Henderson,17.400000000000006
Kieran Trippier,70.1449926937055
Jordan Pickford,15.132085117392116
Kyle Walker,13.293607486307092
Kieran Trippier,-19.0
Kyle Walker,-5.091168824543144
John Stones,29.981327522309616
Bamidele Alli,42.599999999999994
Danny Rose,24.041630560342615
Jesse Lingard,9.050966799187776
Kieran Trippier,20.364675298172575
Kieran Trippier,117.66256838944149
Jordan Pickford,11.73797256769669
Kyle Walker,6.08111831820431
John Stones,11.879393923933996
Eric Dier,-16.200000000000003
John Stones,13.010764773832479
Bamidele Alli,-25.4
John Stones,2.1213203435596424
Kyle Walker,11.172287142747448
Eric Dier,7.200000000000003
Kieran Trippier,76.00000000000001
Danny Rose,6.929646455628164
Danny Rose,-1.1999999999999886
John Stones,2.6000000000000085
Kyle Walker,19.599999999999994
Kieran Trippier,14.400000000000006
Jesse Lingard,-5.200000000000003
Eric Dier,-16.400000000000006
John Stones,10.799999999999997
Harry Maguire,6.799999999999997
Eric Dier,-13.0
Harry Maguire,-16.400000000000006
John Stones,7.599999999999994
Kyle Walker,9.399999999999991
Eric Dier,-14.200000000000003
John Stones,18.400000000000006
Harry Maguire,35.272652296077744
Danny Rose,0.5656854249492461
Harry Maguire,6.368673331236249
John Stones,12.399999999999991
Jesse Lingard,0.5999999999999943
Danny Rose,-49.60000000000001
John Stones,-0.19999999999998863
Kyle Walker,24.799999999999997
Kieran Trippier,8.0
Jesse Lingard,-11.200000000000017
Kieran Trippier,-25.0
Kyle Walker,41.39999999999999
Kieran Trippier,4.400000000000006
Jesse Lingard,-4.199999999999989
Jesse Lingard,-10.599999999999994
Harry Maguire,34.5378053732428
Danny Rose,13.010764773832458
Danny Rose,23.90020920410531
Marcus Rashford,-3.4000000000000057
Harry Kane,51.400000000000006
Danny Rose,-12.200000000000003
Harry Kane,40.60000000000001
John Stones,4.808326112068526
John Stones,7.919595949289329
Eric Dier,-4.242640687119285
Danny Rose,99.39999999999999
Kieran Trippier,-16.6
Kyle Walker,9.47523086789973
Eric Dier,-14.999999999999993
Kyle Walker,-33.23401871576773
Jordan Pickford,28.70853531617383
Jordan Pickford,21.354624791833736
John Stones,18.809040379562166
Eric Dier,1.131370849898472
Kieran Trippier,48.0
Bamidele Alli,-29.200000000000003
John Stones,151.88653659887044
Jordan Pickford,172.25121189704296
Harry Kane,51.194530957906025
Kieran Trippier,-45.3155602414888
John Stones,10.599999999999994
Harry Maguire,14.200000000000017
Bamidele Alli,-14.399999999999991
Harry Maguire,89.37829714197963
Marcus Rashford,6.788225099390872
John Stones,7.636753236814716
Eric Dier,7.07106781186548
Harry Maguire,21.200000000000003
Danny Rose,15.800000000000011
Marcus Rashford,66.18519471906083
Jordan Pickford,160.37181797310896
Eric Dier,0.5999999999999943
Bamidele Alli,-16.19999999999999
Harry Maguire,27.0
Bamidele Alli,13.47219358530748
Danny Rose,-12.24744871391589
Marcus Rashford,68.83066177220729
Eric Dier,-21.071782079359117
Jordan Pickford,74.38763338082481
Harry Maguire,3.6000000000000085
John Stones,-47.2
Jordan Pickford,9.050966799187806
Eric Dier,64.77098115668775
Jamie Vardy,-13.22724461102914
John Stones,-1.0
Jordan Pickford,22.203152929257595
Eric Dier,7.636753236814716
John Stones,20.78893936688449
Marcus Rashford,-5.232590180780446
Eric Dier,10.182337649086284
Jesse Lingard,34.60000000000001
John Stones,17.0
Danny Rose,0.0
Harry Maguire,-38.456988961695906
Eric Dier,4.400000000000006
Jesse Lingard,-7.799999999999997
John Stones,-10.200000000000003
Eric Dier,33.599999999999994
Harry Maguire,-22.19999999999999
Eric Dier,16.799999999999997
John Stones,32.20000000000002
Bamidele Alli,4.525483399593903
Eric Dier,5.798275605729692
Jesse Lingard,-5.3999999999999915
Harry Maguire,-11.0
Eric Dier,104.93464632808366
Eric Dier,36.80000000000001
Jordan Pickford,20.506096654409877
Bamidele Alli,7.778174593052018
Danny Rose,-19.200000000000003
Bamidele Alli,-24.607315985291855
Jordan Pickford,50.6288455329568
Jesse Lingard,13.400000000000006
Harry Maguire,8.400000000000006
Harry Kane,15.273506473629402
Bamidele Alli,5.091168824543134
Marcus Rashford,50.62884553295678
Kyle Walker,32.95117600329312
Kieran Trippier,-27.400000000000006
Kyle Walker,-11.200000000000003
Harry Maguire,6.5053823869162395
John Stones,25.0
Kyle Walker,9.200000000000017
Harry Kane,-9.599999999999994
Kyle Walker,33.39999999999999
Kieran Trippier,0.0
Jesse Lingard,-1.4696938456699278
Kieran Trippier,-1.469693845669893
Jesse Lingard,-30.0
John Stones,-1.5999999999999943
Harry Maguire,26.799999999999997
Ashley Young,14.0
John Stones,16.60000000000001
Harry Kane,9.616652224137063
Bamidele Alli,14.142135623730951
Harry Maguire,-38.4
John Stones,6.646803743153546
Kyle Walker,19.233304448274094
Kieran Trippier,3.3999999999999915
Jordan Henderson,-2.5999999999999943
Kieran Trippier,-17.599999999999994
Kyle Walker,11.200000000000003
John Stones,-27.577164466275352
Jordan Pickford,60.24549775709385
Ashley Young,2.0
Jordan Pickford,-0.9899494936611668
Kyle Walker,73.82194795587556
Jordan Henderson,100.974848353439
Kieran Trippier,-6.08111831820431
Harry Maguire,-16.97056274847714
Jordan Pickford,20.64751801064719
Jordan Henderson,14.283556979968257
Jesse Lingard,-12.599999999999994
Kyle Walker,20.0
Kieran Trippier,-21.200000000000003
Kyle Walker,-11.600000000000009
John Stones,16.599999999999994
Raheem Sterling,-21.0
John Stones,3.0
Harry Maguire,28.19999999999999
Raheem Sterling,-28.599999999999994
John Stones,16.200000000000003
Kyle Walker,17.400000000000006
Kieran Trippier,68.09581484937235
Kyle Walker,-0.5999999999999943
John Stones,0.0
Kyle Walker,-0.19999999999998863
Harry Maguire,13.399999999999991
Ashley Young,-18.0
Harry Maguire,21.0
Ashley Young,43.599999999999994
Kyle Walker,-34.50681092190352
Jordan Pickford,21.778888860545667
Kyle Walker,3.959797974644662
Jordan Henderson,9.799999999999997
Ashley Young,-4.0
Jordan Henderson,-2.200000000000003
John Stones,10.0
Kyle Walker,14.799999999999997
Jordan Henderson,1.5999999999999943
Kyle Walker,8.200000000000003
Harry Maguire,39.8
Bamidele Alli,49.49747468305833
Jordan Pickford,36.345288552988535
John Stones,23.60000000000001
Jordan Henderson,24.80000000000001
Kieran Trippier,-12.200000000000003
Jordan Henderson,3.4000000000000057
Kieran Trippier,-26.799999999999997
Kyle Walker,-14.200000000000003
John Stones,9.199999999999989
Kyle Walker,29.200000000000003
Kieran Trippier,17.536248173426344
Kyle Walker,13.200000000000003
Jordan Henderson,9.200000000000003
John Stones,8.343860018001264
Jordan Henderson,-3.200000000000003
Bamidele Alli,8.400000000000006
Harry Maguire,12.727922061357855
Jordan Henderson,39.2
Harry Kane,80.3273303427918
Ashley Young,1.1313708498984922
Raheem Sterling,15.839191898578648
Jesse Lingard,22.627416997969522
Kyle Walker,31.961226509631942
Kieran Trippier,15.556349186104045
Kyle Walker,7.353910524340118
Kieran Trippier,9.616652224137022
Kyle Walker,56.568542494923804
Kieran Trippier,41.29503602129437
Jordan Pickford,180.45365055880694
Harry Kane,34.78965363437813
Harry Maguire,43.2
Jesse Lingard,-9.400000000000006
Jordan Henderson,5.800000000000011
Kieran Trippier,1.6000000000000085
Jesse Lingard,7.599999999999994
Kieran Trippier,-11.51260179108091
Jesse Lingard,12.727922061357855
Raheem Sterling,22.061731573020275
John Stones,19.799999999999983
Ashley Young,-6.368673331236284
Raheem Sterling,-10.287856919689355
Harry Maguire,21.555509736491963
Ashley Young,31.11269837220809
Bamidele Alli,72.19999999999999
Kyle Walker,0.565685424949241
Ashley Young,10.32375900532359
Bamidele Alli,-12.869343417595168
Ashley Young,-20.364675298172568
Jordan Pickford,62.5082394568908
Harry Maguire,22.200000000000017
Harry Maguire,31.799999999999997
Jordan Henderson,27.0
Bamidele Alli,10.0
Jordan Pickford,5.374011537017762
Kyle Walker,-5.374011537017762
Jordan Pickford,4.666904755831213
Kyle Walker,207.32370824389577
Kieran Trippier,1.6970562748477132
Jordan Henderson,23.33452377915607
Raheem Sterling,6.50538238691627
Kieran Trippier,31.0
Bamidele Alli,8.599999999999994
Harry Kane,-5.200000000000003
Jesse Lingard,0.0
Harry Kane,-4.200000000000003
Jesse Lingard,-3.799999999999997
John Stones,35.2
Ashley Young,4.525483399593888
Harry Maguire,6.222539674441617
Jordan Henderson,-0.4000000000000057
Jesse Lingard,15.599999999999994
Kieran Trippier,-13.47219358530748
Jesse Lingard,2.0
Raheem Sterling,-0.5999999999999943
Jesse Lingard,19.516147160748687
Ashley Young,-13.717142559585783
Jesse Lingard,1.4142135623730951
Raheem Sterling,3.111269837220793
Harry Maguire,-0.2449489742783387
Jesse Lingard,3.111269837220793
Raheem Sterling,0.28284271247460296
Kieran Trippier,-15.921683328090658
Kyle Walker,14.941887430977372
Kieran Trippier,-23.760050504996837
Kyle Walker,-2.4000000000000057
Jordan Henderson,-46.0
John Stones,-39.199999999999996
Jordan Pickford,34.506810921903515
Ashley Young,12.200000000000003
Harry Kane,28.80000000000001
Kieran Trippier,21.496046148071027
Raheem Sterling,1.9798989873223412
Kieran Trippier,-20.200000000000003
John Stones,19.400000000000006
Harry Maguire,15.0
Ashley Young,-18.400000000000006
Harry Maguire,0.4000000000000057
John Stones,14.200000000000003
Kyle Walker,38.19999999999999
Kieran Trippier,45.254833995939045
Jesse Lingard,25.17300141024111
Kieran Trippier,1.6970562748477382
Jordan Pickford,74.38763338082481
Kieran Trippier,-0.20000000000000284
Jesse Lingard,8.200000000000003
Bamidele Alli,16.97056274847714
Jesse Lingard,1.4142135623730951
Bamidele Alli,1.9798989873223412
Jesse Lingard,3.3941125496953957
Bamidele Alli,7.636753236814681
Harry Maguire,11.73797256769669
Kyle Walker,30.799999999999997
Kieran Trippier,-0.5999999999999943
Jesse Lingard,-26.400000000000006
Kyle Walker,5.799999999999997
Jordan Henderson,20.400000000000006
Bamidele Alli,-6.0
Jesse Lingard,10.400000000000006
Bamidele Alli,3.394112549695436
Jordan Pickford,8.626702730475882
Harry Maguire,27.799999999999997
Ashley Young,-12.399999999999991
Bamidele Alli,10.799999999999997
Jordan Henderson,11.030865786510118
Kieran Trippier,17.200000000000003
Kieran Trippier,-6.929646455628169
Harry Maguire,16.546298679765215
Ashley Young,-3.4000000000000057
Raheem Sterling,-15.799999999999997
Harry Maguire,0.6000000000000085
John Stones,2.799999999999997
Harry Maguire,2.3999999999999915
Kyle Walker,31.0
Kieran Trippier,15.839191898578648
Harry Kane,6.505382386916229
Jordan Henderson,40.163665171395905
John Stones,1.3999999999999915
Bamidele Alli,-3.200000000000003
Kyle Walker,1.7999999999999972
Bamidele Alli,12.200000000000003
Harry Maguire,18.799999999999997
Ashley Young,17.253405460951765
Raheem Sterling,39.03229432149745
Ashley Young,10.182337649086268
Ashley Young,-23.515101530718496
Jesse Lingard,56.28569978244916
Kieran Trippier,12.445079348883253
Kyle Walker,-6.0
John Stones,15.799999999999997
Jesse Lingard,-12.799999999999997
Harry Maguire,-14.800000000000011
John Stones,13.400000000000006
Kyle Walker,-18.400000000000006
John Stones,25.19999999999999
Jordan Henderson,35.92102448427662
Bamidele Alli,12.16223663640861
Kieran Trippier,36.486709909225866
Ashley Young,25.738686835190315
Kieran Trippier,-20.22325394193526
Kyle Walker,7.495331880577405
Jordan Henderson,-14.0
John Stones,9.47523086789973
Ashley Young,28.0
Bamidele Alli,-29.400000000000006
Ashley Young,-10.200000000000003
Harry Maguire,-1.5556349186104066
John Stones,112.60000000000001
Ashley Young,-40.39999999999999
Harry Maguire,-2.0
John Stones,3.200000000000003
Kyle Walker,-3.200000000000003
John Stones,8.400000000000006
Kyle Walker,-20.200000000000003
John Stones,-23.758787847867996
Jordan Pickford,50.204581464244875
Bamidele Alli,-13.200000000000003
Jordan Henderson,0.42426406871192446
Kyle Walker,-1.8384776310850246
Kieran Trippier,69.29646455628165
Kieran Trippier,-6.613622305514588
Raheem Sterling,-2.2045407685048395
Kieran Trippier,-19.106019993708816
Raheem Sterling,-22.400000000000006
Kyle Walker,-17.39999999999999
John Stones,-31.799999999999997
Jordan Pickford,61.801132675704245
Kieran Trippier,21.49604614807107
Kieran Trippier,16.6877200360025
Kyle Walker,1.6970562748477132
Kyle Walker,37.05239533417509
Jordan Pickford,45.39625535217634
Kieran Trippier,14.00071426749364
Raheem Sterling,-7.3999999999999915
Jordan Henderson,4.199999999999989
Kyle Walker,145.9468396369034
Jordan Henderson,10.0
Jesse Lingard,-15.0
Kieran Trippier,-24.199999999999996
Kyle Walker,-2.4041630560342604
Harry Maguire,12.586500705120555
Ashley Young,113.2
John Stones,5.6000000000000085
Jesse Lingard,-10.400000000000006
Kieran Trippier,22.80000000000001
Kieran Trippier,-22.0
Kyle Walker,-6.363961030678928
John Stones,19.233304448274094
Kyle Walker,7.636753236814714
Harry Maguire,11.313708498984761
Ashley Young,-14.142135623730951
Kyle Walker,65.90235200658623
Jordan Henderson,10.0
Jesse Lingard,1.1999999999999886
Bamidele Alli,15.431785379534015
Raheem Sterling,1.6970562748477382
Jordan Pickford,163.76593052280438
Kieran Trippier,-4.0
Kyle Walker,6.5053823869162395
Kieran Trippier,-7.800000000000011
Kyle Walker,8.34386001800127
Kieran Trippier,-16.599999999999994
John Stones,33.599999999999994
Ashley Young,-21.400000000000006
Harry Maguire,-16.0
John Stones,4.666904755831214
Kyle Walker,9.600000000000009
Jordan Henderson,16.599999999999994
Kieran Trippier,96.4493649538451
Kyle Walker,3.0
Harry Maguire,33.8
Harry Kane,19.79898987322333
Jordan Henderson,3.799999999999997
Ashley Young,40.8
Harry Maguire,5.200000000000003
Ashley Young,-13.200000000000003
John Stones,6.363961030678928
Kieran Trippier,-15.399999999999999
John Stones,-26.30437226013957
Jordan Pickford,44.83056992722711
Kieran Trippier,26.0
Jesse Lingard,-15.599999999999994
Jordan Henderson,102.38906191581206
Kieran Trippier,24.890158697766466
Ashley Young,8.48528137423857
Jordan Henderson,-17.88127512231719
Ashley Young,69.57930726875627
John Stones,0.5656854249492461
Kieran Trippier,49.78031739553293
Raheem Sterling,10.465180361560911
Kieran Trippier,25.45584412271571
Ashley Young,2.262741699796944
Jesse Lingard,-29.200000000000003
John Stones,73.2
Jordan Pickford,180.4536505588069
Harry Maguire,11.200000000000003
Ashley Young,-12.0
Harry Maguire,-6.788225099390857
John Stones,21.213203435596427
Kieran Trippier,95.31799410394662
Bamidele Alli,0.4000000000000057
Ashley Young,-2.799999999999997
Bamidele Alli,-8.799999999999997
John Stones,4.599999999999994
Kyle Walker,-10.400000000000006
John Stones,16.39999999999999
Jordan Henderson,-61.8
Jordan Pickford,57.982756057296896
Kieran Trippier,-39.2
Kyle Walker,-10.399999999999991
John Stones,2.799999999999997
Kyle Walker,-2.5999999999999943
John Stones,-3.0
Harry Maguire,35.19999999999999
Harry Kane,-9.199999999999989
Jordan Henderson,15.200000000000003
Harry Kane,6.200000000000003
Kieran Trippier,-7.6000000000000085
Kyle Walker,-8.200000000000003
Harry Kane,6.199999999999989
Ashley Young,-18.126224096595497
Jordan Henderson,83.15575746753801
Kieran Trippier,4.242640687119285
Jesse Lingard,17.146428199482248
Kyle Walker,-4.0
Kieran Trippier,17.200000000000003
Jesse Lingard,-8.0
Bamidele Alli,31.80000000000001
Ashley Young,-6.400000000000006
Bamidele Alli,-18.60000000000001
Harry Maguire,10.0
Jordan Henderson,14.599999999999994
Ashley Young,-18.599999999999994
Harry Maguire,-14.400000000000006
John Stones,-55.8
Jordan Pickford,82.02438661763951
Harry Maguire,25.60000000000001
Jordan Pickford,89.5197184982169
Ashley Young,15.599999999999994
Ashley Young,67.03372285648472
Harry Maguire,13.576450198781705
Harry Maguire,0.0
Kieran Trippier,25.45584412271571
John Stones,13.859292911256308
Jordan Henderson,67.20000000000002
Raheem Sterling,18.950461735799482
Kieran Trippier,-48.98979485566356
Kyle Walker,-5.799999999999997
John Stones,-6.800000000000011
Harry Maguire,-7.599999999999994
John Stones,11.400000000000006
Jordan Henderson,-11.599999999999994
John Stones,5.798275605729692
Kyle Walker,9.599999999999994
Jordan Henderson,34.0
Kyle Walker,30.200000000000003
Jordan Henderson,3.4000000000000057
Harry Kane,45.5605092157671
Raheem Sterling,6.505382386916229
Jesse Lingard,24.890158697766466
Jordan Henderson,25.0
Raheem Sterling,-13.962091533864086
Jesse Lingard,2.262741699796944
Kieran Trippier,21.496046148071027
Ashley Young,4.409081537009714
Jordan Henderson,9.30806102257607
Ashley Young,4.8083261120684915
Jordan Henderson,30.264170234784242
Harry Maguire,2.799999999999997
Jordan Henderson,12.0
Ashley Young,2.5455844122715874
Bamidele Alli,1.4142135623730951
Kieran Trippier,31.395541084682733
Jesse Lingard,52.891587232753764
Ashley Young,-32.599999999999994
John Stones,0.7999999999999972
Kyle Walker,-6.0
John Stones,-0.9899494936611706
Kyle Walker,116.81404025201766
Jesse Lingard,0.8485281374238489
Harry Kane,8.48528137423857
Ashley Young,31.961226509631942
Bamidele Alli,1.4142135623730951
Jordan Henderson,14.9906637611548
Kieran Trippier,-35.02770332179944
Kyle Walker,-32.0
John Stones,18.799999999999997
Jordan Henderson,-19.39999999999999
Kyle Walker,-4.3999999999999915
John Stones,-0.20000000000000284
Kyle Walker,-52.0
Jordan Pickford,42.56782822743016
Ashley Young,0.7999999999999972
Jordan Henderson,60.60000000000001
Kieran Trippier,55.60341716117815
Jordan Pickford,84.42854967367377
Jordan Pickford,10.323759005323595
Kyle Walker,12.586500705120544
Jesse Lingard,7.212489168102781
Jordan Henderson,33.400000000000006
Harry Maguire,29.274220741123067
Ashley Young,6.505382386916229
Raheem Sterling,11.313708498984761
Kieran Trippier,18.950461735799482
Jesse Lingard,0.8485281374238892
Ashley Young,-11.400000000000006
Harry Maguire,19.799999999999997
Bamidele Alli,-25.47469332494503
Harry Maguire,-21.0
John Stones,4.799999999999997
Kyle Walker,113.2
Jordan Henderson,37.052395334175074
Harry Kane,33.09259735953043
Kieran Trippier,27.718585822512654
Jordan Henderson,0.5656854249492461
Jordan Pickford,185.5448193833501
Harry Maguire,4.400000000000006
Ashley Young,-3.799999999999997
John Stones,-27.400000000000006
Harry Maguire,-16.404877323527906
Jordan Pickford,11.172287142747448
Kyle Walker,-14.00071426749364
Jordan Pickford,72.54915574973977
Kyle Walker,44.8
Harry Maguire,36.39999999999999
Bamidele Alli,39.315137033972036
Raheem Sterling,11.030865786510157
Bamidele Alli,33.09259735953043
Raheem Sterling,13.859292911256347
Jordan Henderson,4.808326112068531
Ashley Young,17.253405460951743
Raheem Sterling,10.465180361560911
Jesse Lingard,18.667619023324878
Bamidele Alli,1.6970562748477382
Kieran Trippier,22.627416997969522
Ashley Young,-11.800000000000011
John Stones,-7.200000000000003
Kyle Walker,-10.0
Jesse Lingard,24.799999999999997
Harry Maguire,79.0
Jordan Henderson,22.80000000000001
Kyle Walker,86.40844866099611
Jordan Pickford,65.05382386916237
Jordan Henderson,-2.1213203435596424
Kieran Trippier,34.78965363437814
Jesse Lingard,69.8621499812309
Jordan Pickford,18.950461735799475
Jordan Henderson,-0.9899494936611655
Kieran Trippier,-10.182337649086284
Kyle Walker,-12.162236636408615
Jordan Pickford,48.648946545634466
Kieran Trippier,21.599999999999994
Bamidele Alli,26.587214972614163
Ashley Young,6.222539674441626
Jesse Lingard,9.899494936611665
Bamidele Alli,16.4115812766473
Ashley Young,-11.267652816802604
Bamidele Alli,10.777754868245962
Ashley Young,-30.618621784789728
Jordan Henderson,-15.0
Harry Maguire,-35.800000000000004
Jordan Pickford,-3.6769552621700443
Kyle Walker,104.2275395468971
Ashley Young,6.929646455628169
Fabian Delph,4.384062043356597
Jordan Henderson,90.79999999999998
Raheem Sterling,-21.065611787935318
Fabian Delph,-43.355968447262256
Ashley Young,3.3999999999999915
Jordan Henderson,16.799999999999997
Fabian Delph,29.13279938488575
Harry Kane,33.375440072005034
Kieran Trippier,8.768124086713213
Kieran Trippier,0.39999999999997726
Jesse Lingard,-3.0
Kieran Trippier,-20.599999999999994
Kyle Walker,-21.200000000000003
John Stones,-12.0
Harry Maguire,16.0
Harry Kane,2.0
Jordan Pickford,59.5383909759073
Fabian Delph,-9.0
Ashley Young,8.599999999999994
Jordan Henderson,34.2
Jordan Pickford,8.909545442950499
Kyle Walker,70.99352083112937
Harry Kane,9.400000000000006
Jesse Lingard,-24.00499947927514
Kieran Trippier,-5.388877434122964
Jordan Henderson,8.328265125462819
Jesse Lingard,-22.535305633605248
Kieran Trippier,-35.76255024463442
Kyle Walker,-52.8
Jordan Pickford,65.76093065034893
Kieran Trippier,6.222539674441626
Kieran Trippier,71.276363543604
Jordan Pickford,80.19999999999999
Harry Kane,23.193102422918766
Ashley Young,-0.4000000000000057
Jesse Lingard,-4.599999999999994
Kieran Trippier,36.80000000000001
Kieran Trippier,19.79898987322333
Harry Maguire,4.808326112068531
Eric Dier,0.0
Jordan Pickford,90.36824663564079
Kyle Walker,-1.5999999999999943
Fabian Delph,-8.0
Ashley Young,27.400000000000006
Raheem Sterling,17.81909088590103
Jordan Pickford,183.84776310850236
Jordan Pickford,56.70996385116111
Harry Kane,76.65037508062174
Eric Dier,23.617366491630687
Kieran Trippier,59.96265504461923
Kieran Trippier,22.78025460788358
Jesse Lingard,5.633826408401302
Eric Dier,13.200000000000003
John Stones,-15.132085117392116
Jordan Pickford,73.53910524340094
Eric Dier,17.80000000000001
Fabian Delph,-22.799999999999997
Ashley Young,41.60000000000001
Jesse Lingard,2.204540768504874
Eric Dier,-21.200000000000003
Jesse Lingard,7.3484692283495345
Marcus Rashford,-10.042907945411017
Jesse Lingard,-26.699438196336658
Bamidele Alli,-1.8384776310850195
Jesse Lingard,-0.14142135623730648
Bamidele Alli,3.3941125496954263
Jordan Pickford,7.495331880577405
John Stones,11.879393923934002
Jordan Henderson,-8.800000000000004
John Stones,18.799999999999997
Jesse Lingard,-14.0
Kyle Walker,-15.600000000000001
John Stones,10.32375900532359
Harry Maguire,24.0
Bamidele Alli,4.0
Ashley Young,-35.2
Harry Maguire,-28.142849891224596
Jordan Pickford,27.152900397563418
Kieran Trippier,-12.400000000000006
John Stones,36.599999999999994
Kyle Walker,39.59797974644668
Harry Kane,15.839191898578648
Kieran Trippier,-8.061017305526642
Kyle Walker,8.061017305526642
Jordan Henderson,-3.6769552621700443
Kieran Trippier,-16.970562748477143
Kyle Walker,5.656854249492381
John Stones,9.616652224137042
Harry Maguire,2.4041630560342657
Ashley Young,40.3050865276332
Harry Kane,15.000000000000014
Kieran Trippier,71.03520254071216
Kyle Walker,-18.24335495461293
Jordan Pickford,11.313708498984761
John Stones,7.200000000000003
Jordan Henderson,-46.8
Jordan Pickford,6.08111831820431
John Stones,-20.22325394193526
Jordan Pickford,18.809040379562166
Harry Maguire,11.313708498984756
Harry Kane,-11.030865786510137
Harry Maguire,20.081832585697953
Jordan Henderson,36.2
Bamidele Alli,69.32055972076394
Kieran Trippier,53.17442994522837
Ashley Young,7.636753236814721
Kieran Trippier,14.207040508142427
Kieran Trippier,5.3999999999999915
Kieran Trippier,93.90378054157352
Kieran Trippier,22.910259710444127
Jesse Lingard,14.400000000000006
Harry Kane,-5.799999999999997
Bamidele Alli,-6.0
Jesse Lingard,9.799999999999983
Bamidele Alli,-0.4898979485566426
Kieran Trippier,19.80000000000001
Harry Kane,-3.799999999999997
Jesse Lingard,15.273506473629443
Raheem Sterling,3.394112549695436
Jesse Lingard,13.010764773832458
Ashley Young,10.532805893967659
Raheem Sterling,3.3941125496953957
Ashley Young,37.052395334175074
Kieran Trippier,2.5999999999999943
Kieran Trippier,-27.800000000000004
Kyle Walker,4.808326112068526
John Stones,29.39999999999999
Raheem Sterling,-25.599999999999994
John Stones,5.599999999999994
Harry Maguire,-10.200000000000003
John Stones,10.040916292848976
Raheem Sterling,9.200000000000003
Harry Maguire,-27.000000000000007
John Stones,32.599999999999994
Harry Kane,11.400000000000006
Kieran Trippier,72.40773439350245
Ashley Young,54.58864350760146
Kieran Trippier,14.800000000000011
Bamidele Alli,5.878775382679606
Kyle Walker,17.400000000000006
John Stones,-15.799999999999997
Kyle Walker,7.3999999999999915
Harry Maguire,21.599999999999994
Jesse Lingard,-26.200000000000003
Harry Maguire,-4.799999999999997
Kyle Walker,-1.4000000000000057
John Stones,-42.2
Jordan Pickford,46.810468914549446
Harry Kane,13.200000000000003
Kyle Walker,28.991378028648448
Ashley Young,-15.200000000000003
Kyle Walker,22.200000000000003
Kieran Trippier,71.0
Jesse Lingard,26.209540247779977
Kieran Trippier,3.111269837220833
Bamidele Alli,-19.000000000000007
Kyle Walker,-3.3941125496954263
John Stones,-2.2627416997969543
Harry Maguire,3.8183766184073558
Ashley Young,33.79970414071697
Bamidele Alli,33.599999999999994
Harry Maguire,29.9813275223096
Harry Maguire,16.122034611053284
Jordan Henderson,27.0
Jordan Pickford,20.7889393668845
Kieran Trippier,-19.65756851698602
Kieran Trippier,-2.8284271247461903
John Stones,8.343860018001264
Ashley Young,32.400000000000006
Harry Kane,-25.400000000000006
John Stones,15.600000000000009
Jordan Henderson,-12.400000000000006
John Stones,17.799999999999997
Raheem Sterling,3.6000000000000085
Harry Kane,-4.6000000000000085
Bamidele Alli,-24.200000000000003
John Stones,11.0
Harry Maguire,29.698484809834994
Harry Kane,12.16223663640861
Raheem Sterling,7.919595949289365
Harry Kane,44.689148570989836
Kieran Trippier,-25.400000000000006
John Stones,8.0
Harry Maguire,18.0
Bamidele Alli,-39.8
John Stones,12.200000000000003
Bamidele Alli,15.199999999999989
Jesse Lingard,16.0
Bamidele Alli,61.09402589451769
Jesse Lingard,-1.2000000000000028
Jordan Henderson,17.200000000000003
Raheem Sterling,53.45727265770301
Kyle Walker,15.999999999999986
Jordan Pickford,18.243354954612926
John Stones,2.8284271247461903
Harry Maguire,0.4242640687119295
John Stones,32.0
Jesse Lingard,-21.39999999999999
Kyle Walker,-11.799999999999997
John Stones,12.0
Harry Maguire,21.799999999999997
Bamidele Alli,-30.200000000000003
Harry Maguire,45.2
Jesse Lingard,8.818163074019461
Kieran Trippier,-1.2727922061357835
Jordan Henderson,32.38549057834388
Harry Maguire,71.84204896855323
Ashley Young,-19.799999999999997
Harry Maguire,0.282842712474618
John Stones,-3.4000000000000057
Harry Maguire,-27.860007178749974
Jordan Pickford,74.10479066835019
Raheem Sterling,-8.328265125462819
Harry Kane,15.186836405255711
Ashley Young,74.3876333808248
Kieran Trippier,28.284271247461902
Kyle Walker,-69.4
Jordan Pickford,0.9899494936611655
Kyle Walker,14.99066376115481
John Stones,-10.182337649086284
Kyle Walker,6.5053823869162395
Ashley Young,3.959797974644672
John Stones,13.399999999999991
Jesse Lingard,-21.0
Ashley Young,5.3999999999999915
Harry Maguire,5.800000000000011
Jesse Lingard,-24.200000000000003
Ashley Young,33.2
Harry Maguire,25.39999999999999
Ashley Young,-5.878775382679642
John Stones,-1.5999999999999943
Ashley Young,-24.599999999999994
Kyle Walker,0.20000000000000284
Harry Maguire,25.799999999999997
Ashley Young,-2.449489742783178
Jesse Lingard,17.253405460951743
Harry Kane,0.28284271247460296
Raheem Sterling,19.79898987322333
Bamidele Alli,6.222539674441626
Harry Maguire,60.52834046956848
Jordan Henderson,6.505382386916229
Bamidele Alli,13.010764773832458
Jordan Henderson,-18.799999999999997
Harry Maguire,15.400000000000006
Bamidele Alli,-33.60000000000001
John Stones,21.400000000000006
Kyle Walker,22.78025460788355
Raheem Sterling,1.1313708498984518
Ashley Young,-18.800000000000004
Harry Maguire,-6.788225099390857
John Stones,6.929646455628169
Jordan Henderson,0.7071067811865476
Harry Maguire,25.39999999999999
Bamidele Alli,-8.799999999999997
Ashley Young,93.60000000000001
Jordan Henderson,20.0
Kieran Trippier,-8.083316151184482
Harry Kane,7.353910524340118
Ashley Young,23.051681066681443
Jordan Pickford,20.7889393668845
John Stones,2.5999999999999943
Harry Maguire,44.2
Harry Kane,-9.400000000000006
Jordan Henderson,16.799999999999997
Bamidele Alli,-25.60000000000001
Harry Maguire,8.768124086713193
Kyle Walker,10.0
Kieran Trippier,-8.799999999999997
Kyle Walker,14.600000000000009
Jesse Lingard,-15.799999999999997
John Stones,18.400000000000006
Jesse Lingard,24.0
Bamidele Alli,-23.599999999999994
Harry Maguire,38.20000000000002
Jesse Lingard,12.002499739637587
Bamidele Alli,-12.982295636750838
Raheem Sterling,5.388877434122999
Bamidele Alli,-7.593418202627838
Bamidele Alli,-7.0710678118654755
Ashley Young,-30.688434303496162
Jordan Pickford,76.08468965567252
John Stones,12.02081528017131
Bamidele Alli,-8.061017305526642
Harry Maguire,7.636753236814716
Bamidele Alli,-6.788225099390857
Harry Maguire,-7.353910524340096
John Stones,12.727922061357857
Bamidele Alli,6.363961030678928
Harry Maguire,8.0
Harry Kane,4.808326112068531
Jordan Henderson,5.939696961967023
Jesse Lingard,3.6769552621700794
Jordan Henderson,88.81261171703039
Jordan Henderson,-10.400000000000006
Kieran Trippier,-7.07106781186547
Kyle Walker,-26.30437226013957
Jordan Pickford,4.8083261120685235
Kyle Walker,4.6669047558312124
John Stones,22.485995641732213
Harry Kane,-16.599999999999994
Harry Maguire,4.949747468305833
Harry Kane,23.0
Jordan Henderson,5.599999999999994
Bamidele Alli,13.800000000000011
Jesse Lingard,-2.939387691339821
Raheem Sterling,3.4292856398964635
Jesse Lingard,1.6970562748476978
Harry Kane,44.406305858515196
Kyle Walker,21.213203435596444
Harry Kane,2.262741699796944
Bamidele Alli,1.1313708498984922
Jordan Henderson,16.799999999999997
Jordan Pickford,5.939696961967001
John Stones,-8.200000000000003
Kyle Walker,-29.698484809834994
Jordan Pickford,23.61736649163069
Harry Maguire,-25.03158005400378
Jordan Pickford,19.94041122946064
Kyle Walker,0.4242640687119295
John Stones,35.19999999999999
Jordan Pickford,27.152900397563425
Kieran Trippier,-14.200000000000003
Kyle Walker,38.8
Jordan Pickford,178.4737515714846
Harry Kane,5.656854249492381
Jesse Lingard,5.374011537017777
Bamidele Alli,-9.599999999999994
Ashley Young,16.19999999999999
Jordan Pickford,16.404877323527902
Kyle Walker,3.6769552621700794
Jesse Lingard,16.656530250925606
Kieran Trippier,28.284271247461902
Harry Maguire,1.8000000000000114
Jordan Henderson,17.799999999999997
Jordan Henderson,12.599999999999994
Jesse Lingard,1.5556349186104015
Jordan Pickford,154.9978064360912
Bamidele Alli,-30.400000000000006
John Stones,70.8
Harry Maguire,82.30722933011414
John Stones,31.0
Kieran Trippier,-23.900209204105305
Kyle Walker,-2.687005768508881
Jordan Pickford,9.05096679918781
Harry Maguire,-3.676955262170049
John Stones,-14.199999999999996
Harry Maguire,8.202438661763953
John Stones,-8.600000000000009
Kyle Walker,18.950461735799472
Kieran Trippier,0.0
John Stones,-19.0
Kieran Trippier,-34.60000000000001
Kyle Walker,18.101933598375613
Raheem Sterling,-13.399999999999999
Kyle Walker,-0.4242640687119295
Harry Maguire,-0.7071067811865476
Kyle Walker,9.89949493661167
Kieran Trippier,29.698484809834994
Kyle Walker,8.343860018001259
John Stones,7.200000000000003
Bamidele Alli,-5.599999999999994
Kyle Walker,13.0
Bamidele Alli,-8.799999999999997
Harry Maguire,89.09545442950498
John Stones,8.061017305526637
Jordan Henderson,-3.394112549695431
John Stones,27.799999999999997
Raheem Sterling,-19.799999999999997
Kieran Trippier,-12.600000000000009
Kyle Walker,4.949747468305838
John Stones,1.7999999999999972
Jordan Henderson,-4.199999999999989
John Stones,28.400000000000006
Jesse Lingard,6.199999999999989
John Stones,20.200000000000003
Harry Kane,6.599999999999994
Jesse Lingard,4.525483399593888
Jordan Pickford,12.727922061357855
Kyle Walker,13.859292911256333
Jesse Lingard,-9.050966799187806
Kyle Walker,5.656854249492381
John Stones,6.929646455628164
Jordan Henderson,-4.3999999999999915
Kyle Walker,-20.22325394193526
Jordan Pickford,3.394112549695431
Harry Maguire,9.192388155425117
John Stones,15.599999999999994
Raheem Sterling,-14.800000000000011
John Stones,29.200000000000003
Bamidele Alli,-0.6000000000000085
Ashley Young,72.9734198184517
Ashley Young,24.984795376388423
Harry Kane,-16.166632302368996
Ashley Young,-5.14392845984466
Jesse Lingard,3.1843366656181247
Ashley Young,-5.388877434122999
Bamidele Alli,4.164132562731409
Jordan Henderson,14.200000000000003
Ashley Young,60.52834046956844
Kieran Trippier,25.738686835190315
Harry Maguire,38.60000000000001
Bamidele Alli,15.273506473629443
Raheem Sterling,34.22396820942888
Kyle Walker,29.799999999999997
Harry Kane,4.799999999999997
Raheem Sterling,-5.799999999999997
Jesse Lingard,-4.400000000000006
Bamidele Alli,-14.799999999999997
Kyle Walker,-0.7071067811865476
John Stones,6.788225099390857
Bamidele Alli,-7.0710678118654755
John Stones,19.23330444827409
Bamidele Alli,61.000000000000014
Ashley Young,8.328265125462819
Raheem Sterling,-5.14392845984466
Ashley Young,83.43860018001261
Harry Maguire,3.959797974644642
Harry Maguire,26.021529547664915
Kieran Trippier,48.366103833159876
Harry Maguire,-14.799999999999997
Jordan Pickford,56.00285706997456
Harry Kane,48.64894654563448
Harry Maguire,4.599999999999994
Jordan Henderson,62.39999999999999
Ashley Young,18.39999999999999
Harry Maguire,11.400000000000006
Harry Maguire,72.39999999999999
Kieran Trippier,0.4898979485566426
Jesse Lingard,-2.694438717061482
Kieran Trippier,24.890158697766466
Ashley Young,11.0
Raheem Sterling,20.08581589082207
Ashley Young,-5.878775382679606
Kieran Trippier,3.3941125496954263
Jordan Henderson,8.600000000000009
Jesse Lingard,-9.199999999999996
Harry Maguire,-7.2124891681027865
John Stones,-0.4242640687119295
Kyle Walker,-22.910259710444144
John Stones,-14.424978336205571
Jordan Pickford,39.59797974644666
Ashley Young,54.599999999999994
Bamidele Alli,-11.512601791080945
Ashley Young,-1.7146428199482318
Raheem Sterling,5.091168824543175
Jordan Henderson,16.0
Kieran Trippier,-14.20704050814246
Kyle Walker,-37.400000000000006
John Stones,-28.001428534987284
Jordan Pickford,67.88225099390856
Harry Maguire,1.4142135623730951
John Stones,6.929646455628166
Kieran Trippier,-19.657568516986025
John Stones,21.637467504308354
Harry Maguire,0.14142135623731153
Ashley Young,62.22539674441618
Kyle Walker,-12.0
Kieran Trippier,-22.400000000000006
John Stones,2.0
Kyle Walker,-2.3999999999999915
John Stones,-4.400000000000006
Kyle Walker,0.0
John Stones,26.870057685088806
Bamidele Alli,18.599999999999994
Raheem Sterling,-8.599999999999994
Bamidele Alli,84.00428560496184
Jesse Lingard,0.0
Ashley Young,27.718585822512654
Kyle Walker,16.400000000000006
Harry Kane,22.200000000000003
Bamidele Alli,-5.599999999999994
John Stones,8.202438661763953
Kieran Trippier,0.14142135623731153
Jordan Henderson,20.9303607231218
Bamidele Alli,71.84204896855323
Jesse Lingard,12.869343417595168
Ashley Young,8.202438661763948
Raheem Sterling,44.9719912834644
Kyle Walker,12.303657992645928
Jordan Henderson,16.263455967290593
Jesse Lingard,52.19999999999999
Jordan Henderson,32.24406922210658
Jordan Pickford,126.99637790110395
Harry Kane,12.445079348883212
John Stones,15.697770542341352
Ashley Young,81.0
Eric Dier,-24.400000000000006
Jordan Pickford,91.07535341682733
Harry Kane,18.950461735799482
John Stones,-0.20000000000000284
Kieran Trippier,-29.0
Kyle Walker,-7.599999999999994
Harry Maguire,-37.599999999999994
Jordan Pickford,63.78103166302659
Harry Kane,38.39999999999999
Kieran Trippier,63.07392488184003
Eric Dier,42.426406871192846
Jordan Pickford,89.3782971419796
Harry Kane,3.4292856398964635
Harry Maguire,12.0
Eric Dier,14.200000000000003
Harry Kane,22.599999999999994
Jordan Pickford,87.96408357960651
Harry Kane,61.48219254385776
Eric Dier,4.6000000000000085
Harry Maguire,42.85067093990478
Kieran Trippier,78.4
Harry Maguire,33.400000000000006
Eric Dier,18.60000000000001
Ashley Young,20.08183258569795
Jordan Pickford,126.14784976368006
Harry Kane,35.63818177180198
Eric Dier,10.599999999999994
Jordan Henderson,42.992092296142054
Jordan Henderson,8.48528137423857
Jesse Lingard,-27.0
John Stones,124.00000000000001
Jesse Lingard,-1.224744871391589
Kieran Trippier,0.4898979485566426
Jordan Pickford,7.495331880577405
Kyle Walker,2.2627416997969543
Harry Maguire,32.599999999999994
Jordan Henderson,-26.39999999999999
Harry Maguire,-33.8
Jordan Pickford,56.568542494923804
Kieran Trippier,71.4
Eric Dier,42.42640687119285
Harry Maguire,19.79898987322331
Ashley Young,152.73506473629428
Kieran Trippier,-28.199999999999996
Kyle Walker,-36.062445840513924
Jordan Pickford,80.1859089865545
Ashley Young,35.2
Ashley Young,82.30722933011411
Kyle Walker,-26.445793616376882
Jordan Pickford,1.9798989873223336
Kyle Walker,11.172287142747448
Eric Dier,-0.7071067811865476
Harry Maguire,13.859292911256333
Jordan Henderson,-7.400000000000006
John Stones,3.5999999999999943
Kyle Walker,17.60000000000001
Kieran Trippier,2.200000000000003
Kieran Trippier,-14.0
Kyle Walker,0.4000000000000057
John Stones,45.8
Jordan Henderson,9.600000000000009
Ashley Young,6.788225099390857
Jordan Pickford,15.556349186104043
Eric Dier,-9.0
Kyle Walker,-1.6000000000000085
John Stones,20.200000000000003
Jordan Henderson,-7.799999999999997
Harry Maguire,19.200000000000003
Ashley Young,-27.200000000000003
John Stones,8.400000000000006
Eric Dier,5.091168824543134
Ashley Young,-13.435028842544403
Harry Maguire,12.586500705120544
Eric Dier,-4.808326112068521
Harry Maguire,9.333809511662428
Jordan Henderson,-11.172287142747454
Harry Maguire,21.21320343559643
John Stones,-17.0
Harry Maguire,9.400000000000006
Jordan Henderson,4.164132562731409
Jamie Vardy,17.253405460951786
Harry Kane,81.45870119269027
Jordan Pickford,140.57282809988564
John Stones,8.9095454429505
Harry Maguire,2.6870057685088837
Ashley Young,1.979898987322336
Ashley Young,2.969848480983497
John Stones,-12.16223663640862
Harry Maguire,-15.132085117392116
Jordan Pickford,4.101219330881976
Harry Maguire,12.727922061357855
Eric Dier,6.788225099390862
Ashley Young,-8.599999999999994
Eric Dier,3.2526911934581246
John Stones,32.60000000000001
Jordan Pickford,32.38549057834388
John Stones,-2.1213203435596424
Kyle Walker,-3.799999999999997
John Stones,5.9396969619670035
Harry Maguire,-6.799999999999997
John Stones,15.599999999999994
Jordan Henderson,-12.200000000000003
John Stones,-3.799999999999997
Eric Dier,9.600000000000009
Jordan Pickford,23.193102422918763
Kyle Walker,5.798275605729692
Eric Dier,-6.646803743153546
Kyle Walker,10.4651803615609
Eric Dier,-9.758073580374354
John Stones,22.627416997969522
Jordan Pickford,21.778888860545667
Kyle Walker,7.353910524340093
Eric Dier,60.79999999999998
Kyle Walker,-0.565685424949241
Jordan Pickford,126.1478497636801
Harry Kane,42.992092296142054
Jamie Vardy,39.31513703397206
Jesse Lingard,-30.19999999999999
John Stones,113.98561312727145
Harry Kane,9.899494936611665
Jordan Henderson,15.839191898578648
Kyle Walker,28.849956672411142
Kieran Trippier,1.4142135623730951
John Stones,-7.919595949289334
Eric Dier,10.182337649086284
Harry Kane,83.72144289248723
Harry Kane,18.95046173579944
Jesse Lingard,39.59797974644666
Harry Maguire,33.2
Danny Rose,15.132085117392121
Jordan Pickford,13.717871555019023
Harry Maguire,-18.950461735799475
Jordan Pickford,26.870057685088806
John Stones,1.5556349186104015
Harry Maguire,10.182337649086287
Danny Rose,66.20000000000002
Harry Maguire,56.2
Harry Maguire,25.599999999999994
Jesse Lingard,7.599999999999994
Harry Kane,-5.3999999999999915
Jesse Lingard,-11.599999999999994
Harry Maguire,35.599999999999994
Jesse Lingard,-3.799999999999997
Harry Kane,59.19999999999999
Jamie Vardy,1.4142135623730951
Danny Rose,-23.515101530718496
Jesse Lingard,5.633826408401302
Jordan Henderson,-17.63632614803889
Harry Maguire,45.537676708413684
John Stones,15.799999999999997
Danny Rose,-34.53780537324281
Harry Maguire,-7.400000000000006
Kyle Walker,20.799999999999997
Eric Dier,45.2
Jordan Henderson,-24.249948453553444
Danny Rose,9.063112048297766
Jordan Henderson,-27.679234093449907
Harry Maguire,5.656854249492381
Eric Dier,-20.39999999999999
John Stones,28.000000000000014
Danny Rose,0.5656854249492461
Jesse Lingard,28.284271247461902
Jordan Henderson,26.870057685088806
Kieran Trippier,57.20000000000002
Harry Maguire,22.0
Marcus Rashford,-15.599999999999994
John Stones,-6.363961030678928
Eric Dier,6.646803743153546
Kieran Trippier,65.1952452253997
Jamie Vardy,0.0
Kieran Trippier,28.001428534987298
Kieran Trippier,48.8
Harry Maguire,13.200000000000003
Harry Kane,18.667619023324878
Jesse Lingard,4.525483399593888
Jordan Pickford,188.6560892205709
Harry Kane,34.78965363437813
Kieran Trippier,-7.593418202627873
Jordan Henderson,-22.799999999999997
Eric Dier,-1.2000000000000028
Harry Maguire,15.199999999999989
Danny Rose,54.305800795126856
Kieran Trippier,2.5455844122715874
Harry Maguire,0.5656854249492461
Eric Dier,8.400000000000006
Marcus Rashford,5.200000000000003
Kieran Trippier,17.39999999999999
John Stones,-55.2
Jordan Pickford,86.69129137347072
Eric Dier,-4.200000000000003
Harry Maguire,8.200000000000003
Danny Rose,7.400000000000006
Marcus Rashford,-8.399999999999991
Harry Maguire,-11.0
John Stones,24.799999999999997
Jordan Henderson,12.0
Marcus Rashford,9.050966799187817
Kieran Trippier,0.2449489742783387
John Stones,11.455129855222067
Jordan Pickford,187.24187565819776
Jesse Lingard,-26.400000000000006
John Stones,5.200000000000003
Harry Maguire,10.200000000000003
Ashley Young,-0.4000000000000057
Kyle Walker,6.199999999999989
Raheem Sterling,-11.200000000000003
Kyle Walker,5.199999999999989
Raheem Sterling,8.200000000000003
Ruben Loftus-Cheek,-1.5999999999999943
Raheem Sterling,-9.200000000000003
Kyle Walker,-2.0
John Stones,0.7999999999999972
Kyle Walker,12.599999999999994
Ruben Loftus-Cheek,-7.6000000000000085
Kyle Walker,-6.799999999999997
John Stones,17.39999999999999
Harry Maguire,-1.4000000000000057
Raheem Sterling,-1.5999999999999943
Harry Maguire,-33.60000000000001
John Stones,8.600000000000009
Kyle Walker,6.799999999999997
Jordan Henderson,15.200000000000003
Kieran Trippier,64.4
Ruben Loftus-Cheek,18.10193359837559
Kieran Trippier,10.748023074035519
Jordan Pickford,14.42497833620557
Kyle Walker,-2.200000000000003
John Stones,18.400000000000006
Jordan Pickford,28.991378028648448
Kyle Walker,-3.200000000000003
Harry Maguire,7.0
Ashley Young,-9.0
Harry Maguire,12.400000000000006
Kyle Walker,28.799999999999997
Jordan Pickford,8.061017305526642
Harry Maguire,9.192388155425117
John Stones,19.091883092036777
Kyle Walker,-7.599999999999994
John Stones,11.800000000000011
Raheem Sterling,-8.818163074019427
Harry Maguire,-13.800000000000011
John Stones,-8.600000000000009
Harry Maguire,-27.6
Jordan Pickford,16.97056274847714
Kyle Walker,75.0
Kieran Trippier,26.304372260139562
Kyle Walker,11.879393923934002
Jordan Henderson,0.7999999999999972
Harry Kane,-0.20000000000000284
Harry Maguire,-3.0
John Stones,6.0
Kyle Walker,-3.6000000000000085
John Stones,7.200000000000003
Kyle Walker,-5.599999999999994
John Stones,1.2000000000000028
Kyle Walker,4.199999999999989
Kieran Trippier,-10.400000000000006
Kyle Walker,-13.200000000000003
John Stones,7.400000000000006
Harry Maguire,8.200000000000003
Jesse Lingard,-12.799999999999997
Harry Maguire,17.599999999999994
Ashley Young,11.455129855222072
Jesse Lingard,-1.6970562748477132
Ashley Young,-10.889444430272832
Jordan Pickford,181.86786412118002
Kyle Walker,3.5355339059327324
John Stones,-3.394112549695431
Kyle Walker,2.6870057685088784
Kieran Trippier,-7.0
Kyle Walker,9.600000000000009
Jordan Henderson,91.6
Jordan Henderson,102.67190462828671
Harry Kane,2.204540768504874
Jordan Pickford,80.61017305526642
Raheem Sterling,-14.200000000000003
Jordan Henderson,-1.7999999999999972
Jesse Lingard,18.0
Jordan Henderson,-8.48528137423857
Ashley Young,-4.666904755831214
Jordan Pickford,8.768124086713188
Kyle Walker,7.7781745930520225
John Stones,22.39999999999999
Ruben Loftus-Cheek,-16.200000000000003
Kyle Walker,2.200000000000003
John Stones,7.800000000000011
Jordan Henderson,-1.2000000000000028
John Stones,4.799999999999997
Kyle Walker,-0.8000000000000114
John Stones,-1.6000000000000085
Jordan Henderson,4.0
Kyle Walker,10.399999999999991
Jesse Lingard,-6.3999999999999915
Kieran Trippier,-17.400000000000006
Kyle Walker,17.799999999999997
Harry Maguire,12.600000000000009
Ashley Young,-19.39999999999999
Harry Maguire,0.3999999999999915
John Stones,2.0
Kyle Walker,55.80000000000001
Ruben Loftus-Cheek,-6.200000000000003
Jordan Henderson,-24.60000000000001
Harry Maguire,3.799999999999997
Jordan Henderson,-8.200000000000003
Harry Maguire,-5.799999999999997
John Stones,16.60000000000001
Kyle Walker,10.599999999999994
Harry Kane,-12.799999999999997
Kyle Walker,17.200000000000003
Ruben Loftus-Cheek,-7.599999999999994
Kieran Trippier,61.659711319466936
Ashley Young,1.4142135623730951
Kyle Walker,19.80000000000001
Kieran Trippier,4.800000000000011
Kieran Trippier,-39.0
Kyle Walker,-39.4
Jordan Pickford,13.576450198781714
Kyle Walker,6.0
Jordan Henderson,6.799999999999997
Kieran Trippier,-9.799999999999997
Kyle Walker,-6.0
Harry Maguire,10.0
John Stones,18.39999999999999
Jesse Lingard,-18.39999999999999
Jordan Henderson,4.599999999999994
Kyle Walker,102.38906191581209
Jordan Pickford,24.607315985291855
Harry Maguire,7.4953318805774
Ashley Young,-5.200000000000003
John Stones,17.60000000000001
Kyle Walker,-7.0
John Stones,11.600000000000009
Jesse Lingard,-6.200000000000003
Kyle Walker,3.4000000000000057
Jordan Henderson,-4.6000000000000085
Kyle Walker,18.950461735799482
Harry Kane,6.222539674441626
Jesse Lingard,-51.2
Ashley Young,-8.485281374238568
Jordan Pickford,88.81261171703036
Raheem Sterling,54.02295808265222
Jordan Pickford,22.061731573020285
Kyle Walker,1.6970562748477132
John Stones,4.599999999999994
Harry Maguire,0.19999999999998863
John Stones,13.200000000000003
Kyle Walker,13.0
Raheem Sterling,-12.200000000000003
John Stones,11.0
Raheem Sterling,-2.5999999999999943
John Stones,15.0
Jesse Lingard,-8.200000000000003
Harry Maguire,13.200000000000003
Ashley Young,-25.0
Harry Maguire,-23.400000000000006
John Stones,21.0
Kyle Walker,19.599999999999994
Kieran Trippier,105.50033175303288
Jordan Henderson,-5.0
Harry Maguire,11.200000000000003
Ashley Young,-11.399999999999991
John Stones,15.0
Kyle Walker,23.799999999999997
Kieran Trippier,96.44936495384508
Harry Maguire,6.788225099390872
Ashley Young,-22.627416997969522
Jordan Pickford,21.21320343559643
Kyle Walker,9.0
Kieran Trippier,-8.0
Kyle Walker,8.0
Harry Maguire,13.200000000000003
Jordan Henderson,-28.200000000000003
John Stones,4.599999999999994
Harry Maguire,-45.99999999999999
Jordan Pickford,74.5290547370621
Ashley Young,-31.799999999999997
Harry Maguire,-3.0
John Stones,7.6000000000000085
Kyle Walker,0.0
John Stones,28.0
Ruben Loftus-Cheek,-13.799999999999997
Kyle Walker,2.200000000000003
Kieran Trippier,-55.60000000000001
Jordan Pickford,17.394826817189074
John Stones,19.0
Raheem Sterling,-4.0
Jordan Henderson,93.2
Jordan Pickford,23.33452377915607
John Stones,12.58650070512055
Jordan Henderson,-9.0
Harry Maguire,6.6000000000000085
Ashley Young,-14.200000000000003
Harry Maguire,2.6000000000000085
John Stones,20.799999999999997
Raheem Sterling,-1.4000000000000057
Kyle Walker,1.2000000000000028
John Stones,9.200000000000003
Raheem Sterling,-11.0
Kyle Walker,12.600000000000009
Kieran Trippier,2.5999999999999943
Raheem Sterling,-18.599999999999994
Kieran Trippier,-7.400000000000006
Kyle Walker,6.3999999999999915
John Stones,22.400000000000006
Jesse Lingard,12.737346662472499
Ashley Young,-8.573214099741124
Jesse Lingard,13.859292911256308
Raheem Sterling,3.111269837220793
Harry Kane,-3.6000000000000085
Jordan Henderson,5.200000000000003
Jesse Lingard,-4.6000000000000085
Jordan Henderson,5.799999999999997
Jordan Pickford,181.86786412118005
Kieran Trippier,13.010764773832499
Jordan Henderson,48.36610383315983
Harry Kane,9.899494936611665
Ashley Young,-24.465894629054546
John Stones,-0.989949493661168
Jordan Pickford,27.860007178749974
Kieran Trippier,11.0
Ruben Loftus-Cheek,15.839191898578688
Raheem Sterling,2.5455844122715874
Kieran Trippier,30.264170234784242
Harry Maguire,4.0
Ruben Loftus-Cheek,-14.199999999999989
John Stones,17.394826817189074
Jesse Lingard,-0.8000000000000114
Jordan Henderson,2.6000000000000085
Harry Maguire,-26.021529547664947
Kyle Walker,24.400000000000006
Ruben Loftus-Cheek,1.7999999999999972
Ruben Loftus-Cheek,-9.199999999999989
Kyle Walker,-26.0
John Stones,8.768124086713188
Jordan Henderson,4.0
John Stones,15.400000000000006
Raheem Sterling,6.599999999999994
Jesse Lingard,-7.400000000000006
Raheem Sterling,8.400000000000006
Jesse Lingard,-27.0
Harry Maguire,12.200000000000003
Ashley Young,-25.400000000000006
Harry Maguire,9.200000000000003
Raheem Sterling,-10.0
John Stones,6.799999999999997
Raheem Sterling,8.0
Kyle Walker,-1.2000000000000028
John Stones,3.4000000000000057
Kyle Walker,12.400000000000006
Raheem Sterling,-3.1999999999999886
Harry Maguire,-11.0
Jordan Henderson,11.0
Kyle Walker,8.799999999999997
Harry Kane,20.364675298172575
Jesse Lingard,26.304372260139562
Ruben Loftus-Cheek,-24.984795376388423
Kieran Trippier,-27.67923409344994
Kyle Walker,-1.5999999999999943
Harry Maguire,94.46946596652276
Harry Kane,74.67047609329943
Ashley Young,21.310560762213623
Harry Kane,29.13279938488579
Raheem Sterling,1.979898987322301
Harry Maguire,13.200000000000003
Ashley Young,-14.0
Harry Maguire,12.799999999999997
Ruben Loftus-Cheek,-25.400000000000006
Jordan Henderson,27.400000000000006
Harry Kane,49.214631970583724
Jordan Pickford,30.26417023478423
Ruben Loftus-Cheek,17.599999999999994
Harry Kane,73.82194795587559
Jordan Henderson,-5.200000000000003
Jesse Lingard,4.808326112068521
Jordan Henderson,0.5999999999999943
Kieran Trippier,-6.929646455628166
Kyle Walker,4.6669047558312124
Kieran Trippier,-1.9798989873223336
John Stones,12.303657992645926
Jordan Henderson,-15.132085117392116
John Stones,8.202438661763953
Kyle Walker,35.35533905932738
Raheem Sterling,0.3999999999999915
Kyle Walker,15.599999999999994
Jordan Henderson,-13.399999999999991
Kyle Walker,7.3999999999999915
John Stones,5.200000000000003
Harry Maguire,13.0
Ashley Young,-9.400000000000006
Harry Maguire,0.8000000000000114
John Stones,29.200000000000003
Ruben Loftus-Cheek,-12.799999999999997
Kyle Walker,4.400000000000006
Harry Maguire,18.400000000000006
Jesse Lingard,-31.0
Harry Maguire,-4.400000000000006
John Stones,21.60000000000001
Raheem Sterling,13.599999999999994
Ruben Loftus-Cheek,-19.595917942265423
Kyle Walker,2.0
Harry Maguire,8.200000000000017
Jesse Lingard,-17.146428199482248
Harry Maguire,3.0
Jesse Lingard,-13.599999999999994
John Stones,7.400000000000006
Jordan Henderson,8.999999999999986
Kieran Trippier,-11.022703842524285
Jordan Henderson,19.80000000000001
Jesse Lingard,3.6742346141747673
Ruben Loftus-Cheek,35.51760127035608
Kieran Trippier,-6.368673331236249
Jesse Lingard,-1.4696938456699278
Kieran Trippier,-2.2045407685048395
Jesse Lingard,9.063112048297766
Kieran Trippier,27.718585822512654
Kyle Walker,-61.8
Jordan Pickford,12.303657992645931
Ashley Young,11.0
Jesse Lingard,-1.7999999999999972
Harry Maguire,2.6000000000000085
Jesse Lingard,4.0
John Stones,-3.200000000000003
Jesse Lingard,2.0
John Stones,3.6000000000000085
Kyle Walker,2.1999999999999886
Ashley Young,12.600000000000009
Jordan Henderson,-12.0
John Stones,2.0
Jordan Henderson,35.2
Ruben Loftus-Cheek,-15.599999999999994
Jordan Henderson,-15.799999999999997
Kyle Walker,9.599999999999994
John Stones,-2.799999999999997
Harry Maguire,-0.6000000000000085
Raheem Sterling,4.3999999999999915
Harry Maguire,0.7999999999999972
Raheem Sterling,-2.3999999999999915
Harry Maguire,-0.20000000000000284
Kyle Walker,87.0
Kyle Walker,12.0
Jesse Lingard,-10.799999999999997
Kyle Walker,12.020815280171307
Jordan Henderson,0.848528137423859
Harry Maguire,14.00071426749364
Ashley Young,-25.799999999999997
Harry Maguire,-19.65756851698602
Jordan Pickford,25.173001410241092
Kyle Walker,23.33452377915607
Jordan Henderson,130.9561758757486
Harry Maguire,30.60000000000001
Ruben Loftus-Cheek,0.0
Jordan Henderson,30.400000000000006
Harry Kane,-3.799999999999997
Jesse Lingard,-1.2000000000000028
Jordan Henderson,1.4000000000000057
Ruben Loftus-Cheek,-3.799999999999997
Jordan Henderson,9.599999999999994
Ruben Loftus-Cheek,-7.000000000000014
Jordan Henderson,2.200000000000003
Kieran Trippier,-23.599999999999994
Kyle Walker,3.0
John Stones,5.200000000000003
Jesse Lingard,5.6000000000000085
Ashley Young,-14.599999999999994
Jesse Lingard,2.0
Raheem Sterling,-3.5999999999999943
John Stones,-2.5999999999999943
Jordan Henderson,14.200000000000003
Ruben Loftus-Cheek,-15.921683328090676
Jordan Henderson,-8.799999999999997
Kyle Walker,12.199999999999989
Harry Maguire,20.364675298172575
Kyle Walker,25.799999999999997
Jesse Lingard,15.200000000000003
Raheem Sterling,0.6000000000000085
John Stones,14.707821048680197
Ruben Loftus-Cheek,52.891587232753764
John Stones,-39.2
Kyle Walker,13.0
Harry Maguire,9.800000000000011
John Stones,10.799999999999997
Jordan Henderson,-1.2000000000000028
John Stones,5.0
Kieran Trippier,-3.799999999999997
John Stones,3.1999999999999886
Kieran Trippier,-4.0
John Stones,3.8000000000000114
Jesse Lingard,8.600000000000009
Raheem Sterling,-6.799999999999997
Jesse Lingard,3.5999999999999943
Raheem Sterling,-10.600000000000009
John Stones,-2.799999999999997
Kyle Walker,7.599999999999994
Raheem Sterling,-6.799999999999997
Kyle Walker,-5.599999999999994
Jordan Henderson,12.799999999999997
Harry Maguire,-7.400000000000006
Jordan Henderson,-0.7999999999999972
John Stones,1.7999999999999972
Kyle Walker,37.400000000000006
Ashley Young,-26.400000000000006
Harry Maguire,3.6000000000000085
Kyle Walker,22.200000000000003
Ruben Loftus-Cheek,16.404877323527895
Kyle Walker,1.200000000000017
Fabian Delph,0.19999999999998863
Harry Maguire,-13.799999999999983
Fabian Delph,5.200000000000003
Kyle Walker,1.7999999999999972
Jordan Henderson,29.80000000000001
Ruben Loftus-Cheek,13.010764773832499
Jordan Henderson,0.8485281374238489
Danny Rose,5.798275605729686
Jordan Henderson,7.599999999999994
Kyle Walker,2.4000000000000057
Ashley Young,-10.200000000000003
Kyle Walker,3.3999999999999915
John Stones,8.0
Jordan Henderson,20.0
Harry Maguire,-8.200000000000003
John Stones,6.0
Kyle Walker,3.799999999999997
John Stones,21.599999999999994
Raheem Sterling,-4.999999999999986
Ruben Loftus-Cheek,-61.2
Kyle Walker,0.42426406871192446
John Stones,5.3999999999999915
Fabian Delph,-1.1999999999999886
John Stones,5.3999999999999915
Fabian Delph,9.199999999999989
Ashley Young,-19.400000000000006
Kyle Walker,14.0
Harry Maguire,5.799999999999997
Jordan Henderson,8.200000000000003
Danny Rose,-13.799999999999997
Jordan Henderson,-1.7999999999999972
Kyle Walker,16.200000000000003
Ashley Young,54.305800795126835
Ashley Young,63.63961030678928
Harry Maguire,16.404877323527895
Ruben Loftus-Cheek,26.19999999999999
Ashley Young,-9.000000000000007
John Stones,3.111269837220803
Jordan Henderson,9.600000000000009
Harry Maguire,5.0
Danny Rose,-6.200000000000003
Harry Maguire,6.400000000000006
Kyle Walker,-2.200000000000003
John Stones,4.799999999999997
Jordan Henderson,-5.6000000000000085
Kyle Walker,8.399999999999991
Ashley Young,-9.599999999999994
Kyle Walker,8.400000000000006
Harry Maguire,10.400000000000006
Fabian Delph,14.199999999999989
Jordan Pickford,3.394112549695431
Kyle Walker,7.2124891681027865
Ashley Young,2.969848480983497
John Stones,-6.363961030678928
Kyle Walker,8.9095454429505
Jordan Henderson,32.0
Fabian Delph,0.6000000000000085
Raheem Sterling,5.400000000000006
Fabian Delph,10.599999999999994
Jordan Pickford,27.86000717874997
Jordan Henderson,12.020815280171307
Fabian Delph,-4.799999999999997
Jordan Henderson,6.200000000000003
Danny Rose,-7.6000000000000085
Jordan Henderson,2.799999999999997
John Stones,25.200000000000017
Raheem Sterling,-16.200000000000003
John Stones,15.599999999999994
Ruben Loftus-Cheek,-23.19999999999999
John Stones,3.5999999999999943
Jordan Henderson,-2.200000000000003
Kyle Walker,32.000000000000014
Ruben Loftus-Cheek,15.556349186104045
Raheem Sterling,-13.399999999999991
Kyle Walker,19.39999999999999
Ashley Young,-15.0
Kyle Walker,2.0
John Stones,6.799999999999997
Harry Maguire,-5.200000000000003
John Stones,15.799999999999997
Fabian Delph,10.0
Danny Rose,-10.400000000000006
Fabian Delph,9.999999999999986
Danny Rose,-4.800000000000011
Harry Maguire,-7.400000000000006
Fabian Delph,6.6000000000000085
Harry Maguire,-11.400000000000006
Fabian Delph,-16.200000000000003
John Stones,10.200000000000003
Fabian Delph,-23.60000000000001
John Stones,25.599999999999994
Harry Maguire,-3.3999999999999915
Fabian Delph,6.200000000000003
Harry Maguire,-5.0
Jordan Henderson,3.799999999999983
Harry Maguire,16.411581276647265
Danny Rose,-27.189336144893264
Harry Maguire,1.9798989873223412
Jordan Henderson,2.8284271247461903
Fabian Delph,1.9798989873223412
Jordan Henderson,2.8284271247461903
Ashley Young,-30.200000000000003
John Stones,21.0
Harry Maguire,3.0
Jordan Henderson,9.400000000000006
Harry Maguire,-19.60000000000001
John Stones,6.6000000000000085
Kyle Walker,-17.80000000000001
John Stones,20.19999999999999
Harry Maguire,0.7999999999999972
Jordan Henderson,1.2000000000000028
Jordan Henderson,14.200000000000003
Jamie Vardy,-13.599999999999994
Fabian Delph,-16.400000000000006
Harry Maguire,6.800000000000011
Danny Rose,26.39999999999999
Fabian Delph,-1.3999999999999915
Danny Rose,-4.0
John Stones,8.799999999999997
Jordan Henderson,-1.8384776310850246
Ashley Young,-5.515432893255069
Kyle Walker,4.242640687119285
Ashley Young,-0.848528137423854
Kyle Walker,3.3941125496954263
Ashley Young,0.282842712474618
Kyle Walker,6.200000000000003
Ashley Young,-4.599999999999994
Kyle Walker,6.799999999999997
Ashley Young,-11.200000000000003
Kyle Walker,23.200000000000003
John Stones,-19.200000000000003
Kyle Walker,7.200000000000003
Ashley Young,-9.200000000000003
Kyle Walker,7.6000000000000085
Ashley Young,-19.200000000000003
Kyle Walker,-4.799999999999997
John Stones,1.979898987322331
Kyle Walker,-0.7999999999999972
John Stones,0.0
Kyle Walker,0.4000000000000057
John Stones,8.0
Jordan Henderson,6.199999999999989
Harry Maguire,-8.400000000000006
John Stones,16.799999999999997
Fabian Delph,8.0
Fabian Delph,44.12346314604055
Jamie Vardy,13.010764773832458
Jamie Vardy,1.0
Jordan Henderson,61.400000000000006
Jamie Vardy,67.03372285648472
Fabian Delph,72.6905771059771
Jordan Pickford,19.51614716074871
Harry Maguire,11.59655121145938
Danny Rose,-9.199999999999996
Harry Maguire,3.3941125496954263
John Stones,7.400000000000006
Jordan Henderson,-6.799999999999997
Ashley Young,-4.0
Kyle Walker,4.3999999999999915
John Stones,13.799999999999997
Fabian Delph,2.200000000000003
Jordan Henderson,-2.799999999999997
Fabian Delph,-4.800000000000011
Ashley Young,3.0
Fabian Delph,-13.599999999999994
John Stones,17.60000000000001
Ashley Young,59.39696961966999
Ashley Young,8.200000000000003
Ruben Loftus-Cheek,2.0
Jordan Henderson,71.276363543604
Raheem Sterling,17.146428199482248
Danny Rose,27.718585822512654
Kyle Walker,-2.4000000000000057
John Stones,15.599999999999994
Harry Maguire,2.799999999999997
Fabian Delph,-18.0
John Stones,2.200000000000003
Harry Maguire,-21.400000000000006
John Stones,10.600000000000009
Kyle Walker,-4.0
John Stones,20.400000000000006
Ruben Loftus-Cheek,22.400000000000006
Ashley Young,71.77004946354711
Jordan Henderson,-15.599999999999994
Ashley Young,-3.4000000000000057
John Stones,16.60000000000001
Ruben Loftus-Cheek,-2.799999999999997
Jamie Vardy,-9.600000000000009
Jordan Henderson,37.0
Danny Rose,-2.799999999999997
Raheem Sterling,-8.600000000000009
Fabian Delph,-13.0
Kyle Walker,16.80000000000001
Ruben Loftus-Cheek,19.516147160748726
Ashley Young,-28.0
Kyle Walker,-47.6
Jordan Pickford,32.10264786586926
Harry Maguire,19.799999999999997
Danny Rose,-18.0
Harry Maguire,-18.599999999999994
John Stones,7.599999999999994
Kyle Walker,27.0
Ruben Loftus-Cheek,-12.400000000000006
Jordan Henderson,-1.7999999999999972
Kyle Walker,-17.400000000000006
John Stones,29.200000000000003
Kyle Walker,28.708535316173833
Fabian Delph,0.7999999999999972
Jordan Pickford,19.23330444827409
Bamidele Alli,-30.80000000000001
John Stones,9.0
Kyle Walker,6.200000000000003
Jordan Henderson,-20.400000000000006
John Stones,3.394112549695436
Harry Maguire,1.7999999999999972
Ashley Young,-11.599999999999994
Harry Maguire,5.799999999999997
Ashley Young,-10.799999999999997
John Stones,1.4000000000000057
Harry Maguire,-2.0
Kyle Walker,22.39999999999999
Kieran Trippier,120.49099551418769
Bamidele Alli,-0.7999999999999972
Jesse Lingard,-6.599999999999994
Jordan Henderson,23.758787847867975
Ashley Young,-20.575713839378675
Jesse Lingard,-30.863570759068065
Harry Maguire,-36.400000000000006
John Stones,-21.799999999999997
Kyle Walker,3.111269837220803
John Stones,5.599999999999994
Kyle Walker,10.799999999999997
Jordan Henderson,123.60226535140852
Bamidele Alli,10.182337649086268
Bamidele Alli,5.091168824543134
Kieran Trippier,25.17300141024111
Harry Kane,-3.5999999999999943
Jesse Lingard,25.799999999999997
Raheem Sterling,9.200000000000003
Ashley Young,-7.0710678118654755
John Stones,-7.636753236814716
Kyle Walker,11.59655121145938
John Stones,18.950461735799472
Kieran Trippier,-6.400000000000006
Jordan Henderson,-11.200000000000003
Kyle Walker,-26.599999999999994
Jordan Pickford,14.849242404917497
Harry Maguire,32.400000000000006
Ashley Young,-28.400000000000006
Harry Maguire,4.3999999999999915
Jordan Henderson,0.3999999999999915
Harry Maguire,4.0
Ashley Young,6.400000000000006
Jordan Henderson,-14.799999999999997
Kyle Walker,87.6
Ashley Young,-0.7071067811865476
Ashley Young,3.0
Jordan Henderson,-13.400000000000006
Kyle Walker,21.799999999999997
Kieran Trippier,-9.600000000000009
Kyle Walker,-7.6000000000000085
John Stones,11.799999999999997
Harry Maguire,6.3999999999999915
Ashley Young,-14.399999999999991
Harry Maguire,-12.399999999999991
John Stones,13.599999999999994
Kyle Walker,3.799999999999997
Kieran Trippier,-34.400000000000006
John Stones,7.400000000000006
Harry Maguire,33.8
Harry Kane,14.424978336205573
Raheem Sterling,11.596551211459364
Ashley Young,23.47594513539337
Kyle Walker,-21.496046148071045
Jordan Pickford,12.020815280171307
Harry Maguire,-22.344574285494904
Jordan Pickford,38.7494516090228
Jordan Pickford,41.86072144624361
Kyle Walker,10.0
Jesse Lingard,-9.799999999999997
Jordan Henderson,-8.0
Kieran Trippier,0.0
Jordan Henderson,-17.0
John Stones,-16.829141392239833
Kyle Walker,1.1313708498984771
Jordan Pickford,175.36248173426378
Ashley Young,-16.200000000000003
Harry Maguire,-7.7781745930520225
John Stones,9.475230867899736
Jordan Henderson,-21.213203435596423
Kyle Walker,154.99780643609122
Jesse Lingard,17.80000000000001
Ashley Young,-18.616122045152174
Jesse Lingard,1.6970562748477382
Raheem Sterling,8.48528137423857
Jordan Henderson,-1.7999999999999972
Harry Maguire,10.399999999999991
Raheem Sterling,-4.200000000000003
Kyle Walker,78.34743135546948
Kieran Trippier,28.849956672411107
Harry Maguire,-2.200000000000003
John Stones,37.60000000000001
Raheem Sterling,2.1999999999999886
Harry Maguire,39.0
John Stones,3.3941125496954263
Jordan Henderson,-4.0
Harry Maguire,6.400000000000006
Bamidele Alli,-5.199999999999989
Harry Maguire,34.400000000000006
Harry Kane,7.0
Jesse Lingard,11.600000000000009
Jordan Pickford,0.565685424949236
John Stones,3.1112698372208083
Kyle Walker,-0.7071067811865476
John Stones,9.050966799187817
Jordan Henderson,9.0
Kieran Trippier,-14.600000000000001
Jordan Pickford,117.09688296449225
Bamidele Alli,22.910259710444166
Harry Kane,1.9798989873223412
Kieran Trippier,-33.313060501851226
Kyle Walker,-15.0
John Stones,-2.1999999999999886
Harry Maguire,5.199999999999989
Ashley Young,12.199999999999989
Raheem Sterling,-8.818163074019445
Ashley Young,-3.5999999999999943
Jordan Henderson,-4.800000000000011
Kyle Walker,4.0
Jordan Henderson,18.384776310850256
Bamidele Alli,-11.600000000000009
Kyle Walker,3.799999999999997
Bamidele Alli,18.950461735799482
Kyle Walker,24.041630560342615
Ashley Young,-63.99999999999999
Jordan Pickford,225.9913272672206
Jordan Pickford,56.70996385116111
Kieran Trippier,-0.7999999999999972
Harry Kane,17.400000000000006
Ashley Young,45.254833995939045
Harry Maguire,2.799999999999997
Bamidele Alli,-20.19999999999999
Ashley Young,-32.24406922210657
Jordan Pickford,1.1313708498984771
Kyle Walker,5.23259018078045
Kieran Trippier,66.0
Jordan Henderson,40.19999999999999
Jordan Pickford,6.505382386916237
Harry Maguire,6.929646455628164
Ashley Young,-7.0710678118654755
Harry Maguire,6.5053823869162395
Jordan Henderson,0.5999999999999943
Ashley Young,-12.869343417595163
Harry Maguire,-0.7071067811865476
Jordan Pickford,183.28207768355313
Harry Kane,24.041630560342615
Kyle Walker,14.400000000000006
Kieran Trippier,1.3999999999999915
Kieran Trippier,9.600000000000009
Bamidele Alli,-31.0
Harry Maguire,35.39999999999999
Ashley Young,-8.0
Jordan Henderson,43.0
Kieran Trippier,49.78031739553297
Kieran Trippier,-51.929182547003386
Kyle Walker,-27.67923409344992
John Stones,-0.20000000000000284
Harry Maguire,23.200000000000017
Bamidele Alli,2.2045407685048395
Kieran Trippier,57.41707063234765
John Stones,-0.2449489742783387
Kieran Trippier,-16.411581276647283
Jordan Henderson,17.253405460951765
Bamidele Alli,17.253405460951786
Kieran Trippier,2.0
Kieran Trippier,-45.60000000000001
John Stones,33.39999999999999
Jesse Lingard,-23.39999999999999
Harry Maguire,-6.199999999999989
Kyle Walker,13.0
John Stones,7.200000000000003
Jordan Henderson,13.399999999999991
Bamidele Alli,-23.60000000000001
John Stones,-15.599999999999994
Kyle Walker,6.363961030678928
John Stones,5.200000000000003
Kieran Trippier,-13.799999999999997
John Stones,12.400000000000006
Jordan Henderson,-15.799999999999997
John Stones,-16.200000000000003
Kyle Walker,2.262741699796949
Harry Maguire,-5.0
Kyle Walker,6.929646455628164
John Stones,36.599999999999994
Raheem Sterling,5.799999999999997
Bamidele Alli,4.3999999999999915
Raheem Sterling,46.78525408715869
Bamidele Alli,3.9191835884531057
Bamidele Alli,-32.0
John Stones,11.399999999999991
Kyle Walker,62.000000000000014
Harry Kane,56.8513852073984
Ashley Young,-36.2
Harry Maguire,-1.2000000000000028
Kyle Walker,1.2000000000000028
John Stones,-0.8000000000000114
Harry Maguire,4.3999999999999915
Jordan Henderson,-23.200000000000003
Harry Maguire,12.16223663640862
Kyle Walker,18.384776310850235
Bamidele Alli,42.0
Harry Maguire,45.80000000000001
Harry Maguire,16.0
Bamidele Alli,-13.199999999999989
Jordan Henderson,24.60000000000001
Ashley Young,70.99999999999999
Kieran Trippier,5.091168824543134
Harry Maguire,3.111269837220793
Raheem Sterling,21.496046148071027
Harry Maguire,3.200000000000003
Jordan Henderson,3.3999999999999915
Ashley Young,40.8
Jordan Henderson,21.000000000000014
Harry Kane,-4.800000000000011
Kieran Trippier,1.5999999999999943
Ashley Young,-1.8000000000000114
Kieran Trippier,70.71067811865476
Kieran Trippier,23.193102422918766
Jordan Henderson,26.870057685088806
Ashley Young,-48.98979485566356
Kieran Trippier,4.242640687119285
Harry Maguire,-14.199999999999989
Ashley Young,-41.8
Jordan Pickford,15.273506473629428
Kyle Walker,3.5999999999999943
Jordan Henderson,25.799999999999997
Kieran Trippier,87.39839815465724
Ashley Young,-46.2
Harry Maguire,-5.79827560572969
Jordan Pickford,18.38477631085023
Kyle Walker,15.600000000000009
Harry Kane,-18.0
Harry Maguire,13.600000000000009
Ashley Young,122.75373721398465
Ashley Young,-26.021529547664947
Jordan Pickford,29.698484809834994
Jordan Henderson,-31.678383797157327
Jordan Pickford,79.05453813665602
Harry Maguire,16.80000000000001
Jordan Henderson,-14.400000000000006
Kyle Walker,6.3999999999999915
Jordan Henderson,29.599999999999994
Kieran Trippier,2.4000000000000057
Kieran Trippier,-20.400000000000006
Kyle Walker,-8.0
John Stones,12.199999999999989
Harry Maguire,24.19999999999999
Ashley Young,33.599999999999994
Harry Maguire,1.3999999999999915
Jordan Henderson,-1.2000000000000028
Harry Maguire,-3.6000000000000085
Jordan Henderson,-29.799999999999997
John Stones,4.0
Kyle Walker,-0.7999999999999972
John Stones,6.400000000000006
Jordan Henderson,0.7999999999999972
John Stones,-9.799999999999997
Kyle Walker,13.400000000000006
John Stones,0.0
Kieran Trippier,-16.200000000000003
Kyle Walker,10.200000000000003
Ashley Young,-4.799999999999997
Ashley Young,17.60000000000001
Harry Maguire,-15.980613254815973
Jordan Pickford,71.55920625607861
Harry Maguire,1.131370849898472
Harry Maguire,-6.599999999999994
Kyle Walker,5.091168824543144
Harry Maguire,18.400000000000006
Ashley Young,-15.799999999999997
Kyle Walker,14.0
Jordan Henderson,16.799999999999997
Kieran Trippier,-22.60000000000001
Kyle Walker,-11.199999999999989
John Stones,15.199999999999989
Harry Maguire,4.400000000000006
Ashley Young,4.0
Kieran Trippier,3.799999999999997
Jesse Lingard,-7.0
Kieran Trippier,-0.5999999999999943
Jordan Henderson,24.599999999999994
Harry Kane,2.8000000000000114
Raheem Sterling,4.242640687119285
Kieran Trippier,26.304372260139562
Kyle Walker,15.414927829866734
John Stones,1.8384776310850246
Kieran Trippier,-5.0
John Stones,-0.565685424949241
Harry Maguire,12.020815280171307
Ashley Young,40.2
Ashley Young,2.0
Jordan Henderson,16.400000000000006
Jordan Pickford,8.909545442950495
Harry Maguire,5.3740115370177675
Jordan Henderson,-1.4142135623730951
Harry Maguire,10.599999999999994
Bamidele Alli,-41.800000000000004
Jordan Pickford,22.62741699796952
Kyle Walker,35.80000000000001
Raheem Sterling,1.6000000000000085
Bamidele Alli,44.68914857098979
Ashley Young,2.545584412271547
Harry Maguire,-17.19999999999999
John Stones,-1.6000000000000085
Kyle Walker,4.400000000000006
John Stones,11.0
Jordan Henderson,-18.0
Kyle Walker,-2.6000000000000085
John Stones,-5.800000000000011
Kyle Walker,-3.1999999999999886
John Stones,39.80000000000001
Harry Kane,-0.6000000000000085
Harry Maguire,8.573214099741124
Ashley Young,-16.65653025092562
Harry Maguire,32.244069222106546
Harry Kane,9.899494936611665
Harry Maguire,10.182337649086268
Bamidele Alli,1.4142135623730951
Jordan Henderson,23.200000000000003
John Stones,-22.3445742854949
Jordan Pickford,5.798275605729692
Kyle Walker,5.798275605729692
John Stones,18.667619023324857
Harry Maguire,13.600000000000009
Jordan Henderson,104.4
Kyle Walker,6.5053823869162395
Harry Maguire,11.799999999999997
Jordan Henderson,-5.0
Harry Maguire,-22.62741699796952
Jordan Pickford,212.4148770684389
Jesse Lingard,10.199999999999989
Harry Kane,71.28015151499048
Jordan Henderson,-29.148927939119798
Kieran Trippier,-21.637467504308354
Jordan Pickford,12.02081528017131
Kyle Walker,10.606601717798213
Jordan Henderson,-1.2727922061357886
Kieran Trippier,-4.242640687119285
John Stones,17.819090885901
Harry Maguire,0.8485281374238489
Bamidele Alli,-9.199999999999989
Ashley Young,-7.10352025407123
Jesse Lingard,3.676955262170039
Raheem Sterling,4.808326112068531
Bamidele Alli,20.081832585697935
Jordan Henderson,-10.0
Kyle Walker,12.200000000000003
Kieran Trippier,-4.599999999999994
Jordan Henderson,11.399999999999991
Jesse Lingard,6.222539674441626
Harry Kane,17.536248173426387
Raheem Sterling,5.939696961966983
John Stones,6.788225099390832
Kieran Trippier,13.576450198781705
Jordan Henderson,-14.399999999999991
Kyle Walker,-7.0
Harry Maguire,10.799999999999997
Jesse Lingard,10.400000000000006
Ashley Young,-17.200000000000003
Harry Maguire,-11.599999999999994
Kyle Walker,28.799999999999997
John Stones,38.946886910252545
Kieran Trippier,-24.984795376388423
John Stones,34.22396820942888
Raheem Sterling,6.222539674441626
Ashley Young,-33.80295845040785
Harry Maguire,-21.065611787935318
Jesse Lingard,-10.199999999999989
Jordan Henderson,90.50966799187809
Kieran Trippier,0.8485281374238489
Kieran Trippier,34.223968209428925
Harry Kane,27.15290039756345
Ashley Young,-12.399999999999991
Kyle Walker,25.0
Kieran Trippier,63.922453019263884
Kieran Trippier,16.404877323527895
Kieran Trippier,23.39999999999999
Kieran Trippier,30.547012947258857
Harry Maguire,1.6000000000000085
Ashley Young,76.65037508062176
Bamidele Alli,0.28284271247464315
Harry Maguire,17.80000000000001
Jesse Lingard,-6.799999999999997
John Stones,17.200000000000003
Jordan Henderson,2.200000000000003
Ashley Young,-8.400000000000006
John Stones,7.0
Jordan Henderson,109.0
Kyle Walker,15.399999999999991
Bamidele Alli,-4.599999999999994
Jordan Henderson,33.0
Raheem Sterling,-0.7999999999999972
Harry Kane,59.96265504461924
Raheem Sterling,19.516147160748726
Ashley Young,32.8
Raheem Sterling,-7.200000000000003
Bamidele Alli,29.19999999999999
Jordan Henderson,-21.310560762213658
Ashley Young,2.6000000000000227
Jordan Henderson,-17.599999999999994
John Stones,-12.599999999999994
Kyle Walker,-4.400000000000006
Kieran Trippier,-19.400000000000006
John Stones,-11.799999999999997
Kieran Trippier,-31.200000000000003
Jordan Pickford,20.788939366884495
Jordan Henderson,17.60000000000001
Ashley Young,-18.200000000000003
John Stones,6.0
Kyle Walker,3.111269837220793
Jesse Lingard,17.80000000000001
Harry Maguire,50.06316010800757
Kieran Trippier,-41.396376653035695
Jordan Henderson,55.60341716117815
Harry Maguire,34.39999999999999
Jesse Lingard,-15.0
Harry Maguire,-2.5999999999999943
John Stones,15.400000000000006
Jordan Henderson,-17.200000000000003
Kyle Walker,6.200000000000003
Kieran Trippier,-13.400000000000006
Kyle Walker,-21.778888860545663
Jordan Pickford,30.405591591021544
Harry Maguire,20.599999999999994
Raheem Sterling,9.0
Ashley Young,4.400000000000006
Harry Kane,23.19999999999999
Raheem Sterling,12.727922061357855
Ashley Young,0.8485281374238892
John Stones,12.200000000000003
Bamidele Alli,34.60000000000001
Harry Kane,4.400000000000006
Marcus Rashford,24.041630560342615
Ashley Young,-7.0
John Stones,0.5656854249492059
Ashley Young,36.742346141747674
Bamidele Alli,18.950461735799482
Ashley Young,13.576450198781705
Kyle Walker,44.400000000000006
Harry Kane,12.999999999999986
Jordan Pickford,181.3021786962308
Harry Kane,29.13279938488575
Harry Maguire,11.51260179108091
Bamidele Alli,3.9597979746446823
Jesse Lingard,0.5656854249492461
Harry Maguire,10.042907945411017
Marcus Rashford,1.4142135623730951
Jordan Pickford,8.200000000000003
Kyle Walker,11.199999999999989
John Stones,17.599999999999994
Harry Maguire,15.921683328090658
John Stones,12.800000000000011
Bamidele Alli,78.06458864299485
John Stones,-12.799999999999997
Kyle Walker,7.200000000000003
Kieran Trippier,-18.599999999999994
John Stones,20.9303607231218
Harry Maguire,9.399999999999991
Ashley Young,3.4000000000000057
Marcus Rashford,-13.799999999999997
Harry Maguire,-14.799999999999997
Jordan Henderson,1.2000000000000028
Kyle Walker,126.14784976368009
Jordan Henderson,42.39999999999999
Jordan Henderson,5.799999999999997
Kieran Trippier,8.399999999999991
Jordan Henderson,-18.0
Kieran Trippier,4.800000000000011
Jesse Lingard,9.799999999999997
Jordan Henderson,-18.799999999999997
Kieran Trippier,-17.799999999999997
Kyle Walker,12.799999999999997
Kieran Trippier,-12.200000000000003
Kyle Walker,-0.4000000000000057
John Stones,17.19999999999999
Ashley Young,32.000000000000014
Ashley Young,-21.200000000000003
John Stones,-12.0
Kyle Walker,-3.5999999999999943
Harry Maguire,21.400000000000006
Ashley Young,7.400000000000006
Jesse Lingard,-5.200000000000003
Kyle Walker,-3.4292856398964284
Kieran Trippier,7.838367176906177
Marcus Rashford,34.292856398964496
Kyle Walker,0.28284271247460296
Kieran Trippier,-7.593418202627838
Jesse Lingard,-3.1843366656181247
Kieran Trippier,-19.840866916543764
Jesse Lingard,8.599999999999994
Kieran Trippier,33.80295845040785
Marcus Rashford,39.59797974644666
Kieran Trippier,52.60874452027916
Harry Kane,16.68772003600254
Harry Maguire,-4.6000000000000085
Jordan Henderson,-17.599999999999994
John Stones,8.0
Kieran Trippier,-8.599999999999994
John Stones,4.200000000000003
Kieran Trippier,-20.39999999999999
John Stones,45.0
Harry Maguire,-3.799999999999997
Jesse Lingard,15.556349186104045
Bamidele Alli,1.1313708498984922
Harry Kane,12.445079348883212
John Stones,57.2
Ashley Young,-23.515101530718496
John Stones,5.400000000000006
Harry Maguire,12.0
Ashley Young,0.0
Jesse Lingard,-15.0
Harry Maguire,12.200000000000003
Ashley Young,-10.200000000000003
Harry Maguire,-4.3999999999999915
John Stones,17.0
Ashley Young,65.05382386916237
Kieran Trippier,14.696938456699069
Ruben Loftus-Cheek,7.10352025407123
Marcus Rashford,-6.199999999999989
Ashley Young,-4.6000000000000085
John Stones,-0.7999999999999972
Kieran Trippier,-8.600000000000009
Kyle Walker,32.400000000000006
Ashley Young,64.19999999999999
Ashley Young,20.081832585697935
Ruben Loftus-Cheek,19.80000000000001
Jordan Henderson,3.4000000000000057
Ruben Loftus-Cheek,-2.1999999999999886
Kieran Trippier,32.599999999999994
Kieran Trippier,44.406305858515196
Kieran Trippier,-43.355968447262256
Kyle Walker,0.7999999999999972
Ashley Young,7.0
Jesse Lingard,-2.2045407685048395
Harry Maguire,-28.65902999056319
Ashley Young,-2.0
Jordan Henderson,26.0
Ruben Loftus-Cheek,10.04290794541105
Marcus Rashford,32.333264604737955
Ruben Loftus-Cheek,-0.9797958971132503
Kieran Trippier,-3.200000000000003
John Stones,26.80000000000001
Jesse Lingard,7.599999999999994
Ashley Young,-29.638825887676457
John Stones,3.4000000000000057
Kyle Walker,35.999999999999986
Kieran Trippier,45.82051942088829
Ruben Loftus-Cheek,25.45584412271571
Jordan Pickford,16.200000000000003
John Stones,17.599999999999994
Kyle Walker,14.399999999999991
Kieran Trippier,9.899494936611665
Jordan Henderson,34.78965363437817
Ruben Loftus-Cheek,-2.449489742783178
Ruben Loftus-Cheek,0.0
Kyle Walker,-28.284271247461902
Jordan Pickford,43.133513652379406
Jesse Lingard,4.0
Jordan Henderson,-2.5999999999999943
Harry Maguire,23.799999999999997
Ashley Young,-16.0
John Stones,10.600000000000009
Kyle Walker,29.400000000000006
Jordan Henderson,0.7999999999999972
Kyle Walker,11.59655121145938
Kieran Trippier,-12.727922061357855
Kyle Walker,1.9798989873223336
John Stones,18.400000000000006
Jesse Lingard,-2.200000000000003
Harry Maguire,-5.599999999999994
John Stones,33.0
Kyle Walker,16.97056274847716
Marcus Rashford,28.28427124746192
John Stones,13.800000000000011
Kieran Trippier,-18.0
Kyle Walker,3.799999999999997
John Stones,35.3553390593274
Kieran Trippier,31.11269837220809
Jordan Pickford,91.78246019801387
Harry Kane,52.90897844411666
Kieran Trippier,80.58821253756658
