Player,Score
Brad Guzan,83.82558043662563
Tim Howard,36.44281076167974
Geoff Cameron,22.07624298879832
Omar González,20.21638518716054
Matt Besler,18.959736309530516
Jermaine Jones,18.393199010787463
Steve Birnbaum,17.718314981056725
John Brooks,16.2547535455745
Michael Bradley,14.323178801144
Kellyn Acosta,13.230468681236676
Sacha Kljestan,11.898605080801296
Tim Ream,11.822715248762714
DaMarcus Beasley,11.526624624936595
Graham Zusi,10.649870071761246
Timothy Chandler,9.929206207403826
DeAndre Yedlin,9.387679348874668
Christian Pulisic,9.293757631641064
Jorge Villafaña,9.211466869237166
Jordan Morris,9.06884180307914
Paul Arriola,8.71061522304049
Michael Orozco,8.519711194116066
Clint Dempsey,7.4950845725369
Fabian Johnson,7.445365561061776
Gyasi Zardes,6.238971462098382
Bobby Wood,5.862255957152513
Jorge Flores Villafaña,5.705583010811883
Jozy Altidore,5.590722759272493
Darlington Nagbe,5.391956095584329
Dax McCarty,5.286638438105235
Benny Feilhaber,5.0666666666666655
Alejandro Bedoya,1.0850138133523362
