Player,Score
Kasey Keller,88.6499145815361
Tim Howard,68.27640349023486
Jimmy Conrad,30.298383376635893
Oguchi Onyewu,28.800475523359605
Carlos Bocanegra,23.060494111371007
John Brooks,23.022867222260135
Geoff Cameron,22.81639500124645
Eddie Lewis,20.950711053451013
Aron Jóhannsson,20.5685515083246
Omar González,20.280196425326295
Steven Cherundolo,19.579489637742075
Claudio Reyna,19.456199686842595
Benny Feilhaber,18.27001872923252
Ben Olsen,17.810471789434587
Maurice Edu,17.793560164275192
Michael Bradley,17.79159011614984
Julian Green,17.555486988968884
Ricardo Clark,17.286603951939345
Jay DeMerit,16.676450589254234
Eddie Pope,16.599304912008623
Jermaine Jones,15.128116581592698
Matt Besler,14.96272262266492
Pablo Mastroeni,13.658360745796386
Bobby Convey,13.648427414915949
Landon Donovan,13.04827840423363
Jozy Altidore,13.044078706963054
Jonathan Bornstein,12.741605861964407
Fabian Johnson,12.470106051295296
Robbie Findley,11.963171926881653
Graham Zusi,10.97812840816264
Hérculez Gómez,9.587662909952538
Brian McBride,8.981003594504093
José Torres,8.458272544739458
Stuart Holden,8.030389608181045
Brad Davis,7.646099082485811
Kyle Beckerman,7.588481756705912
Edson Buddle,7.166760680276637
Clint Dempsey,7.157118138087029
DaMarcus Beasley,5.695553335765525
DeAndre Yedlin,5.340070829942826
Chris Wondolowski,5.121302583578025
Eddie Johnson,4.79962171854284
Josh Wolff,2.456244584051386
Alejandro Bedoya,0.7824339805183037
