Player,Score
Axel Witsel,0.0
Jan Vertonghen,13.783368601325293
Eden Hazard,7.415608538751223
Jan Vertonghen,0.0
Kevin De Bruyne,33.80088756231114
Nacer Chadli,0.0
Kevin De Bruyne,0.0
Toby Alderweireld,0.0
Mousa Dembélé,14.521406612308601
Eden Hazard,0.0
Mousa Dembélé,4.3955943852907975
Eden Hazard,6.483151239944972
Kevin De Bruyne,68.79483992277328
Kevin De Bruyne,59.34113244622149
Marouane Fellaini,54.27190801879002
Mousa Dembélé,29.705891671518632
Axel Witsel,28.653097563788805
Axel Witsel,0.0
Toby Alderweireld,0.0
Vincent Kompany,8.630469280404165
Jan Vertonghen,10.904127658827187
Toby Alderweireld,30.75199180540994
Nacer Chadli,0.0
Axel Witsel,0.0
Vincent Kompany,9.671155566942348
Jan Vertonghen,0.0
Toby Alderweireld,15.650079872000658
Nacer Chadli,0.0
Toby Alderweireld,28.7354310912504
Nacer Chadli,0.0
Axel Witsel,0.0
Toby Alderweireld,0.0
Vincent Kompany,0.0
Jan Vertonghen,0.0
Toby Alderweireld,29.814950108963785
Nacer Chadli,0.0
Kevin De Bruyne,0.0
Nacer Chadli,0.0
Axel Witsel,0.0
Jan Vertonghen,11.971267685587852
Nacer Chadli,0.0
Toby Alderweireld,0.0
Vincent Kompany,29.453543929381407
Nacer Chadli,0.0
Toby Alderweireld,10.472404212978029
Nacer Chadli,0.0
Toby Alderweireld,0.0
Axel Witsel,0.0
Vincent Kompany,10.445633058843294
Jan Vertonghen,27.604913511909434
Marouane Fellaini,4.989113147644577
Kevin De Bruyne,0.0
Vincent Kompany,8.358902439913985
Toby Alderweireld,31.133924423368153
Eden Hazard,0.0
Jan Vertonghen,0.0
Vincent Kompany,25.43855341799136
Nacer Chadli,0.0
Axel Witsel,0.0
Vincent Kompany,14.607703447154181
Mousa Dembélé,9.400000000000002
Axel Witsel,9.496578331167498
Nacer Chadli,0.0
Axel Witsel,0.0
Vincent Kompany,0.0
Jan Vertonghen,7.263693963817584
Marouane Fellaini,0.0
Jan Vertonghen,0.0
Toby Alderweireld,39.81689339966141
Nacer Chadli,14.7299015611103
Kevin De Bruyne,0.0
Vincent Kompany,10.551066296825166
Jan Vertonghen,0.0
Axel Witsel,5.388065515563075
Marouane Fellaini,8.753356499080793
Jan Vertonghen,6.245098077692615
Mousa Dembélé,4.120679555607303
Marouane Fellaini,0.0
Mousa Dembélé,4.4431126476829315
Eden Hazard,31.310461510491987
Axel Witsel,0.0
Eden Hazard,23.67828646671883
Jan Vertonghen,0.0
Vincent Kompany,18.436139780333626
Toby Alderweireld,22.743900281174284
Nacer Chadli,0.0
Toby Alderweireld,0.0
Vincent Kompany,11.493476410555688
Mousa Dembélé,0.0
Vincent Kompany,16.29144714259602
Axel Witsel,14.447145046686568
Toby Alderweireld,14.131923082156934
Vincent Kompany,7.340640299047489
Jan Vertonghen,24.839484696748432
Romelu Lukaku,0.0
Axel Witsel,0.0
Mousa Dembélé,0.0
Toby Alderweireld,15.762653647149644
Nacer Chadli,4.023835235195403
Kevin De Bruyne,0.0
Nacer Chadli,0.0
Axel Witsel,0.0
Vincent Kompany,7.615773105863907
Toby Alderweireld,12.55487952948972
Vincent Kompany,6.271762112835594
Axel Witsel,9.475296829123614
Marouane Fellaini,0.0
Mousa Dembélé,9.644946863513558
Marouane Fellaini,0.0
Jan Vertonghen,0.0
Vincent Kompany,41.890109214467316
Nacer Chadli,0.0
Toby Alderweireld,14.068448741776756
Kevin De Bruyne,0.0
Toby Alderweireld,15.81518257877538
Nacer Chadli,0.0
Toby Alderweireld,0.0
Vincent Kompany,12.92676486983499
Nacer Chadli,0.0
Axel Witsel,27.2549078149239
Mousa Dembélé,20.410414008539853
Kevin De Bruyne,37.107950630558946
Vincent Kompany,0.0
Toby Alderweireld,0.0
Vincent Kompany,10.734116172279856
Jan Vertonghen,0.0
Vincent Kompany,13.730804783405816
Toby Alderweireld,0.0
Vincent Kompany,16.42010962204576
Axel Witsel,0.0
Jan Vertonghen,24.64307712117137
Eden Hazard,13.544417669283533
Nacer Chadli,0.0
Toby Alderweireld,0.0
Vincent Kompany,6.920350424653363
Jan Vertonghen,16.001289010576613
Mousa Dembélé,0.0
Axel Witsel,0.0
Jan Vertonghen,0.0
Vincent Kompany,38.906442268601225
Nacer Chadli,48.462795008129696
Eden Hazard,0.0
Nacer Chadli,6.3568860301251275
Toby Alderweireld,0.0
Nacer Chadli,14.162009038268547
Eden Hazard,0.0
Nacer Chadli,14.805404418657417
Jan Vertonghen,8.319855767980595
Eden Hazard,12.227070376831893
Kevin De Bruyne,0.0
Eden Hazard,6.523994175349944
Kevin De Bruyne,0.0
Eden Hazard,35.02242138973258
Romelu Lukaku,13.792751719653323
Eden Hazard,35.67197779770559
Mousa Dembélé,21.77533007786565
Nacer Chadli,26.154158369177154
Eden Hazard,43.19363379017792
Axel Witsel,16.124515496597088
Jan Vertonghen,34.65616828213994
Marouane Fellaini,14.583552379307303
Vincent Kompany,10.393267051317405
Toby Alderweireld,9.503749260160435
Vincent Kompany,8.988882021697693
Toby Alderweireld,28.21473462572349
Nacer Chadli,0.0
Toby Alderweireld,0.0
Vincent Kompany,15.76931355512979
Marouane Fellaini,0.0
Vincent Kompany,9.791897160407684
Marouane Fellaini,0.0
Jan Vertonghen,10.065783625729297
Mousa Dembélé,14.18136982100107
Axel Witsel,11.99604101360111
Nacer Chadli,0.0
Axel Witsel,0.0
Toby Alderweireld,0.0
Vincent Kompany,8.939309257431473
Jan Vertonghen,0.0
Toby Alderweireld,17.52826289168439
Mousa Dembélé,2.4698178070456973
Marouane Fellaini,7.061249889360947
Eden Hazard,39.05700961415248
Nacer Chadli,14.63903173027506
Axel Witsel,14.431605939742123
Nacer Chadli,24.324678826245577
Axel Witsel,15.825967584953533
Jan Vertonghen,21.442976705672187
Mousa Dembélé,0.0
Marouane Fellaini,13.029965464267356
Toby Alderweireld,19.131943184109666
Mousa Dembélé,13.512401711020882
Toby Alderweireld,19.561473615246886
Nacer Chadli,0.0
Toby Alderweireld,0.0
Vincent Kompany,14.68949454542259
Mousa Dembélé,7.213269023126756
Marouane Fellaini,0.0
Mousa Dembélé,8.93224495857564
Romelu Lukaku,0.0
Eden Hazard,7.037844130129633
Romelu Lukaku,0.0
Vincent Kompany,18.984862390862883
Toby Alderweireld,11.387767559974156
Jan Vertonghen,10.00606066341795
Eden Hazard,0.0
Vincent Kompany,7.003927469641584
Eden Hazard,19.523351402871377
Mousa Dembélé,0.0
Eden Hazard,25.0
Nacer Chadli,0.0
Axel Witsel,7.6211055628432245
Kevin De Bruyne,0.0
Axel Witsel,5.477339682729197
Eden Hazard,43.39412402618589
Romelu Lukaku,13.92300254973758
Vincent Kompany,13.04918579835539
Mousa Dembélé,17.433910920960905
Axel Witsel,0.0
Mousa Dembélé,20.399142138825347
Eden Hazard,30.153959109874776
Nacer Chadli,0.0
Kevin De Bruyne,0.0
Axel Witsel,6.704103221162396
Toby Alderweireld,0.0
Jan Vertonghen,9.334077351297235
Mousa Dembélé,14.576050562480914
Eden Hazard,0.0
Mousa Dembélé,14.141472695585852
Romelu Lukaku,0.0
Jan Vertonghen,0.0
Vincent Kompany,12.933725294747836
Toby Alderweireld,12.309803004110172
Nacer Chadli,0.0
Toby Alderweireld,0.0
Vincent Kompany,11.738185549734673
Marouane Fellaini,0.0
Toby Alderweireld,10.355916183515586
Toby Alderweireld,0.0
Vincent Kompany,11.551839680327978
Axel Witsel,0.0
Vincent Kompany,10.77868266533531
Toby Alderweireld,0.0
Vincent Kompany,10.373282990451967
Mousa Dembélé,13.450697007962075
Toby Alderweireld,19.058856209122307
Marouane Fellaini,0.0
Toby Alderweireld,9.583384057836772
Vincent Kompany,7.8556508323626515
Toby Alderweireld,0.0
Vincent Kompany,10.329327180412088
Jan Vertonghen,0.0
Vincent Kompany,17.5414152792755
Toby Alderweireld,11.454747923896004
Nacer Chadli,0.0
Toby Alderweireld,0.0
Vincent Kompany,15.600040064051118
Eden Hazard,10.244083658385454
Axel Witsel,18.539282618267617
Nacer Chadli,0.0
Axel Witsel,0.0
Toby Alderweireld,0.0
Vincent Kompany,10.00905839727195
Toby Alderweireld,10.86789998113711
Axel Witsel,23.100703452492514
Nacer Chadli,0.0
Toby Alderweireld,0.0
Vincent Kompany,0.0
Toby Alderweireld,0.0
Kevin De Bruyne,0.0
Nacer Chadli,0.0
Axel Witsel,16.379407803702787
Romelu Lukaku,0.0
Axel Witsel,14.15207581946903
Nacer Chadli,0.0
Toby Alderweireld,0.0
Vincent Kompany,0.0
Jan Vertonghen,0.0
Vincent Kompany,15.842072149816762
Nacer Chadli,0.0
Jan Vertonghen,10.155540359823302
Vincent Kompany,7.851194176684206
Marouane Fellaini,0.0
Eden Hazard,20.8657913820684
Nacer Chadli,0.0
Toby Alderweireld,0.0
Vincent Kompany,15.344705927452628
Mousa Dembélé,0.0
Vincent Kompany,14.897357148165574
Axel Witsel,0.0
Toby Alderweireld,28.34221674463732
Marouane Fellaini,0.0
Eden Hazard,9.489072662805365
Marouane Fellaini,0.0
Eden Hazard,0.0
Jan Vertonghen,0.0
Vincent Kompany,34.74917265202152
Nacer Chadli,0.0
Axel Witsel,77.40103358483013
Mousa Dembélé,4.225073963849626
Jan Vertonghen,8.499705877264224
Jan Vertonghen,0.0
Vincent Kompany,27.037473994439644
Axel Witsel,0.0
Toby Alderweireld,19.608671551127582
Kevin De Bruyne,18.242806801586177
Vincent Kompany,0.0
Toby Alderweireld,0.0
Vincent Kompany,12.872451204024822
Axel Witsel,0.0
Vincent Kompany,13.493378005525523
Kevin De Bruyne,0.0
Vincent Kompany,26.388254963146018
Nacer Chadli,0.0
Axel Witsel,0.0
Toby Alderweireld,0.0
Vincent Kompany,6.808909604334599
Axel Witsel,0.0
Jan Vertonghen,0.0
Vincent Kompany,15.725775020646836
Romelu Lukaku,0.0
Eden Hazard,13.199668556444896
Nacer Chadli,0.0
Toby Alderweireld,7.7398320395212705
Vincent Kompany,0.0
Jan Vertonghen,10.14747505540171
Vincent Kompany,0.0
Jan Vertonghen,12.602579101120531
Romelu Lukaku,6.90326009940231
Kevin De Bruyne,8.358827668997607
Eden Hazard,30.197702727194333
Toby Alderweireld,11.317243480636087
Marouane Fellaini,0.0
Vincent Kompany,30.559532064480305
Nacer Chadli,0.0
Toby Alderweireld,0.0
Vincent Kompany,12.728363995423763
Axel Witsel,0.0
Vincent Kompany,16.366581805618424
Toby Alderweireld,14.24820164090893
Nacer Chadli,0.0
Toby Alderweireld,0.0
Vincent Kompany,55.22327407896059
Eden Hazard,8.381527307120107
Toby Alderweireld,7.858196357943723
Vincent Kompany,9.242023587937872
Toby Alderweireld,6.7283913382026155
Nacer Chadli,0.0
Axel Witsel,0.0
Vincent Kompany,10.053108971855423
Nacer Chadli,0.0
Axel Witsel,0.0
Nacer Chadli,0.0
Toby Alderweireld,0.0
Jan Vertonghen,0.0
Vincent Kompany,16.493066725142416
Toby Alderweireld,26.95164651742079
Nacer Chadli,0.0
Toby Alderweireld,17.29689278454368
Nacer Chadli,0.0
Kevin De Bruyne,0.0
Romelu Lukaku,16.918924315688628
Eden Hazard,42.80292046110873
Romelu Lukaku,38.075714044519245
Jan Vertonghen,0.0
Vincent Kompany,17.035881251053613
Toby Alderweireld,0.0
Vincent Kompany,19.436081137924898
Axel Witsel,0.0
Vincent Kompany,9.99906245605057
Toby Alderweireld,13.67058886807734
Kevin De Bruyne,0.0
Toby Alderweireld,0.0
Vincent Kompany,6.244297398426821
Jan Vertonghen,0.0
Vincent Kompany,0.0
Jan Vertonghen,46.56114259766399
Dries Mertens,26.009998077662388
Toby Alderweireld,7.139327699440614
Nacer Chadli,0.0
Axel Witsel,11.373708717916069
Eden Hazard,0.0
Nacer Chadli,0.0
Toby Alderweireld,0.0
Vincent Kompany,10.672921343287413
Kevin De Bruyne,92.62834339444917
Nacer Chadli,28.031589323475725
Eden Hazard,43.489883881197045
Kevin De Bruyne,29.33053016909172
Dries Mertens,0.0
Kevin De Bruyne,16.69520889357185
Dries Mertens,0.0
Kevin De Bruyne,31.133261955664082
Toby Alderweireld,15.939887076137024
Kevin De Bruyne,22.643542125736417
Dries Mertens,54.72120247216794
Jan Vertonghen,12.362898123013066
Nacer Chadli,10.260665183115567
Kevin De Bruyne,17.62044267321341
Toby Alderweireld,13.645557885260684
Nacer Chadli,0.0
Toby Alderweireld,0.0
Vincent Kompany,11.172287142747459
Eden Hazard,38.67453942841466
Jan Vertonghen,9.308061022576075
Vincent Kompany,9.723232487192726
Dries Mertens,0.0
Toby Alderweireld,16.032817905783126
Nacer Chadli,0.0
Toby Alderweireld,6.603029607687674
Kevin De Bruyne,10.990507267637835
Toby Alderweireld,12.683256679575639
Nacer Chadli,0.0
Toby Alderweireld,11.38859078200636
Nacer Chadli,0.0
Toby Alderweireld,0.0
Vincent Kompany,0.0
Toby Alderweireld,11.398464808911772
Kevin De Bruyne,56.45741758174918
Axel Witsel,0.0
Toby Alderweireld,9.341908263304667
Vincent Kompany,11.673527744430988
Kevin De Bruyne,0.0
Vincent Kompany,9.778611864676906
Toby Alderweireld,11.359192312836337
Dries Mertens,0.0
Toby Alderweireld,0.0
Vincent Kompany,7.099383776075215
Jan Vertonghen,9.194087774216646
Marouane Fellaini,0.0
Vincent Kompany,14.27519702140744
Eden Hazard,7.417631023446764
Kevin De Bruyne,46.47935025363413
Marouane Fellaini,0.0
Eden Hazard,38.897300677553446
Axel Witsel,30.210097649627027
Toby Alderweireld,42.419924563817894
Dries Mertens,44.72952045349916
Eden Hazard,0.0
Toby Alderweireld,0.0
Toby Alderweireld,5.239751902523631
Vincent Kompany,8.14708536840016
Toby Alderweireld,8.98220462915425
Nacer Chadli,0.0
Toby Alderweireld,0.0
Vincent Kompany,0.0
Jan Vertonghen,11.104559874213836
Eden Hazard,28.79340202199108
Dries Mertens,6.10655385630881
Kevin De Bruyne,8.813625814612289
Dries Mertens,0.0
Kevin De Bruyne,0.0
Toby Alderweireld,7.380464077549597
Axel Witsel,6.289773445840478
Jan Vertonghen,7.530023240335973
Marouane Fellaini,0.0
Jan Vertonghen,0.0
Eden Hazard,33.3096082234541
Romelu Lukaku,11.01680534456337
Toby Alderweireld,23.427334462119244
Kevin De Bruyne,15.98624408671406
Nacer Chadli,19.897989848223364
Toby Alderweireld,6.688890042450994
Vincent Kompany,17.224401295836095
Axel Witsel,19.465353837010003
Marouane Fellaini,39.591918367262764
Romelu Lukaku,21.593517545782124
Eden Hazard,69.49136637021898
Axel Witsel,12.070211265756694
Dries Mertens,53.342759583658605
Vincent Kompany,11.96500104471371
Toby Alderweireld,31.875245097096894
Nacer Chadli,0.0
Kevin De Bruyne,0.0
Vincent Kompany,8.038345600930578
Eden Hazard,26.852397472106666
Dries Mertens,0.0
Toby Alderweireld,7.900000000000002
Eden Hazard,10.685036265731638
Toby Alderweireld,20.180188304374173
Eden Hazard,18.91692363995797
Marouane Fellaini,29.77255447555684
Romelu Lukaku,5.102082907989638
Eden Hazard,5.531726674375735
Marouane Fellaini,0.0
Jan Vertonghen,0.0
Vincent Kompany,25.33140343526193
Axel Witsel,36.42320688791695
Marouane Fellaini,36.413733672887766
Axel Witsel,20.927523742669603
Toby Alderweireld,40.61736082022069
Jan Vertonghen,0.0
Toby Alderweireld,13.355569999067802
Eden Hazard,16.20493751916372
Nacer Chadli,4.057708713054695
Jan Vertonghen,0.0
Toby Alderweireld,0.0
Kevin De Bruyne,12.367750401750511
Eden Hazard,26.59624033580686
Romelu Lukaku,8.000624975587845
Axel Witsel,3.052867504494733
Axel Witsel,0.0
Vincent Kompany,1.8388175548433272
Eden Hazard,25.772077913897427
Dries Mertens,0.0
Nacer Chadli,0.0
Toby Alderweireld,11.15750868249718
Vincent Kompany,9.615157305005468
Toby Alderweireld,20.181210320493665
Nacer Chadli,25.171064737114314
Toby Alderweireld,4.133400537088078
Toby Alderweireld,12.961915367722472
Nacer Chadli,0.0
Vincent Kompany,0.0
Jan Vertonghen,19.688353156117454
Yannick Carrasco,0.0
Axel Witsel,0.0
Vincent Kompany,14.381281236385023
Toby Alderweireld,19.87775138188421
Vincent Kompany,3.3015148038438396
Axel Witsel,4.315669125408015
Eden Hazard,12.068347028487379
Nacer Chadli,0.0
Kevin De Bruyne,14.105362455463526
Axel Witsel,0.0
Toby Alderweireld,9.77445650662992
Vincent Kompany,15.601281998605113
Kevin De Bruyne,0.0
Vincent Kompany,7.093659140387282
Jan Vertonghen,0.0
Kevin De Bruyne,11.654237426790308
Toby Alderweireld,35.13189434118235
Dries Mertens,0.0
Kevin De Bruyne,11.561628345522951
Toby Alderweireld,20.69299398347179
Dries Mertens,13.943098651304165
Toby Alderweireld,0.0
Vincent Kompany,9.216357740452567
Axel Witsel,24.527968729595205
Yannick Carrasco,0.0
Vincent Kompany,17.194802993928135
Kevin De Bruyne,4.709564735726647
Yannick Carrasco,0.0
Eden Hazard,21.347599396653482
Jan Vertonghen,5.688694929419228
Axel Witsel,0.0
Vincent Kompany,6.805879810869421
Toby Alderweireld,3.0251033040212034
Jan Vertonghen,0.0
Vincent Kompany,0.0
Toby Alderweireld,0.0
Vincent Kompany,0.0
Jan Vertonghen,0.0
Vincent Kompany,15.864740779476985
Toby Alderweireld,0.0
Vincent Kompany,11.092396044137624
Toby Alderweireld,33.680929322095615
Romelu Lukaku,14.460463339741228
Marouane Fellaini,0.0
Thomas Meunier,0.0
Thomas Meunier,0.0
Toby Alderweireld,10.702102597153514
Thomas Meunier,2.30027172307969
Axel Witsel,2.7649593125396974
Jan Vertonghen,0.0
Jan Vertonghen,0.0
Vincent Kompany,13.79764472654663
Toby Alderweireld,7.200086805032287
Marouane Fellaini,0.0
Jan Vertonghen,0.0
Jan Vertonghen,9.193000054389204
Eden Hazard,0.0
Vincent Kompany,0.0
Toby Alderweireld,0.0
Vincent Kompany,7.073895673530956
Axel Witsel,0.0
Vincent Kompany,10.310249754491883
Eden Hazard,25.531647028736707
Marouane Fellaini,24.24481903417717
Kevin De Bruyne,84.9734076049678
Kevin De Bruyne,13.254433220624701
Thomas Meunier,0.0
Vincent Kompany,6.274153329334565
Jan Vertonghen,0.0
Vincent Kompany,5.695722078893948
Toby Alderweireld,0.0
Vincent Kompany,24.042774382337825
Thomas Meunier,0.0
Marouane Fellaini,7.088106235095527
Jan Vertonghen,17.022081247603065
Eden Hazard,3.301514803843837
Thomas Meunier,0.0
Axel Witsel,0.0
Jan Vertonghen,0.0
Vincent Kompany,0.0
Toby Alderweireld,16.774087158471545
Jan Vertonghen,17.20130808979363
Nacer Chadli,7.51149119682636
Kevin De Bruyne,4.775981574503816
Nacer Chadli,0.0
Jan Vertonghen,0.0
Toby Alderweireld,6.368771467088453
Marouane Fellaini,0.0
Vincent Kompany,8.949371486311206
Jan Vertonghen,17.875437057593864
Nacer Chadli,16.09860242381307
Romelu Lukaku,0.0
Kevin De Bruyne,53.494766099124114
Nacer Chadli,40.13589415971693
Nacer Chadli,0.0
Jan Vertonghen,0.0
Vincent Kompany,0.0
Toby Alderweireld,24.8618432542722
Thomas Meunier,0.0
Marouane Fellaini,0.0
Axel Witsel,0.0
Marouane Fellaini,0.0
Kevin De Bruyne,30.19345955666558
Romelu Lukaku,32.44102341172362
Vincent Kompany,12.86876062408498
Toby Alderweireld,12.10041321608481
Axel Witsel,11.107880085776948
Marouane Fellaini,0.0
Vincent Kompany,8.56971411425142
Toby Alderweireld,16.31261015288479
Thomas Meunier,23.991066045509534
Jan Vertonghen,0.0
Eden Hazard,0.0
Nacer Chadli,0.0
Jan Vertonghen,14.131525041551606
Axel Witsel,6.28012738724303
Eden Hazard,44.76114386384694
Jan Vertonghen,11.503477735015617
Nacer Chadli,0.0
Nacer Chadli,9.336554503669971
Eden Hazard,13.726798607104275
Kevin De Bruyne,0.0
Eden Hazard,60.90944097592753
Kevin De Bruyne,33.08307724502061
Kevin De Bruyne,48.551827977945415
Kevin De Bruyne,0.0
Jan Vertonghen,0.0
Toby Alderweireld,40.20499036189413
Romelu Lukaku,0.0
Axel Witsel,0.0
Vincent Kompany,43.32597373400856
Eden Hazard,46.003912877058625
Toby Alderweireld,8.20030487238127
Kevin De Bruyne,30.718154241425378
Marouane Fellaini,17.385662196189134
Romelu Lukaku,0.0
Romelu Lukaku,38.94008217762257
Vincent Kompany,20.419843290289965
Kevin De Bruyne,11.546644534235906
Eden Hazard,31.564081643539073
Nacer Chadli,0.0
Eden Hazard,7.88986691902975
Nacer Chadli,48.11883726774786
Eden Hazard,0.0
Nacer Chadli,0.0
Jan Vertonghen,0.0
Vincent Kompany,18.859513514404338
Axel Witsel,40.162793727528495
Kevin De Bruyne,44.91770252361536
Jan Vertonghen,0.0
Vincent Kompany,0.0
Toby Alderweireld,12.811127975318957
Marouane Fellaini,8.034379254180125
Axel Witsel,0.0
Nacer Chadli,20.8157392374136
Kevin De Bruyne,24.72268694943978
Eden Hazard,15.205262246998547
Kevin De Bruyne,25.799224794555364
Romelu Lukaku,32.93873100166429
Thomas Meunier,24.763077353188557
Marouane Fellaini,8.504704580407248
Thomas Meunier,0.0
Marouane Fellaini,24.80725700274015
Axel Witsel,42.130392829879945
Nacer Chadli,0.0
Jan Vertonghen,6.02536305960064
Axel Witsel,21.8833269865439
Eden Hazard,19.69873092358999
Axel Witsel,19.60229578391266
Eden Hazard,19.460986614249542
Axel Witsel,0.0
Eden Hazard,0.0
Jan Vertonghen,0.0
Vincent Kompany,10.086191055101029
Toby Alderweireld,0.0
Vincent Kompany,0.0
Axel Witsel,17.032358908853464
Romelu Lukaku,7.037133649434263
Kevin De Bruyne,38.72002066115151
Eden Hazard,27.239860498908605
Kevin De Bruyne,26.0499520153109
Jan Vertonghen,0.0
Toby Alderweireld,0.0
Toby Alderweireld,0.0
Thomas Meunier,0.0
Marouane Fellaini,0.0
Axel Witsel,0.0
Vincent Kompany,16.21577164368072
Axel Witsel,0.0
Vincent Kompany,10.403124530639822
Jan Vertonghen,32.41951572741333
Nacer Chadli,5.688585061331162
Kevin De Bruyne,0.0
Nacer Chadli,0.0
Eden Hazard,10.764757312638311
Nacer Chadli,7.943708202093037
Nacer Chadli,37.010809231898726
Marouane Fellaini,4.125681761842519
Kevin De Bruyne,4.878652477887722
Marouane Fellaini,8.466994744299774
Axel Witsel,6.585210702779374
Marouane Fellaini,0.0
Axel Witsel,0.0
Toby Alderweireld,0.0
Jan Vertonghen,37.13961833406477
Thomas Meunier,0.0
Toby Alderweireld,32.61198016067101
Kevin De Bruyne,19.771317609102333
Eden Hazard,0.0
Jan Vertonghen,7.5399767904152055
Axel Witsel,0.0
Vincent Kompany,20.33128746538202
Marouane Fellaini,31.257499100215934
Thomas Meunier,0.0
Marouane Fellaini,0.0
Toby Alderweireld,0.0
Vincent Kompany,10.227475250520039
Jan Vertonghen,0.0
Kevin De Bruyne,0.0
Axel Witsel,0.0
Jan Vertonghen,0.0
Vincent Kompany,7.486320858739627
Jan Vertonghen,15.184366960792273
Kevin De Bruyne,0.0
Kevin De Bruyne,0.0
Marouane Fellaini,0.0
Vincent Kompany,9.741663102366047
Axel Witsel,0.0
Vincent Kompany,0.0
Jan Vertonghen,9.684071974123283
Axel Witsel,17.16799347623361
Nacer Chadli,15.975958500196468
Kevin De Bruyne,0.0
Eden Hazard,0.0
Axel Witsel,0.0
Eden Hazard,0.0
Thomas Meunier,89.88131062684832
Marouane Fellaini,52.0983684965278
Vincent Kompany,24.845522735495027
Kevin De Bruyne,90.1882475713992
Thomas Meunier,30.71782869930751
Jan Vertonghen,0.0
Thomas Meunier,37.113205197072375
Toby Alderweireld,0.0
Jan Vertonghen,0.0
Vincent Kompany,66.68666470892063
Marouane Fellaini,12.728363995423754
Thomas Meunier,22.876680266157493
Axel Witsel,0.0
Jan Vertonghen,0.0
Vincent Kompany,0.0
Toby Alderweireld,0.0
Vincent Kompany,16.66707082843293
Eden Hazard,0.0
Nacer Chadli,0.0
Thomas Meunier,13.30568487527042
Axel Witsel,0.0
Toby Alderweireld,0.0
Nacer Chadli,21.680204104205295
Kevin De Bruyne,59.45082001116551
Marouane Fellaini,12.212749485680936
Vincent Kompany,26.35469597623922
Axel Witsel,7.3085566290479
Thomas Meunier,0.0
Toby Alderweireld,37.74283044499975
Eden Hazard,5.946427498927399
Nacer Chadli,9.425033156440366
Eden Hazard,0.0
Nacer Chadli,0.0
Jan Vertonghen,0.0
Vincent Kompany,37.88456149937597
Thomas Meunier,13.026319510897931
Kevin De Bruyne,15.405193929321381
Kevin De Bruyne,0.0
Axel Witsel,18.47190434145868
Nacer Chadli,0.0
Axel Witsel,0.0
Jan Vertonghen,7.7550789809002
Marouane Fellaini,0.0
Jan Vertonghen,16.15924657897144
Eden Hazard,23.15188977167955
Nacer Chadli,0.0
Jan Vertonghen,24.68828163319594
Nacer Chadli,0.0
Jan Vertonghen,24.995024504888967
Kevin De Bruyne,0.0
Toby Alderweireld,4.074923312161838
Axel Witsel,6.582932477247511
Kevin De Bruyne,13.526640381114593
Eden Hazard,0.0
Nacer Chadli,0.0
Jan Vertonghen,17.392563065862376
Marouane Fellaini,9.521817053483018
Eden Hazard,0.0
Axel Witsel,53.09613921934439
Nacer Chadli,0.0
Jan Vertonghen,0.0
Vincent Kompany,0.0
Nacer Chadli,12.177078877957555
Eden Hazard,4.691614860578396
Marouane Fellaini,23.595153103974557
Toby Alderweireld,32.74417887197663
Thomas Meunier,31.009756529195773
Kevin De Bruyne,0.0
Toby Alderweireld,12.621063742807102
Kevin De Bruyne,0.0
Jan Vertonghen,0.0
Vincent Kompany,7.225043252465693
Axel Witsel,0.0
Jan Vertonghen,0.0
Thomas Vermaelen,0.0
Vincent Kompany,15.361681223095344
Toby Alderweireld,16.233645616435023
Marouane Fellaini,6.516229738123112
Axel Witsel,0.0
Vincent Kompany,5.694295391003177
Thomas Vermaelen,16.175019319926637
Jan Vertonghen,0.0
Vincent Kompany,16.64425576587911
Axel Witsel,0.0
Vincent Kompany,8.834661849782368
Thomas Vermaelen,0.0
Vincent Kompany,33.9851622035264
Thomas Meunier,0.0
Thomas Meunier,25.738783965059426
Kevin De Bruyne,132.30162508450155
Kevin De Bruyne,9.551963149007642
Vincent Kompany,5.798275605729692
Thomas Vermaelen,14.956603892595407
Jan Vertonghen,0.0
Thomas Vermaelen,0.0
Marouane Fellaini,27.490384682648585
Thomas Meunier,10.750872057651877
Axel Witsel,0.0
Youri Tielemans,33.22950496170533
Axel Witsel,13.290974381135518
Thomas Meunier,16.047897058493366
Eden Hazard,82.0624761995396
Kevin De Bruyne,0.0
Romelu Lukaku,0.0
Axel Witsel,0.0
Jan Vertonghen,0.0
Vincent Kompany,0.0
Toby Alderweireld,0.0
Vincent Kompany,13.143106558192397
Toby Alderweireld,0.0
Vincent Kompany,9.23586758242018
Jan Vertonghen,0.0
Vincent Kompany,10.218182323681647
Toby Alderweireld,7.486738275110196
Axel Witsel,0.0
Toby Alderweireld,10.530906893520612
Kevin De Bruyne,0.0
Toby Alderweireld,0.0
Vincent Kompany,0.0
Jan Vertonghen,0.0
Toby Alderweireld,11.73392517446741
Vincent Kompany,10.50815159768834
Toby Alderweireld,6.845527737143425
Axel Witsel,0.0
Jan Vertonghen,17.410664835094604
Jan Vertonghen,0.0
Kevin De Bruyne,28.20567318820807
Thomas Meunier,0.0
Axel Witsel,0.0
Jan Vertonghen,7.016498414451477
Kevin De Bruyne,5.388065515563077
Eden Hazard,0.0
Kevin De Bruyne,0.0
Yannick Carrasco,0.0
Eden Hazard,0.0
Toby Alderweireld,10.071742649611341
Thomas Meunier,0.0
Axel Witsel,0.0
Thomas Meunier,0.0
Vincent Kompany,17.191604055468467
Jan Vertonghen,25.69708154635464
Yannick Carrasco,12.303251602726819
Eden Hazard,6.307138812488596
Dries Mertens,3.088891386889479
Jan Vertonghen,30.268795813510657
Yannick Carrasco,0.0
Axel Witsel,0.0
Toby Alderweireld,0.0
Vincent Kompany,9.872436376092782
Toby Alderweireld,31.586884145163797
Thomas Meunier,17.204650534085257
Dries Mertens,45.70437615808796
Romelu Lukaku,14.477914214416362
Yannick Carrasco,3.8897300677553375
Dries Mertens,8.478870797458818
Jan Vertonghen,0.0
Toby Alderweireld,70.1721810976401
Romelu Lukaku,37.08705973786547
Dries Mertens,37.97486010507481
Jan Vertonghen,12.459534501738013
Kevin De Bruyne,0.0
Vincent Kompany,0.0
Toby Alderweireld,5.225897052181571
Kevin De Bruyne,0.0
Toby Alderweireld,3.775579425730573
Axel Witsel,0.0
Toby Alderweireld,0.0
Thomas Meunier,4.553020975132885
Axel Witsel,0.0
Thomas Meunier,0.0
Jan Vertonghen,11.79385433181197
Vincent Kompany,10.702102597153514
Kevin De Bruyne,0.0
Toby Alderweireld,8.861997517490062
Kevin De Bruyne,16.89648632112606
Eden Hazard,13.78441148544251
Dries Mertens,45.45987241513112
Thomas Meunier,0.0
Kevin De Bruyne,16.816992894093765
Romelu Lukaku,11.76626533782067
Thomas Meunier,78.4046554740214
Eden Hazard,38.33444925911941
Kevin De Bruyne,37.96682762623183
Eden Hazard,18.000000000000025
Kevin De Bruyne,57.02850164610674
Thomas Meunier,0.0
Kevin De Bruyne,47.546398391466
Yannick Carrasco,89.03684630533584
Thomas Meunier,27.849775582578765
Kevin De Bruyne,72.33367127417216
Jan Vertonghen,9.404254356406996
Axel Witsel,8.905054744357269
Dries Mertens,0.0
Axel Witsel,16.672132437093946
Thomas Meunier,0.0
Axel Witsel,4.510127492654725
Kevin De Bruyne,0.0
Yannick Carrasco,9.462821989237673
Eden Hazard,27.727242920997398
Romelu Lukaku,0.0
Dries Mertens,0.0
Axel Witsel,44.80044642634712
Dries Mertens,36.03109767964334
Kevin De Bruyne,24.686838598735154
Dries Mertens,30.29257334727441
Kevin De Bruyne,57.488172696651276
Dries Mertens,11.8473625756959
Vincent Kompany,41.19465984809198
Kevin De Bruyne,7.211882555893434
Thomas Meunier,4.275511665286392
Kevin De Bruyne,0.0
Vincent Kompany,10.615083607772478
Toby Alderweireld,0.0
Vincent Kompany,9.831581764904367
Axel Witsel,0.0
Vincent Kompany,9.492694559502059
Toby Alderweireld,0.0
Vincent Kompany,9.886101354932588
Thomas Meunier,40.941421567893784
Romelu Lukaku,26.700000000000003
Eden Hazard,31.131334696732814
Yannick Carrasco,0.0
Eden Hazard,44.82186966202995
Axel Witsel,0.0
Toby Alderweireld,0.0
Vincent Kompany,6.332456079595026
Jan Vertonghen,0.0
Vincent Kompany,0.0
Jan Vertonghen,15.965587994182984
Yannick Carrasco,0.0
Eden Hazard,10.0687635785135
Axel Witsel,74.86013625421742
Axel Witsel,0.0
Toby Alderweireld,10.64148720809267
Axel Witsel,0.0
Vincent Kompany,12.377449252572196
Kevin De Bruyne,0.0
Vincent Kompany,7.016498414451469
Toby Alderweireld,0.0
Vincent Kompany,8.096372644585971
Jan Vertonghen,0.0
Vincent Kompany,25.32360558846232
Jan Vertonghen,13.209844813622906
Dries Mertens,4.917443441464275
Thomas Meunier,26.21967295753323
Romelu Lukaku,58.266371090020705
Toby Alderweireld,21.824756585126007
Kevin De Bruyne,31.71009303045329
Axel Witsel,4.9684001449158695
Kevin De Bruyne,0.0
Toby Alderweireld,36.21443082529394
Thomas Meunier,0.0
Axel Witsel,29.426900958136958
Dries Mertens,52.18927092803653
Axel Witsel,0.0
Vincent Kompany,12.461590989917783
Jan Vertonghen,23.03225998463894
Yannick Carrasco,0.0
Eden Hazard,1.9522423005354614
Yannick Carrasco,0.0
Jan Vertonghen,0.0
Vincent Kompany,0.0
Toby Alderweireld,0.0
Vincent Kompany,14.34891110851273
Vincent Kompany,53.14575476931341
Eden Hazard,25.53605294480728
Dries Mertens,21.42171795164902
Toby Alderweireld,12.17173980990392
Yannick Carrasco,39.01602234979882
Eden Hazard,42.31926275350273
Romelu Lukaku,3.2015621187164287
Eden Hazard,0.0
Kevin De Bruyne,31.447098435308806
Eden Hazard,16.37833935415919
Yannick Carrasco,13.599999999999996
Eden Hazard,65.203987608121
Axel Witsel,38.90347028222547
Eden Hazard,0.0
Kevin De Bruyne,98.41971347245433
Vincent Kompany,41.01914187303291
Thomas Meunier,6.105837370909911
Kevin De Bruyne,0.0
Thomas Meunier,24.393057413944643
Thomas Meunier,0.0
Toby Alderweireld,0.0
Vincent Kompany,6.469544033392151
Jan Vertonghen,13.202083168954816
Yannick Carrasco,0.0
Jan Vertonghen,0.0
Axel Witsel,0.0
Jan Vertonghen,0.0
Toby Alderweireld,0.0
Vincent Kompany,0.0
Toby Alderweireld,13.528303663061383
Jan Vertonghen,0.0
Toby Alderweireld,0.0
Vincent Kompany,28.40844944730353
Yannick Carrasco,13.300798848189533
Toby Alderweireld,0.0
Jan Vertonghen,0.0
Eden Hazard,8.944551414129156
Vincent Kompany,12.137596549564499
Axel Witsel,0.0
Jan Vertonghen,9.226321043622967
Yannick Carrasco,5.0755541569369536
Eden Hazard,24.325398249566238
Kevin De Bruyne,10.005248622598044
Yannick Carrasco,0.0
Kevin De Bruyne,7.550165561098648
Eden Hazard,37.66218262395317
Yannick Carrasco,15.875767697972904
Dries Mertens,33.58392472597567
Kevin De Bruyne,24.368011818775855
Toby Alderweireld,3.576485705269909
Thomas Meunier,7.572400544081118
Axel Witsel,6.254998001598401
Thomas Meunier,8.250151513760219
Dries Mertens,0.0
Jan Vertonghen,62.36866200264361
Kevin De Bruyne,70.45970479642955
Axel Witsel,0.0
Thomas Meunier,0.0
Axel Witsel,0.0
Toby Alderweireld,0.0
Vincent Kompany,13.521880416569285
Kevin De Bruyne,17.149344010777792
Eden Hazard,18.876208570579003
Vincent Kompany,9.279277989154112
Jan Vertonghen,0.0
Vincent Kompany,8.415536227715982
Kevin De Bruyne,0.0
Vincent Kompany,7.410887261320336
Jan Vertonghen,0.0
Kevin De Bruyne,106.41470763010159
Yannick Carrasco,21.975440837443948
Yannick Carrasco,97.02535751029215
Kevin De Bruyne,0.0
Jan Vertonghen,9.870410325817268
Kevin De Bruyne,0.0
Vincent Kompany,9.502894295950052
Toby Alderweireld,11.684658745551792
Axel Witsel,57.16861026822327
Eden Hazard,55.21304193757123
Kevin De Bruyne,32.172659200010195
Yannick Carrasco,0.0
Jan Vertonghen,0.0
Vincent Kompany,8.602325267042627
Jan Vertonghen,0.0
Vincent Kompany,15.664330499577698
Jan Vertonghen,10.400961494015828
Kevin De Bruyne,0.0
Toby Alderweireld,23.285644719440345
Thomas Meunier,27.13982313870153
Dries Mertens,21.79747691821234
Jan Vertonghen,8.672081641682103
Eden Hazard,24.78245347014699
Thomas Meunier,24.742069436488134
Toby Alderweireld,9.249391871901635
Thomas Meunier,32.06339423704234
Vincent Kompany,8.109331045160259
Dries Mertens,0.0
Vincent Kompany,20.509997562164656
Eden Hazard,106.57072768823527
Axel Witsel,0.0
Toby Alderweireld,0.0
Vincent Kompany,5.530935725535053
Jan Vertonghen,0.0
Toby Alderweireld,6.187184335382291
Axel Witsel,0.0
Toby Alderweireld,0.0
Vincent Kompany,8.547514258543238
Jan Vertonghen,22.21331244997018
Yannick Carrasco,4.385344912318755
Eden Hazard,37.04821183269177
Dries Mertens,28.1368086321104
Romelu Lukaku,9.095603333479325
Jan Vertonghen,31.3791531115803
Kevin De Bruyne,0.0
Toby Alderweireld,0.0
Vincent Kompany,0.0
Jan Vertonghen,11.61808934377766
Jan Vertonghen,20.474862636901864
Jan Vertonghen,35.002357063489306
Eden Hazard,16.790473489452282
Romelu Lukaku,18.627130750601417
Eden Hazard,35.7022408260322
Axel Witsel,35.24826236851967
Thomas Meunier,36.72220036980353
Romelu Lukaku,0.0
Yannick Carrasco,0.0
Kevin De Bruyne,0.0
Vincent Kompany,23.21963070335099
Thomas Meunier,0.0
Axel Witsel,0.0
Toby Alderweireld,0.0
Vincent Kompany,8.432155714880981
Toby Alderweireld,8.319855767980597
Axel Witsel,24.457309745759034
Thomas Meunier,107.76646045964394
Dries Mertens,22.567454442182886
Yannick Carrasco,0.0
Kevin De Bruyne,22.345469339443294
Eden Hazard,40.01249804748511
Kevin De Bruyne,37.940084343606806
Axel Witsel,0.0
Toby Alderweireld,21.356029593536338
Thomas Meunier,0.0
Toby Alderweireld,5.003124024047371
Thomas Meunier,0.0
Vincent Kompany,0.0
Toby Alderweireld,0.0
Vincent Kompany,10.310249754491888
Jan Vertonghen,0.0
Vincent Kompany,13.181094415866996
Axel Witsel,36.7963483242563
Thomas Meunier,15.205919899828487
Romelu Lukaku,0.0
Toby Alderweireld,0.0
Vincent Kompany,10.91060264146761
Toby Alderweireld,8.786353054595518
Thomas Meunier,0.0
Toby Alderweireld,0.0
Vincent Kompany,14.553521910520487
Toby Alderweireld,0.0
Vincent Kompany,9.636129928555341
Toby Alderweireld,18.001666589513313
Jan Vertonghen,13.205349294888036
Yannick Carrasco,24.061691544860263
Dries Mertens,0.0
Axel Witsel,22.71632122505755
Axel Witsel,6.126275377421419
Kevin De Bruyne,0.0
Axel Witsel,6.86012026133653
Axel Witsel,2.6655205870523693
Yannick Carrasco,0.0
Axel Witsel,0.0
Axel Witsel,7.115124735378854
Thomas Meunier,0.0
Toby Alderweireld,0.0
Thomas Meunier,0.0
Vincent Kompany,12.761710308575413
Axel Witsel,32.06555784638713
Romelu Lukaku,23.433522995913343
Axel Witsel,4.105027405511443
Kevin De Bruyne,23.49127497604164
Eden Hazard,15.430165261590684
Yannick Carrasco,7.2996575262131325
Jan Vertonghen,0.0
Toby Alderweireld,0.0
Vincent Kompany,7.139327699440612
Jan Vertonghen,0.0
Romelu Lukaku,6.83593446428504
Jan Vertonghen,36.86251483553448
Vincent Kompany,14.72446943016963
Toby Alderweireld,8.702585822616172
Vincent Kompany,9.630160954002793
Toby Alderweireld,0.0
Vincent Kompany,12.33536582351735
Axel Witsel,0.0
Vincent Kompany,15.264378467530214
Jan Vertonghen,0.0
Vincent Kompany,11.562060802469425
Jan Vertonghen,0.0
Vincent Kompany,6.516133823057966
Toby Alderweireld,14.236616522193756
Eden Hazard,22.95266869015453
Thomas Meunier,6.078239876806444
Axel Witsel,10.815035829806577
Thomas Meunier,0.0
Axel Witsel,12.67379185563658
Eden Hazard,35.383612025908256
Romelu Lukaku,17.717787672280103
Dries Mertens,73.80359069855609
Thomas Meunier,38.4
Yannick Carrasco,6.907966415668217
Jan Vertonghen,0.0
Vincent Kompany,0.0
Toby Alderweireld,10.000999950005
Vincent Kompany,6.647555941848101
Kevin De Bruyne,0.0
Vincent Kompany,0.0
Toby Alderweireld,9.191572226773824
Axel Witsel,11.175866856758814
Thomas Meunier,0.0
Toby Alderweireld,23.719190542680835
Thomas Meunier,12.033702672078947
Dries Mertens,3.9169503443367715
Vincent Kompany,11.622392180614106
Jan Vertonghen,17.796207461141826
Nacer Chadli,0.0
Jan Vertonghen,6.987936032906999
Axel Witsel,20.497804760510338
Thomas Meunier,0.0
Marouane Fellaini,3.1780497164141392
Thomas Meunier,13.721561500062597
Marouane Fellaini,2.553429066960757
Eden Hazard,8.56971411425142
Thomas Meunier,22.035028931226762
Eden Hazard,51.482035701786316
Vincent Kompany,9.977537271290947
Jan Vertonghen,0.0
Vincent Kompany,13.26767688783534
Toby Alderweireld,0.0
Vincent Kompany,12.447941596906693
Jan Vertonghen,24.6686035275611
Eden Hazard,0.0
Nacer Chadli,11.114180131705625
Eden Hazard,0.0
Axel Witsel,0.0
Toby Alderweireld,69.24160598946271
Marouane Fellaini,48.57417009069736
Thomas Meunier,34.1621135177553
Thomas Meunier,0.0
Eden Hazard,6.040074502851758
Thomas Meunier,26.990368652539736
Kevin De Bruyne,70.73132262300769
Jan Vertonghen,30.33949571103646
Marouane Fellaini,9.733447487915061
Kevin De Bruyne,7.210062413044703
Jan Vertonghen,17.564168070250304
Eden Hazard,0.0
Jan Vertonghen,0.0
Vincent Kompany,11.636365411931683
Toby Alderweireld,18.321571984958055
Nacer Chadli,7.857798673928977
Kevin De Bruyne,43.5724683716679
Eden Hazard,17.601136326953426
Axel Witsel,24.964775184247102
Kevin De Bruyne,52.514759829975375
Eden Hazard,36.69345990772741
Nacer Chadli,0.0
Kevin De Bruyne,0.0
Jan Vertonghen,0.0
Vincent Kompany,15.005040819671231
Toby Alderweireld,4.792702786528704
Axel Witsel,0.0
Vincent Kompany,9.458924357452068
Jan Vertonghen,0.0
Vincent Kompany,7.342428072511166
Jan Vertonghen,0.0
Vincent Kompany,15.45849281139659
Eden Hazard,16.746678775207936
Marouane Fellaini,19.63517252279694
Thomas Meunier,0.0
Toby Alderweireld,14.849410762720519
Toby Alderweireld,8.414570696119915
Axel Witsel,6.886308880670403
Marouane Fellaini,0.0
Axel Witsel,14.047241722131792
Thomas Meunier,0.0
Marouane Fellaini,0.0
Axel Witsel,10.34317407762241
Kevin De Bruyne,3.899358921669048
Eden Hazard,13.721561500062597
Marouane Fellaini,0.0
Kevin De Bruyne,16.82914139223984
Thomas Meunier,0.0
Thomas Meunier,0.0
Toby Alderweireld,6.657702306351643
Axel Witsel,5.43920950138896
Kevin De Bruyne,0.0
Toby Alderweireld,38.85151219708186
Eden Hazard,0.0
Nacer Chadli,0.0
Axel Witsel,0.0
Jan Vertonghen,15.107655344228627
Eden Hazard,0.0
Kevin De Bruyne,0.0
Toby Alderweireld,28.26446532308723
Thomas Meunier,8.700718361146956
Toby Alderweireld,40.017995951821504
Thomas Meunier,0.0
Vincent Kompany,11.697489046799747
Toby Alderweireld,41.64882951536573
Eden Hazard,31.11370276903731
Kevin De Bruyne,72.28056446929561
Kevin De Bruyne,0.0
Nacer Chadli,18.2118436738294
Eden Hazard,7.460898069267536
Nacer Chadli,16.714739004842382
Eden Hazard,0.0
Jan Vertonghen,0.0
Axel Witsel,26.40426101976724
Thomas Meunier,0.0
Marouane Fellaini,12.073524754602518
Thomas Meunier,0.0
Jan Vertonghen,9.781870986677344
Eden Hazard,0.0
Thomas Meunier,0.0
Toby Alderweireld,8.792610533851706
Vincent Kompany,10.272840405652177
Toby Alderweireld,0.0
Vincent Kompany,12.501649891114372
Jan Vertonghen,22.360260508321456
Nacer Chadli,0.0
Jan Vertonghen,0.0
Vincent Kompany,6.760177512462227
Jan Vertonghen,19.502339603237356
Eden Hazard,0.0
Jan Vertonghen,0.0
Vincent Kompany,0.0
Toby Alderweireld,13.577186748365806
Axel Witsel,10.051119340650567
Thomas Meunier,36.868550283405504
Axel Witsel,23.75799865308527
Marouane Fellaini,0.0
Axel Witsel,0.0
Marouane Fellaini,0.0
Thomas Meunier,50.71419919509723
Nacer Chadli,32.06633748964794
Vincent Kompany,10.401502295341766
Jan Vertonghen,8.768765591575583
Kevin De Bruyne,0.0
Axel Witsel,31.79152795950519
Thomas Meunier,19.884164553734713
Romelu Lukaku,55.82006807591693
Eden Hazard,33.2951948485063
Thomas Meunier,23.138712150852335
Axel Witsel,13.799999999999997
Kevin De Bruyne,21.411212016137714
Vincent Kompany,0.0
Vincent Kompany,20.011278070128355
Nacer Chadli,19.001184173624544
Jan Vertonghen,0.0
Vincent Kompany,12.103356972344486
Jan Vertonghen,20.385411450348503
Nacer Chadli,6.585685233899354
Kevin De Bruyne,56.20854027636723
Marouane Fellaini,0.0
Jan Vertonghen,27.585707350002824
Kevin De Bruyne,94.90337191059123
Thomas Meunier,47.61512364784954
Romelu Lukaku,0.0
Axel Witsel,0.0
Kevin De Bruyne,0.0
Dedryck Boyata,0.0
Toby Alderweireld,11.322599083249393
Thomas Meunier,13.473678042761744
Dries Mertens,18.87882411592417
Thomas Meunier,6.133106879877439
Kevin De Bruyne,6.440496875241848
Axel Witsel,0.0
Axel Witsel,0.0
Kevin De Bruyne,13.533661736573757
Dries Mertens,9.20434679920308
Kevin De Bruyne,0.0
Eden Hazard,0.0
Dedryck Boyata,0.0
Axel Witsel,0.0
Dedryck Boyata,11.407672856459376
Toby Alderweireld,20.006623903097694
Dries Mertens,53.58357957434349
Axel Witsel,20.60788683975143
Yannick Carrasco,0.0
Jan Vertonghen,0.0
Dedryck Boyata,10.793516572461451
Jan Vertonghen,16.102794788483145
Eden Hazard,0.0
Axel Witsel,7.431773005144869
Kevin De Bruyne,12.866429186064018
Axel Witsel,17.375593515042876
Yannick Carrasco,27.9415461275857
Romelu Lukaku,21.303755537463385
Toby Alderweireld,20.569911278369677
Thomas Meunier,44.91770252361536
Dries Mertens,56.56368092689864
Toby Alderweireld,16.536663811059352
Thomas Meunier,7.209108821484107
Dries Mertens,5.65552826887109
Thomas Meunier,25.24202844463971
Romelu Lukaku,0.0
Thomas Meunier,3.290896534380868
Toby Alderweireld,0.0
Kevin De Bruyne,0.0
Dries Mertens,0.0
Toby Alderweireld,0.0
Dedryck Boyata,7.300342457720733
Yannick Carrasco,32.0251463696889
Eden Hazard,0.0
Yannick Carrasco,16.419500601419045
Thomas Meunier,50.2362418976579
Romelu Lukaku,32.47660696562992
Yannick Carrasco,28.005736019608563
Romelu Lukaku,0.0
Kevin De Bruyne,55.05569906921533
Jan Vertonghen,15.289579784938502
Jan Vertonghen,0.0
Dries Mertens,12.664961508034677
Eden Hazard,22.045974689271517
Dries Mertens,73.14649684024516
Romelu Lukaku,0.0
Thomas Meunier,4.369782603288175
Kevin De Bruyne,0.0
Thomas Meunier,29.4656579767023
Dries Mertens,0.0
Kevin De Bruyne,20.62449999393923
Eden Hazard,58.56551886562606
Thomas Meunier,57.89309112493478
Kevin De Bruyne,0.0
Dedryck Boyata,9.498684119392536
Axel Witsel,0.0
Jan Vertonghen,24.196280705926682
Yannick Carrasco,11.597036259320745
Jan Vertonghen,0.0
Toby Alderweireld,10.536365597301566
Kevin De Bruyne,25.461171418455983
Thomas Meunier,0.0
Axel Witsel,0.0
Jan Vertonghen,27.86871005267377
Dedryck Boyata,0.0
Toby Alderweireld,0.0
Dedryck Boyata,8.33434160566988
Kevin De Bruyne,4.776504998427196
Toby Alderweireld,0.0
Kevin De Bruyne,0.0
Jan Vertonghen,14.689154162170125
Dedryck Boyata,8.41256500717825
Eden Hazard,16.402438843050138
Kevin De Bruyne,37.31219639742478
Dedryck Boyata,10.17846992430591
Thomas Meunier,0.0
Dries Mertens,28.251902590799066
Romelu Lukaku,13.670405992508051
Eden Hazard,77.78900950648492
Eden Hazard,23.07639486574973
Romelu Lukaku,30.59411708155671
Axel Witsel,0.0
Thomas Meunier,11.621155278198463
Toby Alderweireld,0.0
Dedryck Boyata,12.303708790442014
Jan Vertonghen,0.0
Toby Alderweireld,0.0
Dries Mertens,0.0
Axel Witsel,3.116087290176577
Kevin De Bruyne,9.711848433743187
Toby Alderweireld,9.105012355840053
Dedryck Boyata,11.25438803311846
Thomas Meunier,9.301679955792933
Toby Alderweireld,0.0
Jan Vertonghen,9.126609447105754
Axel Witsel,25.770137756713684
Eden Hazard,42.87336002694446
Yannick Carrasco,0.0
Kevin De Bruyne,0.0
Toby Alderweireld,19.0951564539283
Romelu Lukaku,0.0
Axel Witsel,13.477573965666075
Toby Alderweireld,0.0
Jan Vertonghen,19.34127710364546
Yannick Carrasco,0.0
Axel Witsel,21.04899047460471
Thomas Meunier,0.0
Toby Alderweireld,3.4323825544364954
Axel Witsel,0.0
Toby Alderweireld,11.756062265911998
Kevin De Bruyne,9.250135134148042
Eden Hazard,0.0
Kevin De Bruyne,0.0
Toby Alderweireld,12.278080061638303
Axel Witsel,0.0
Jan Vertonghen,31.289694789179393
Dries Mertens,0.0
Kevin De Bruyne,33.41855771872866
Kevin De Bruyne,5.1884487084291235
Eden Hazard,0.0
Kevin De Bruyne,13.377780084901968
Dries Mertens,0.0
Kevin De Bruyne,0.0
Jan Vertonghen,0.0
Dedryck Boyata,12.231925441237777
Axel Witsel,0.0
Dedryck Boyata,0.0
Toby Alderweireld,16.505150711217393
Romelu Lukaku,7.498333148106981
Eden Hazard,20.00624902374254
Dries Mertens,20.044949488586912
Romelu Lukaku,20.649455198624498
Romelu Lukaku,34.31883593596961
Thomas Meunier,0.0
Toby Alderweireld,0.0
Jan Vertonghen,8.9044932477935
Axel Witsel,0.0
Dedryck Boyata,7.281569199011984
Jan Vertonghen,nan
Axel Witsel,0.0
Axel Witsel,0.0
Jan Vertonghen,3.6333524464329088
Axel Witsel,7.8717850580411515
Axel Witsel,20.323416297463375
Jan Vertonghen,5.951890455981185
Axel Witsel,12.32923355282071
Eden Hazard,0.0
Yannick Carrasco,14.157065373868978
Eden Hazard,11.12115101956628
Toby Alderweireld,6.070008237226701
Kevin De Bruyne,41.146081222881946
Romelu Lukaku,17.8
Jan Vertonghen,4.503332099679081
Axel Witsel,6.054337288258724
Kevin De Bruyne,10.295630140987
Axel Witsel,9.334077351297227
Axel Witsel,4.847808783357692
Jan Vertonghen,24.687952527498105
Romelu Lukaku,4.512205669071386
Eden Hazard,4.322181162329965
Thomas Meunier,19.999781248803696
Eden Hazard,58.823889704779
Thomas Meunier,0.0
Dedryck Boyata,6.670925722866354
Toby Alderweireld,0.0
Dedryck Boyata,10.407269094243695
Thomas Meunier,9.22821759604747
Kevin De Bruyne,26.150334605889846
Thomas Meunier,46.402693887316474
Kevin De Bruyne,0.0
Axel Witsel,12.119405926034501
Kevin De Bruyne,36.4188138192336
Thomas Meunier,11.032282175506577
Dries Mertens,0.0
Thomas Meunier,17.107052639189487
Jan Vertonghen,22.12535310452694
Jan Vertonghen,0.0
Thomas Meunier,11.229481288109442
Axel Witsel,0.0
Kevin De Bruyne,17.042630372099254
Thomas Meunier,28.588109416329008
Dedryck Boyata,0.0
Jan Vertonghen,0.0
Toby Alderweireld,7.109940224783889
Dries Mertens,0.0
Toby Alderweireld,12.908185387574825
Axel Witsel,4.32565024013731
Dries Mertens,0.0
Toby Alderweireld,120.91716172653078
Dries Mertens,0.0
Kevin De Bruyne,0.0
Dedryck Boyata,8.913753418173515
Jan Vertonghen,10.01873245475694
Yannick Carrasco,18.708420564013416
Eden Hazard,10.91014436201465
Axel Witsel,0.0
Toby Alderweireld,11.503912377969506
Thomas Meunier,0.0
Toby Alderweireld,0.0
Jan Vertonghen,11.246999599893297
Thomas Meunier,0.0
Toby Alderweireld,25.485289874749313
Toby Alderweireld,24.475906520494803
Dedryck Boyata,12.195132225605429
Axel Witsel,0.0
Dedryck Boyata,34.29331203019037
Dries Mertens,0.0
Toby Alderweireld,14.669696656713803
Dries Mertens,102.48199841923459
Eden Hazard,0.0
Yannick Carrasco,0.0
Eden Hazard,0.0
Jan Vertonghen,9.055937278934744
Jan Vertonghen,0.0
Yannick Carrasco,5.040337290301116
Marouane Fellaini,27.621006498677776
Eden Hazard,15.280052355931241
Jan Vertonghen,9.503223137441317
Marouane Fellaini,13.41049029677886
Yannick Carrasco,19.00789309734249
Eden Hazard,35.44326452233202
Thomas Meunier,36.2154663092994
Eden Hazard,12.43261838873855
Toby Alderweireld,3.7107950630558957
Marouane Fellaini,11.349669598715195
Axel Witsel,0.0
Marouane Fellaini,13.704561284477515
Thomas Meunier,0.0
Dries Mertens,13.299999999999997
Axel Witsel,16.14465855941217
Yannick Carrasco,15.160804727981962
Thomas Meunier,8.397618710086807
Axel Witsel,0.0
Thomas Meunier,0.0
Yannick Carrasco,26.02424350485524
Michy Batshuayi,0.0
Thomas Meunier,0.0
Axel Witsel,0.0
Axel Witsel,0.0
Jan Vertonghen,11.115079846766735
Kevin De Bruyne,0.0
Marouane Fellaini,18.791620472966134
Thomas Meunier,0.0
Marouane Fellaini,0.0
Toby Alderweireld,0.0
Toby Alderweireld,23.456449006616495
Toby Alderweireld,6.9130311730817455
Marouane Fellaini,0.0
Toby Alderweireld,9.175510884958943
Thomas Meunier,37.33605830828959
Marouane Fellaini,0.0
Axel Witsel,20.332363364842752
Toby Alderweireld,6.290568336803915
Marouane Fellaini,33.41378832158964
Dedryck Boyata,0.0
Jan Vertonghen,8.24621125123532
Axel Witsel,6.228964600958972
Marouane Fellaini,0.0
Axel Witsel,9.83488688292855
Marouane Fellaini,0.0
Axel Witsel,0.0
Toby Alderweireld,22.408285298076695
Thomas Meunier,0.0
Toby Alderweireld,9.92899793534071
Axel Witsel,0.0
Jan Vertonghen,89.73672603789377
Yannick Carrasco,21.709214633422366
Michy Batshuayi,14.867750334196467
Dries Mertens,85.47093073086313
Yannick Carrasco,0.0
Axel Witsel,1.6507574019219198
Yannick Carrasco,12.188570465809352
Jan Vertonghen,0.0
Dedryck Boyata,12.854765653250938
Toby Alderweireld,11.696634131236216
Dedryck Boyata,0.0
Jan Vertonghen,20.7848803220033
Dries Mertens,10.107979521150599
Kevin De Bruyne,35.42033314354907
Michy Batshuayi,8.570297544426317
Kevin De Bruyne,47.37298808392813
Yannick Carrasco,0.0
Dries Mertens,38.05798207997896
Axel Witsel,0.0
Toby Alderweireld,10.657626377388171
Axel Witsel,0.0
Jan Vertonghen,21.50581316760657
Kevin De Bruyne,60.61025078318025
Yannick Carrasco,0.0
Kevin De Bruyne,52.12791958250398
Kevin De Bruyne,17.232527382830405
Dedryck Boyata,14.131525041551596
Marouane Fellaini,0.0
Axel Witsel,23.54782367863323
Kevin De Bruyne,0.0
Jan Vertonghen,0.0
Toby Alderweireld,11.279683062923361
Axel Witsel,0.0
Dedryck Boyata,7.13512438574129
Axel Witsel,0.0
Toby Alderweireld,6.945592127385545
Axel Witsel,0.0
Dedryck Boyata,8.041221922071296
Toby Alderweireld,31.39890523569254
Michy Batshuayi,0.0
Thomas Meunier,0.0
Marouane Fellaini,9.378965827851173
Dedryck Boyata,6.9079664156682155
Jan Vertonghen,45.69782544060493
Marouane Fellaini,0.0
Toby Alderweireld,19.75680262593115
Thomas Meunier,0.0
Axel Witsel,0.0
Dedryck Boyata,14.74601641122103
Axel Witsel,17.219175357722566
Toby Alderweireld,0.0
Yannick Carrasco,13.471868838435146
Thomas Meunier,50.635980290698406
Dedryck Boyata,7.700649323271381
Axel Witsel,13.520355024924456
Jan Vertonghen,4.52341132332668
Kevin De Bruyne,0.0
Dedryck Boyata,15.851971486222151
Axel Witsel,11.458621208504969
Marouane Fellaini,11.994165248152957
Thomas Meunier,56.28712108466729
Marouane Fellaini,0.0
Toby Alderweireld,10.734989520255715
Thomas Meunier,16.928969253915014
Youri Tielemans,6.75018518264499
Thomas Meunier,14.581880880051102
Toby Alderweireld,0.0
Jan Vertonghen,9.031680353068305
Jan Vertonghen,0.0
Toby Alderweireld,11.669618674146985
Marouane Fellaini,49.54414698024379
Yannick Carrasco,0.0
Dedryck Boyata,21.449038439986065
Marouane Fellaini,21.725215764175964
Youri Tielemans,67.72776387863398
Toby Alderweireld,13.541417946433823
Thomas Meunier,0.0
Axel Witsel,7.168681887209114
Kevin De Bruyne,0.0
Toby Alderweireld,9.324765412598861
Toby Alderweireld,6.087795167382032
Kevin De Bruyne,158.18482860249273
Marouane Fellaini,0.0
Axel Witsel,0.0
Marouane Fellaini,5.25594901040716
Axel Witsel,0.0
Dedryck Boyata,10.031014405333092
Jan Vertonghen,28.939937802282852
Michy Batshuayi,6.1269894728161605
Michy Batshuayi,0.0
Jan Vertonghen,26.56360291827899
Yannick Carrasco,0.0
Jan Vertonghen,0.0
Dedryck Boyata,11.609532721001306
Kevin De Bruyne,29.944615542698156
Axel Witsel,6.369458375717661
Dries Mertens,17.88854381999832
Kevin De Bruyne,86.50971043761506
Yannick Carrasco,19.204426573058626
Thomas Meunier,0.0
Toby Alderweireld,6.470799796006672
Dedryck Boyata,15.214631116132917
Axel Witsel,0.0
Jan Vertonghen,0.0
Dedryck Boyata,12.462393429835219
Toby Alderweireld,21.731658933454668
Thomas Meunier,0.0
Toby Alderweireld,0.0
Dedryck Boyata,0.0
Jan Vertonghen,0.0
Dedryck Boyata,8.372051719859355
Kevin De Bruyne,9.38083151964686
Axel Witsel,22.68744145997957
Thomas Meunier,0.0
Toby Alderweireld,0.0
Dedryck Boyata,8.035234906335969
Jan Vertonghen,15.837337213054473
Eden Hazard,0.0
Kevin De Bruyne,12.832039978117274
Yannick Carrasco,0.0
Kevin De Bruyne,23.092098215623455
Toby Alderweireld,0.0
Axel Witsel,0.0
Toby Alderweireld,10.026527315077738
Thomas Meunier,0.0
Axel Witsel,23.515314159075142
Kevin De Bruyne,16.614000120380396
Eden Hazard,50.969794977025344
Kevin De Bruyne,89.05868851493378
Yannick Carrasco,0.0
Jan Vertonghen,79.77574819454848
Eden Hazard,12.099638424349713
Toby Alderweireld,10.917188282703568
Axel Witsel,0.0
Thomas Meunier,0.0
Dedryck Boyata,10.143224339429743
Jan Vertonghen,13.446932735757997
Toby Alderweireld,29.915297090284767
Thomas Meunier,25.526652737873803
Dries Mertens,46.234294630717585
Jan Vertonghen,11.11266169736126
Kevin De Bruyne,6.228964600958974
Yannick Carrasco,23.792856070678017
Eden Hazard,33.53147774852756
Eden Hazard,57.87054518492116
Eden Hazard,50.004899759923525
Thomas Meunier,0.0
Toby Alderweireld,0.0
Dedryck Boyata,11.031092420970822
Kevin De Bruyne,0.0
Toby Alderweireld,0.0
Dedryck Boyata,12.48619237397855
Toby Alderweireld,7.6226635764672235
Kevin De Bruyne,0.0
Toby Alderweireld,0.0
Thomas Meunier,0.0
Toby Alderweireld,0.0
Dedryck Boyata,0.0
Jan Vertonghen,14.071957930579526
Toby Alderweireld,32.34872485894921
Thomas Meunier,0.0
Toby Alderweireld,0.0
Dedryck Boyata,7.223572523343279
Jan Vertonghen,0.0
Toby Alderweireld,0.0
Jan Vertonghen,16.964079697997168
Yannick Carrasco,61.37851822910032
Jan Vertonghen,0.0
Toby Alderweireld,8.513004757428481
Dedryck Boyata,22.083930809527548
Axel Witsel,0.0
Jan Vertonghen,15.187865221946106
Yannick Carrasco,7.76659513557905
Yannick Carrasco,0.0
Jan Vertonghen,0.0
Toby Alderweireld,0.0
Dedryck Boyata,11.111255554616676
Toby Alderweireld,11.420650156624191
Thomas Meunier,42.30189121067758
Jan Vertonghen,0.0
Dedryck Boyata,11.792370414806348
Kevin De Bruyne,0.0
Toby Alderweireld,11.094142598686929
Kevin De Bruyne,25.345832990848812
Dries Mertens,7.169379331573967
Jan Vertonghen,0.0
Toby Alderweireld,0.0
Axel Witsel,12.166347027764745
Yannick Carrasco,9.65407944860617
Dedryck Boyata,5.191459332403557
Dedryck Boyata,4.1714805525136995
Jan Vertonghen,12.602579101120531
Axel Witsel,0.0
Yannick Carrasco,0.0
Jan Vertonghen,7.211102550927978
Axel Witsel,0.0
Dedryck Boyata,8.730120274085577
Toby Alderweireld,20.96675940626018
Dedryck Boyata,12.497199686329733
Toby Alderweireld,0.0
Axel Witsel,0.0
Dedryck Boyata,12.848394841379992
Jan Vertonghen,0.0
Dedryck Boyata,21.65409891914231
Dries Mertens,72.97588642832643
Kevin De Bruyne,50.103193510992895
Jan Vertonghen,0.0
Kevin De Bruyne,0.0
Thomas Meunier,0.0
Kevin De Bruyne,0.0
Dedryck Boyata,9.201698212830065
Toby Alderweireld,0.0
Dedryck Boyata,9.034932207825356
Axel Witsel,20.0953974830059
Axel Witsel,0.0
Jan Vertonghen,0.0
Toby Alderweireld,0.0
Dedryck Boyata,9.433981132056601
Jan Vertonghen,4.087175063537161
Axel Witsel,0.0
Jan Vertonghen,0.0
Dedryck Boyata,7.506746965230678
Toby Alderweireld,41.94931465471158
Eden Hazard,80.766577245789
Axel Witsel,0.0
Thomas Meunier,0.0
Toby Alderweireld,8.09266643325919
Dedryck Boyata,12.016863151421836
Jan Vertonghen,14.126968889326543
Toby Alderweireld,0.0
Dedryck Boyata,8.372275676302111
Jan Vertonghen,0.0
Dedryck Boyata,14.351698505751855
Toby Alderweireld,0.0
Dedryck Boyata,10.416573332915195
Jan Vertonghen,25.929230609487814
Yannick Carrasco,5.74989130332045
Dries Mertens,24.940128307609008
Thomas Meunier,40.01413812641727
Eden Hazard,0.0
Kevin De Bruyne,74.93383748347604
Kevin De Bruyne,0.0
Dedryck Boyata,0.0
Thomas Meunier,0.0
Toby Alderweireld,0.0
Dedryck Boyata,11.837862982819154
Jan Vertonghen,14.764865390514066
Yannick Carrasco,0.0
Jan Vertonghen,19.637846114072694
Toby Alderweireld,32.95210539555856
Kevin De Bruyne,3.0830180018935964
Yannick Carrasco,8.354639429682177
Kevin De Bruyne,28.838906012537976
Kevin De Bruyne,0.0
Eden Hazard,0.0
Thomas Meunier,0.0
Toby Alderweireld,0.0
Dedryck Boyata,14.176036117335485
Kevin De Bruyne,0.0
Toby Alderweireld,10.722872749408156
Thomas Meunier,0.0
Toby Alderweireld,0.0
Dedryck Boyata,9.932018928697223
Jan Vertonghen,15.882852388661174
Toby Alderweireld,0.0
Dedryck Boyata,0.0
Jan Vertonghen,13.708573959387607
Toby Alderweireld,22.982710893190987
Dedryck Boyata,14.055603864651285
Axel Witsel,0.0
Thomas Meunier,0.0
Axel Witsel,0.0
Dedryck Boyata,2.7101660465735287
Axel Witsel,5.1118734334879585
Jan Vertonghen,16.089165609191802
Jan Vertonghen,0.0
Axel Witsel,0.0
Yannick Carrasco,4.825971404805464
Axel Witsel,0.0
Toby Alderweireld,0.0
Dedryck Boyata,9.121403400793106
Jan Vertonghen,30.649306680575986
Dries Mertens,0.0
Jan Vertonghen,14.135239651311187
Toby Alderweireld,0.0
Dedryck Boyata,16.15027089556085
Axel Witsel,0.0
Jan Vertonghen,26.733897022319816
Romelu Lukaku,0.0
Dedryck Boyata,6.697107584621887
Dedryck Boyata,8.98359616189419
Kevin De Bruyne,24.293646288690386
Yannick Carrasco,14.951254127998771
Kevin De Bruyne,15.412008305214478
Eden Hazard,13.78699568433964
Dedryck Boyata,0.0
Dedryck Boyata,9.936297097007515
Kevin De Bruyne,0.0
Dedryck Boyata,11.483466375620214
Axel Witsel,0.0
Jan Vertonghen,67.60073964092406
Yannick Carrasco,26.98758974047148
Eden Hazard,46.9552978906534
Axel Witsel,25.553864678361276
Kevin De Bruyne,58.49991452985209
Dries Mertens,0.0
Dedryck Boyata,0.0
Toby Alderweireld,0.0
Dedryck Boyata,9.689233715831195
Jan Vertonghen,16.633851027347813
Toby Alderweireld,8.121576201698776
Thomas Meunier,19.894785749034845
Jan Vertonghen,7.004373633666325
Kevin De Bruyne,17.519453473210856
Toby Alderweireld,16.42167013430729
Dries Mertens,0.0
Toby Alderweireld,0.0
Kevin De Bruyne,66.40007530116216
Kevin De Bruyne,68.3941517967728
Toby Alderweireld,10.943491216243563
Dedryck Boyata,7.816329061650359
Toby Alderweireld,0.0
Dedryck Boyata,13.977839604173463
Kevin De Bruyne,60.40397337924056
Thomas Meunier,10.966767983321251
Thomas Meunier,15.807276805319754
Dedryck Boyata,0.0
Dedryck Boyata,11.768655403231074
Jan Vertonghen,19.43424812026439
Toby Alderweireld,0.0
Dedryck Boyata,7.773351915358002
Axel Witsel,0.0
Jan Vertonghen,14.599700339390534
Toby Alderweireld,0.0
Dedryck Boyata,12.211674741819811
Toby Alderweireld,12.192620719107117
Thomas Meunier,6.825137361255079
Dries Mertens,0.0
Thomas Meunier,0.0
Toby Alderweireld,0.0
Toby Alderweireld,11.010449582101543
Dries Mertens,16.67288217435725
Eden Hazard,37.83384727991587
Romelu Lukaku,4.839550598970943
Axel Witsel,0.0
Thomas Meunier,0.0
Jan Vertonghen,7.342428072511165
Jan Vertonghen,42.52058325093859
Toby Alderweireld,0.0
Axel Witsel,39.685261747908406
Eden Hazard,10.031076711898878
Toby Alderweireld,15.073901286660988
Dedryck Boyata,8.119421161634612
Kevin De Bruyne,50.070350508060166
Jan Vertonghen,10.853801177467734
Dedryck Boyata,12.649950592788892
Toby Alderweireld,51.06271878778097
Romelu Lukaku,0.0
Axel Witsel,9.367029945505674
Yannick Carrasco,0.0
Dedryck Boyata,16.47061777833485
Kevin De Bruyne,0.0
Axel Witsel,0.0
Jan Vertonghen,22.466224649459914
Yannick Carrasco,0.0
Jan Vertonghen,0.0
Toby Alderweireld,0.0
Axel Witsel,11.575026997808685
Toby Alderweireld,14.149293268569988
Kevin De Bruyne,0.0
Thomas Meunier,0.0
Dedryck Boyata,17.218340512372265
Axel Witsel,35.60688135740056
Kevin De Bruyne,59.355286200977936
Dedryck Boyata,7.63511624011056
Dedryck Boyata,7.405487829981225
Dries Mertens,10.219650189708057
Thomas Meunier,5.10196040752964
Kevin De Bruyne,23.220276699471086
Romelu Lukaku,0.0
Dedryck Boyata,10.095605479613395
Jan Vertonghen,25.30148217002316
Axel Witsel,0.0
Dedryck Boyata,12.083045973594578
Kevin De Bruyne,16.836418859127978
Dries Mertens,32.6974005082973
Romelu Lukaku,25.200198411917334
Axel Witsel,42.4340665032236
Dedryck Boyata,0.0
Toby Alderweireld,20.56270896550355
Dedryck Boyata,19.45844932156723
Eden Hazard,0.0
Jan Vertonghen,16.888494604315678
Thomas Meunier,9.471536306217699
Dedryck Boyata,13.609188072769072
Axel Witsel,6.907333059871949
Kevin De Bruyne,0.0
Axel Witsel,0.0
Dedryck Boyata,15.150742556059752
Eden Hazard,12.485191228010882
Toby Alderweireld,7.6073155580664595
Dedryck Boyata,7.273324549337806
Axel Witsel,0.0
Jan Vertonghen,15.88584275384847
Kevin De Bruyne,17.540560139288598
Dries Mertens,0.0
Kevin De Bruyne,8.318954261203752
Dries Mertens,12.041594578792294
Romelu Lukaku,20.861447696648497
Thomas Meunier,20.45702813216035
Kevin De Bruyne,0.0
Toby Alderweireld,0.0
Dedryck Boyata,10.538085689535837
Toby Alderweireld,15.778466338652821
Thomas Meunier,0.0
Axel Witsel,0.0
Toby Alderweireld,16.69075342817094
Jan Vertonghen,22.506110281432466
Eden Hazard,41.88472275185786
Axel Witsel,14.080127840328712
Eden Hazard,0.0
Jan Vertonghen,46.26402490056396
Dedryck Boyata,14.036069606552966
Toby Alderweireld,21.247352776287173
Dries Mertens,0.0
Toby Alderweireld,14.863461911681268
Dries Mertens,12.813371921551346
Thomas Meunier,0.0
Toby Alderweireld,2.6327267233801552
Thomas Meunier,26.043137291808744
Axel Witsel,0.0
Toby Alderweireld,9.005623243285275
Kevin De Bruyne,29.091085404295253
Thomas Meunier,75.61911134098312
Thomas Meunier,0.0
Kevin De Bruyne,0.0
Toby Alderweireld,0.0
Dedryck Boyata,0.0
Toby Alderweireld,16.31261015288479
Thomas Meunier,0.0
Kevin De Bruyne,0.0
Axel Witsel,49.402125460348394
Eden Hazard,9.512623192369183
Romelu Lukaku,5.879625838435665
Thomas Meunier,0.0
Toby Alderweireld,0.0
Dedryck Boyata,10.502618721061907
Toby Alderweireld,0.0
Dedryck Boyata,13.243913696487153
Jan Vertonghen,21.01868216611118
Eden Hazard,0.0
Jan Vertonghen,0.0
Dedryck Boyata,8.094751385929028
Toby Alderweireld,19.11939460338637
Axel Witsel,0.0
Kevin De Bruyne,12.779720262979147
Yannick Carrasco,0.0
Jan Vertonghen,16.40868672380578
Eden Hazard,0.0
Thomas Meunier,0.0
Toby Alderweireld,0.0
Dedryck Boyata,10.001249921884769
Jan Vertonghen,18.469975636150686
Yannick Carrasco,0.0
Jan Vertonghen,0.0
Dedryck Boyata,12.987686476043379
Toby Alderweireld,31.134566802831856
Dries Mertens,0.0
Axel Witsel,0.0
Thomas Meunier,0.0
Toby Alderweireld,14.894336171847339
Kevin De Bruyne,0.0
Toby Alderweireld,18.246780537946968
Dries Mertens,9.478462428052351
Thomas Meunier,0.0
Toby Alderweireld,0.0
Axel Witsel,5.570008976653453
Toby Alderweireld,13.783368601325291
Dries Mertens,40.64704786328277
Thomas Meunier,0.0
Eden Hazard,0.0
Axel Witsel,0.0
Dedryck Boyata,12.165525060596442
Jan Vertonghen,15.518376203714107
Kevin De Bruyne,0.0
Jan Vertonghen,5.209726480344236
Kevin De Bruyne,0.0
Jan Vertonghen,0.0
Axel Witsel,9.386160024205852
Toby Alderweireld,24.86966023089177
Jan Vertonghen,15.158578429391055
Eden Hazard,19.89195817409634
Kevin De Bruyne,53.69851022142047
Eden Hazard,26.85386378158645
Kevin De Bruyne,35.302266216207705
Toby Alderweireld,12.316300174971376
Axel Witsel,11.444267123761136
Jan Vertonghen,0.0
Dedryck Boyata,10.667239567948215
Toby Alderweireld,0.0
Dedryck Boyata,12.078958978322598
Axel Witsel,0.0
Toby Alderweireld,0.0
Dedryck Boyata,8.06047455178664
Toby Alderweireld,0.0
Dedryck Boyata,10.222035022440492
Toby Alderweireld,23.668122020980032
Romelu Lukaku,46.07222590672173
Yannick Carrasco,85.26101101910537
Eden Hazard,55.2405648052226
Axel Witsel,7.782673062643697
Jan Vertonghen,16.105899540230606
Axel Witsel,27.071941193789574
Toby Alderweireld,0.0
Kevin De Bruyne,6.789053689580015
Axel Witsel,8.900280894443725
Eden Hazard,87.05819892462743
Kevin De Bruyne,64.41024763187919
Dries Mertens,0.0
Dedryck Boyata,7.411140263144399
Toby Alderweireld,13.583077707206122
Kevin De Bruyne,0.0
Toby Alderweireld,0.0
Dedryck Boyata,12.182774724995944
Axel Witsel,0.0
Dedryck Boyata,10.261639732518384
Toby Alderweireld,15.177779811289922
Kevin De Bruyne,29.138462553813653
Mousa Dembélé,61.704132762725045
Toby Alderweireld,3.258066911528981
Axel Witsel,18.788294228055936
Kevin De Bruyne,41.356876695417895
Toby Alderweireld,0.0
Jan Vertonghen,34.46483715324939
Jan Vertonghen,0.0
Dedryck Boyata,0.0
Toby Alderweireld,28.277641344355434
Thomas Meunier,14.37532608325808
Dries Mertens,17.804493814764847
Mousa Dembélé,15.73121896103413
Romelu Lukaku,5.860034129593445
Mousa Dembélé,9.237491542621296
Eden Hazard,23.33838040653207
Romelu Lukaku,2.8844410203712165
Eden Hazard,12.529964086141662
Eden Hazard,0.0
Axel Witsel,0.0
Dedryck Boyata,24.496632421620735
Mousa Dembélé,0.0
Axel Witsel,7.171122645722911
Mousa Dembélé,0.0
Jan Vertonghen,16.86475615003075
Axel Witsel,0.0
Jan Vertonghen,11.443393290453667
Kevin De Bruyne,0.0
Toby Alderweireld,16.604818577750255
Thomas Meunier,6.926128066964974
Kevin De Bruyne,11.090142018928345
Thomas Meunier,15.44571137889092
Romelu Lukaku,61.26793614934324
Jan Vertonghen,20.293964620053913
Toby Alderweireld,0.0
Toby Alderweireld,12.5049990003998
Kevin De Bruyne,0.0
Toby Alderweireld,0.0
Dedryck Boyata,8.066597795849251
Kevin De Bruyne,0.0
Kevin De Bruyne,7.572400544081118
Thorgan Hazard,4.733392018415546
Nacer Chadli,11.50043477439005
Eden Hazard,0.0
Nacer Chadli,0.0
Kevin De Bruyne,0.0
Mousa Dembélé,7.885429601486524
Jan Vertonghen,14.472085198754181
Eden Hazard,46.76109494013156
Thorgan Hazard,59.614176166411966
Mousa Dembélé,28.24181297296615
Eden Hazard,189.17431115243946
Mousa Dembélé,7.733773335183802
Thorgan Hazard,6.274651384738439
Nacer Chadli,0.0
