Player,Score
Stipe Pletikosa,72.61366373679542
Lovre Kalinic,52.5597909738893
Danijel Subasic,42.160969864101304
Robert Kovac,23.512495036350103
Ivan Bosnjak,22.06173157302027
Stjepan Tomas,21.97204969073659
Darijo Srna,19.60642995207136
Marko Babic,19.508746724996787
Josip Simunic,18.90279865835672
Vedran Corluka,18.517832401285425
Igor Tudor,17.990480144005907
Dario Simic,16.828301491069446
Niko Kovac,16.720502806339418
Eduardo Alves da Silva,15.982295383474419
Nikica Jelavic,15.233460842517706
Duje Caleta-Car,13.603148941063163
Dejan Lovren,13.212563640606568
Domagoj Vida,13.198815140474345
Ivan Rakitic,13.037160677054544
Luka Modric,12.900384527115488
Ivan Klasnic,11.885111864207296
Niko Kranjcar,11.794830977307726
Jerko Leko,11.675535010355805
Jorge Sammir Cruz Campos,11.431361513574167
Milan Badelj,10.639682570410852
Dado Prso,10.368146913065239
Ante Rebic,10.161876961760404
Josip Pivaric,8.499159933983858
Marcelo Brozovic,8.356859648263665
Ivan Strinic,6.690562291748682
Sime Vrsaljko,6.531986535127636
Ivica Olic,6.356924537209686
Ivan Perisic,6.074928777441907
Filip Bradaric,5.978959860387889
Andrej Kramaric,5.335270927582491
Mario Mandzukic,5.264949651835633
Danijel Pranjic,4.611990743936646
Mateo Kovacic,4.2224685186730175
Tin Jedvaj,2.3930612985206525
Marko Pjaca,1.6608737626138563
