Player,Score
Antoine Griezmann,-41.0
Raphael Varane,6.646803743153546
Benjamin Pavard,29.200000000000003
Kylian Mbappé,15.839191898578648
Benjamin Pavard,25.17300141024109
Blaise Matuidi,28.849956672411146
Paul Pogba,14.707821048680197
Benjamin Pavard,-51.39999999999999
Raphael Varane,-1.0
Samuel Umtiti,6.0
Lucas Hernández,-29.0
Samuel Umtiti,-6.200000000000003
Raphael Varane,47.400000000000006
Benjamin Pavard,-10.0
Paul Pogba,-0.5999999999999943
Benjamin Pavard,-40.0
Raphael Varane,-9.799999999999997
N'Golo Kanté,-2.0
Raphael Varane,27.0
Benjamin Pavard,13.799999999999983
Kylian Mbappé,-46.39999999999999
Raphael Varane,-9.200000000000003
N'Golo Kanté,1.2000000000000028
Samuel Umtiti,-8.400000000000006
N'Golo Kanté,6.363961030678922
Raphael Varane,-10.32375900532359
N'Golo Kanté,24.041630560342615
Benjamin Pavard,-32.8
Raphael Varane,-25.45584412271571
Hugo Lloris,12.869343417595164
Raphael Varane,13.435028842544403
Benjamin Pavard,30.688434303496155
Olivier Giroud,-14.600000000000009
N'Golo Kanté,9.599999999999994
Lucas Hernández,-9.599999999999994
N'Golo Kanté,-14.199999999999989
Samuel Umtiti,-6.400000000000006
Raphael Varane,-29.799999999999997
N'Golo Kanté,45.53767670841366
Benjamin Pavard,2.0
Hugo Lloris,83.72144289248723
Lucas Hernández,34.8
Benjamin Pavard,2.4000000000000057
Hugo Lloris,8.909545442950499
Samuel Umtiti,-16.4048773235279
Hugo Lloris,8.202438661763953
Raphael Varane,114.2684558397461
Benjamin Pavard,30.200000000000003
Blaise Matuidi,11.200000000000003
Antoine Griezmann,54.30580079512682
Lucas Hernández,5.374011537017777
Paul Pogba,24.607315985291862
Blaise Matuidi,-5.0
N'Golo Kanté,9.0
Paul Pogba,74.38763338082484
Kylian Mbappé,4.242640687119285
Raphael Varane,67.74082963767127
Benjamin Pavard,-12.445079348883237
Samuel Umtiti,18.667619023324857
N'Golo Kanté,9.192388155425117
Antoine Griezmann,1.2727922061357835
Paul Pogba,112.28855685242374
Lucas Hernández,19.657568516986025
Samuel Umtiti,-2.9698484809835017
Raphael Varane,7.2124891681027865
Benjamin Pavard,11.455129855222067
Kylian Mbappé,25.200000000000003
Paul Pogba,-31.60000000000001
Benjamin Pavard,-6.799999999999997
Samuel Umtiti,23.799999999999997
Blaise Matuidi,-2.5999999999999943
Lucas Hernández,-6.123724356957945
Antoine Griezmann,-19.400000000000006
N'Golo Kanté,24.19999999999999
Blaise Matuidi,11.313708498984761
Raphael Varane,12.727922061357855
Lucas Hernández,-6.646803743153546
Samuel Umtiti,6.646803743153546
Lucas Hernández,6.929646455628169
Blaise Matuidi,-0.4000000000000057
Paul Pogba,-23.19310242291876
Raphael Varane,-9.192388155425117
Hugo Lloris,45.39625535217634
Hugo Lloris,79.90306627407988
Olivier Giroud,24.890158697766466
Olivier Giroud,12.445079348883212
Raphael Varane,12.020815280171304
N'Golo Kanté,-15.400000000000006
Raphael Varane,5.800000000000011
Samuel Umtiti,23.599999999999994
Blaise Matuidi,34.78965363437815
Olivier Giroud,23.758787847868014
Lucas Hernández,18.0
Antoine Griezmann,-12.399999999999991
Paul Pogba,22.799999999999983
Benjamin Pavard,16.80000000000001
Benjamin Pavard,1.9798989873223412
Olivier Giroud,23.758787847868014
N'Golo Kanté,1.9798989873223412
Kylian Mbappé,4.242640687119285
Benjamin Pavard,10.040916292848976
Hugo Lloris,18.10193359837562
Samuel Umtiti,9.616652224137047
N'Golo Kanté,-12.0
Samuel Umtiti,-0.848528137423854
Raphael Varane,13.859292911256338
Benjamin Pavard,23.599999999999994
Kylian Mbappé,11.399999999999991
Olivier Giroud,-44.39999999999999
Benjamin Pavard,7.200000000000003
Paul Pogba,-9.799999999999997
Benjamin Pavard,32.0
Kylian Mbappé,-29.0
Benjamin Pavard,1.7999999999999972
N'Golo Kanté,-19.19999999999999
Raphael Varane,0.0
Samuel Umtiti,118.22825381439074
Benjamin Pavard,-24.60731598529185
Hugo Lloris,154.7149637236166
Olivier Giroud,24.890158697766484
N'Golo Kanté,2.0
Kylian Mbappé,12.982295636750838
Benjamin Pavard,-18.61612204515214
Kylian Mbappé,-16.999999999999986
N'Golo Kanté,-24.60000000000001
Raphael Varane,11.599999999999994
Samuel Umtiti,-1.7999999999999972
Raphael Varane,17.799999999999997
Benjamin Pavard,2.1999999999999886
Paul Pogba,-0.7999999999999972
N'Golo Kanté,17.536248173426387
Blaise Matuidi,11.030865786510157
Olivier Giroud,9.050966799187776
Lucas Hernández,4.808326112068531
Antoine Griezmann,11.030865786510157
Lucas Hernández,4.898979485566356
Lucas Hernández,0.0
Antoine Griezmann,6.123724356957945
Lucas Hernández,-2.694438717061482
Lucas Hernández,9.192388155425117
Olivier Giroud,-6.3999999999999915
Benjamin Pavard,11.172287142747448
Benjamin Pavard,22.20315292925759
Raphael Varane,6.222539674441621
Samuel Umtiti,15.697770542341358
Lucas Hernández,-7.0
N'Golo Kanté,-14.200000000000003
Samuel Umtiti,4.200000000000003
Raphael Varane,52.000000000000014
Benjamin Pavard,-3.799999999999997
Kylian Mbappé,-31.799999999999997
Raphael Varane,10.199999999999989
Blaise Matuidi,-10.0
Paul Pogba,0.0
Benjamin Pavard,63.9224530192639
Samuel Umtiti,16.39999999999999
N'Golo Kanté,15.400000000000006
Antoine Griezmann,8.768124086713172
Benjamin Pavard,51.76021638285527
Hugo Lloris,38.04234482783625
Lucas Hernández,-11.0
Samuel Umtiti,8.626702730475877
Lucas Hernández,68.6
Olivier Giroud,66.46803743153546
Antoine Griezmann,2.5455844122715874
Blaise Matuidi,-10.287856919689355
Antoine Griezmann,-29.393876913398138
Lucas Hernández,10.532805893967659
Antoine Griezmann,3.6742346141747673
Lucas Hernández,9.063112048297766
N'Golo Kanté,17.536248173426387
Antoine Griezmann,89.09545442950501
Kylian Mbappé,9.33380951166242
Paul Pogba,25.60000000000001
Lucas Hernández,-13.599999999999994
N'Golo Kanté,-23.19999999999999
Raphael Varane,16.404877323527895
Antoine Griezmann,27.15290039756345
Samuel Umtiti,6.363961030678928
N'Golo Kanté,1.6970562748477132
Blaise Matuidi,6.788225099390853
N'Golo Kanté,-6.0
Antoine Griezmann,4.800000000000011
Olivier Giroud,30.60000000000001
Paul Pogba,32.999999999999986
Kylian Mbappé,15.839191898578648
Benjamin Pavard,19.10601999370878
Kylian Mbappé,49.49747468305833
Kylian Mbappé,11.879393923934007
Benjamin Pavard,28.849956672411107
Paul Pogba,-24.24994845355348
Benjamin Pavard,27.435743110038054
Lucas Hernández,31.11269837220809
Kylian Mbappé,43.840620433565945
N'Golo Kanté,9.599999999999994
Antoine Griezmann,18.200000000000003
Paul Pogba,33.400000000000006
Blaise Matuidi,8.202438661763967
Lucas Hernández,-27.434285119171584
N'Golo Kanté,4.000000000000014
Paul Pogba,56.568542494923804
Olivier Giroud,-4.242640687119285
Blaise Matuidi,-7.212489168102781
Lucas Hernández,-2.6870057685088784
N'Golo Kanté,-4.808326112068521
Raphael Varane,34.64823227814083
Benjamin Pavard,-44.0
Raphael Varane,0.5999999999999943
Samuel Umtiti,19.39999999999999
Antoine Griezmann,41.999999999999986
Kylian Mbappé,0.0
N'Golo Kanté,-2.1999999999999886
Benjamin Pavard,5.000000000000014
Antoine Griezmann,-0.20000000000001705
Antoine Griezmann,63.356767594314675
N'Golo Kanté,23.05168106668145
Antoine Griezmann,10.4651803615609
Benjamin Pavard,1.3999999999999915
Paul Pogba,21.200000000000003
Hugo Lloris,11.313708498984761
Samuel Umtiti,14.142135623730951
Lucas Hernández,-22.999999999999993
Samuel Umtiti,-3.1112698372208083
Raphael Varane,9.758073580374354
Benjamin Pavard,29.80000000000001
Benjamin Pavard,58.124177413534206
Samuel Umtiti,0.4242640687119295
Hugo Lloris,15.273506473629425
Samuel Umtiti,13.435028842544403
Blaise Matuidi,-13.717871555019027
Samuel Umtiti,-20.22325394193526
Hugo Lloris,18.38477631085024
Raphael Varane,13.435028842544408
N'Golo Kanté,-1.7999999999999972
Samuel Umtiti,46.0
Lucas Hernández,32.000000000000014
Blaise Matuidi,12.16223663640865
Antoine Griezmann,4.808326112068531
Antoine Griezmann,9.599999999999994
N'Golo Kanté,-18.39999999999999
Samuel Umtiti,13.599999999999994
N'Golo Kanté,11.400000000000006
Lucas Hernández,31.10851973334637
Antoine Griezmann,-0.4898979485566426
Antoine Griezmann,22.910259710444127
Lucas Hernández,33.65828278447967
Blaise Matuidi,10.799999999999997
Antoine Griezmann,-14.400000000000006
N'Golo Kanté,4.384062043356597
Benjamin Pavard,20.599999999999994
Paul Pogba,-19.60000000000001
Benjamin Pavard,1.0
Paul Pogba,-24.0
Raphael Varane,8.200000000000003
Paul Pogba,24.799999999999997
N'Golo Kanté,7.799999999999997
Raphael Varane,14.000714267493644
Kylian Mbappé,9.799999999999997
Paul Pogba,30.60000000000001
Kylian Mbappé,10.182337649086268
Lucas Hernández,18.101933598375634
Blaise Matuidi,0.28284271247464315
Kylian Mbappé,12.445079348883253
Lucas Hernández,-43.11101947298393
N'Golo Kanté,-17.146428199482248
Paul Pogba,-32.400000000000006
Raphael Varane,39.80000000000001
Benjamin Pavard,35.07249634685277
Hugo Lloris,84.8528137423857
Samuel Umtiti,43.599999999999994
Olivier Giroud,-8.600000000000009
Antoine Griezmann,-17.146428199482248
Kylian Mbappé,15.186836405255676
Antoine Griezmann,-30.618621784789728
Benjamin Pavard,5.599999999999994
Kylian Mbappé,-6.8585712797928915
Benjamin Pavard,-24.19999999999999
N'Golo Kanté,7.200000000000003
Lucas Hernández,-9.308061022576105
N'Golo Kanté,-47.79999999999998
Samuel Umtiti,25.0
N'Golo Kanté,11.599999999999994
Benjamin Pavard,-6.800000000000011
N'Golo Kanté,4.400000000000006
Antoine Griezmann,-0.5999999999999943
N'Golo Kanté,-5.656854249492381
Lucas Hernández,6.646803743153551
Hugo Lloris,69.57930726875628
Kylian Mbappé,-3.959797974644667
Samuel Umtiti,110.59150057757604
Samuel Umtiti,21.60000000000001
Lucas Hernández,62.79108216936541
Hugo Lloris,87.11555544218265
Raphael Varane,7.2124891681027865
Paul Pogba,2.545584412271572
Benjamin Pavard,22.400000000000006
Kylian Mbappé,3.4000000000000057
Benjamin Pavard,4.0
Antoine Griezmann,3.9191835884531057
Lucas Hernández,7.6000000000000085
Antoine Griezmann,2.1999999999999886
Blaise Matuidi,-59.76754972390954
Samuel Umtiti,-0.4000000000000057
Raphael Varane,-47.400000000000006
Hugo Lloris,73.96336931211286
Samuel Umtiti,49.8
Kylian Mbappé,33.94112549695428
Antoine Griezmann,19.233304448274083
Blaise Matuidi,9.475230867899738
Hugo Lloris,89.095454429505
Paul Pogba,-4.384062043356597
Samuel Umtiti,124.73363620130696
Benjamin Pavard,65.6195092941116
Samuel Umtiti,105.21748904055826
Hugo Lloris,78.7716954241814
Hugo Lloris,192.33304448274092
Lucas Hernández,8.202438661763958
N'Golo Kanté,1.5999999999999943
Paul Pogba,53.0
Kylian Mbappé,14.400000000000006
Benjamin Pavard,-13.22724461102914
Kylian Mbappé,5.878775382679606
Benjamin Pavard,25.229744350666728
Antoine Griezmann,35.07249634685273
Raphael Varane,21.19999999999999
Lucas Hernández,-13.293607486307092
Hugo Lloris,80.75159441150373
Olivier Giroud,-7.799999999999997
N'Golo Kanté,5.0
Blaise Matuidi,5.800000000000011
Blaise Matuidi,-2.9698484809835017
Blaise Matuidi,12.303657992645926
Antoine Griezmann,-4.599999999999994
Paul Pogba,22.799999999999997
Kylian Mbappé,-7.0
Antoine Griezmann,-11.599999999999994
Paul Pogba,-24.599999999999994
Hugo Lloris,76.79179643685906
Hugo Lloris,192.89872990769018
Steven N'Zonzi,13.799999999999997
N'Golo Kanté,2.200000000000003
Kylian Mbappé,22.48599564173221
Hugo Lloris,82.87291475506336
Lucas Hernández,40.87077195258245
Benjamin Pavard,85.80000000000001
Antoine Griezmann,-41.151427678757386
Steven N'Zonzi,4.800000000000011
Paul Pogba,29.13279938488575
N'Golo Kanté,2.799999999999997
Corentin Tolisso,16.599999999999994
Lucas Hernández,11.022703842524301
Antoine Griezmann,2.694438717061517
Antoine Griezmann,18.861071019430444
N'Golo Kanté,12.737346662472532
Paul Pogba,10.748023074035514
Kylian Mbappé,17.81909088590103
Corentin Tolisso,4.242640687119285
Raphael Varane,64.77098115668775
Antoine Griezmann,-36.0
Benjamin Pavard,-20.400000000000006
Raphael Varane,73.00000000000001
Raphael Varane,18.384776310850235
Raphael Varane,23.90020920410531
Antoine Griezmann,7.0
Benjamin Pavard,8.400000000000006
Paul Pogba,8.800000000000011
Antoine Griezmann,-11.757550765359248
Paul Pogba,28.567113959936506
Kylian Mbappé,-3.1843366656181247
Benjamin Pavard,-34.8
Raphael Varane,10.889444430272832
Benjamin Pavard,11.200000000000003
Kylian Mbappé,4.6000000000000085
Antoine Griezmann,1.5999999999999943
N'Golo Kanté,34.0
Olivier Giroud,-19.400000000000006
Benjamin Pavard,-0.5999999999999943
N'Golo Kanté,-22.599999999999994
Samuel Umtiti,34.0
Lucas Hernández,-20.80000000000001
Corentin Tolisso,-28.799999999999997
Samuel Umtiti,40.19999999999999
Lucas Hernández,-20.575713839378675
N'Golo Kanté,-30.39999999999999
Raphael Varane,25.200000000000003
Benjamin Pavard,10.999999999999986
Paul Pogba,22.627416997969522
Olivier Giroud,11.313708498984761
N'Golo Kanté,15.556349186104045
N'Golo Kanté,-3.5999999999999943
Lucas Hernández,10.400000000000006
Antoine Griezmann,-13.227244611029176
Corentin Tolisso,16.901479225203943
Lucas Hernández,-25.229744350666728
Corentin Tolisso,-9.797958971132712
N'Golo Kanté,18.80000000000001
N'Golo Kanté,4.808326112068521
Corentin Tolisso,26.39999999999999
Lucas Hernández,13.199999999999989
Olivier Giroud,10.287856919689355
Samuel Umtiti,25.200000000000003
Raphael Varane,-6.3999999999999915
Paul Pogba,11.73797256769669
N'Golo Kanté,-0.565685424949236
Benjamin Pavard,18.667619023324853
Antoine Griezmann,5.798275605729692
N'Golo Kanté,-1.4142135623730951
Corentin Tolisso,4.101219330881979
Paul Pogba,9.899494936611665
Kylian Mbappé,2.799999999999997
Antoine Griezmann,-6.799999999999997
Paul Pogba,5.0
Benjamin Pavard,29.148927939119833
Kylian Mbappé,-26.699438196336658
Benjamin Pavard,10.182337649086268
Antoine Griezmann,23.758787847868014
Olivier Giroud,1.6970562748476978
Kylian Mbappé,13.010764773832499
Corentin Tolisso,6.788225099390872
Antoine Griezmann,-8.328265125462783
Corentin Tolisso,-14.696938456699069
N'Golo Kanté,0.8485281374238489
Benjamin Pavard,18.80000000000001
Kylian Mbappé,-38.456988961695906
Raphael Varane,21.213203435596427
Corentin Tolisso,-13.200000000000017
N'Golo Kanté,19.799999999999997
Benjamin Pavard,17.63632614803889
Benjamin Pavard,-9.553009996854408
Paul Pogba,4.409081537009714
Benjamin Pavard,31.11269837220809
Benjamin Pavard,-10.042907945411017
Hugo Lloris,70.28641404994282
Corentin Tolisso,-15.0
Lucas Hernández,5.599999999999994
N'Golo Kanté,-40.8
Samuel Umtiti,43.2
Lucas Hernández,22.80000000000001
Antoine Griezmann,-15.921683328090658
Lucas Hernández,22.290356659326942
Antoine Griezmann,-23.27015255644019
Antoine Griezmann,33.09259735953043
Raphael Varane,5.599999999999994
Benjamin Pavard,19.80000000000001
Benjamin Pavard,11.000000000000014
Kylian Mbappé,-38.70193793597421
Raphael Varane,13.0
Benjamin Pavard,15.800000000000011
Kylian Mbappé,-5.14392845984466
Paul Pogba,45.53767670841364
Antoine Griezmann,0.5656854249492461
N'Golo Kanté,16.122034611053284
Hugo Lloris,52.89158723275376
Benjamin Pavard,32.599999999999994
Kylian Mbappé,-22.39999999999999
Paul Pogba,7.0
Lucas Hernández,6.222539674441626
Corentin Tolisso,26.021529547664958
Benjamin Pavard,19.79898987322333
Olivier Giroud,9.616652224137022
Samuel Umtiti,37.476659402887016
Samuel Umtiti,26.7286363288515
Samuel Umtiti,10.323759005323593
Corentin Tolisso,-6.929646455628166
Lucas Hernández,3.5355339059327378
Hugo Lloris,75.66042558696059
Lucas Hernández,12.600000000000009
Corentin Tolisso,-14.400000000000006
Lucas Hernández,10.400000000000006
Antoine Griezmann,-19.350968967987086
Kylian Mbappé,19.595917942265423
Antoine Griezmann,-29.393876913398138
Kylian Mbappé,-11.799999999999997
Raphael Varane,13.0
Lucas Hernández,16.901479225203943
Corentin Tolisso,11.26765281680264
Lucas Hernández,6.8585712797928915
Olivier Giroud,-18.371173070873837
Corentin Tolisso,13.010764773832458
N'Golo Kanté,20.22325394193526
Lucas Hernández,32.2
Olivier Giroud,-11.200000000000003
Corentin Tolisso,14.200000000000003
Olivier Giroud,11.0
Corentin Tolisso,7.3999999999999915
Antoine Griezmann,5.200000000000003
N'Golo Kanté,-16.0
Raphael Varane,6.799999999999997
Benjamin Pavard,46.599999999999994
N'Golo Kanté,21.599999999999994
Olivier Giroud,-20.80000000000001
Corentin Tolisso,-1.3999999999999915
N'Golo Kanté,8.399999999999991
Corentin Tolisso,-16.599999999999994
N'Golo Kanté,37.19999999999999
Benjamin Pavard,-6.800000000000011
Paul Pogba,25.17300141024111
Kylian Mbappé,22.910259710444144
Paul Pogba,18.950461735799482
Antoine Griezmann,12.445079348883253
Kylian Mbappé,9.616652224137063
Antoine Griezmann,27.718585822512694
N'Golo Kanté,11.0
Kylian Mbappé,-2.5999999999999943
Paul Pogba,16.0
Kylian Mbappé,48.083261120685215
Olivier Giroud,7.353910524340078
Lucas Hernández,5.091168824543134
Corentin Tolisso,3.676955262170039
Paul Pogba,13.859292911256308
Kylian Mbappé,19.79898987322333
Raphael Varane,17.80000000000001
Benjamin Pavard,12.0
Paul Pogba,51.92918254700335
Benjamin Pavard,0.2449489742783039
Antoine Griezmann,8.48528137423857
N'Golo Kanté,52.608744520279124
Lucas Hernández,78.9131167804187
Hugo Lloris,9.333809511662427
Samuel Umtiti,16.54629867976521
Lucas Hernández,12.200000000000003
Corentin Tolisso,-5.0
Lucas Hernández,-28.599999999999994
Samuel Umtiti,20.788939366884502
Benjamin Pavard,10.199999999999989
Benjamin Pavard,14.799999999999997
Paul Pogba,-17.799999999999997
Benjamin Pavard,-15.400000000000006
Raphael Varane,71.60000000000001
Olivier Giroud,-7.3484692283495345
Lucas Hernández,-67.11601895225908
Samuel Umtiti,-13.400000000000006
Raphael Varane,15.799999999999997
Benjamin Pavard,57.599999999999994
Kylian Mbappé,-22.78025460788355
Benjamin Pavard,-17.400000000000006
Raphael Varane,22.0
Kylian Mbappé,14.696938456699069
Benjamin Pavard,15.839191898578648
N'Golo Kanté,31.678383797157338
Paul Pogba,23.400000000000006
Lucas Hernández,-41.2
Samuel Umtiti,12.599999999999994
N'Golo Kanté,13.859292911256347
Corentin Tolisso,6.788225099390832
Antoine Griezmann,32.244069222106546
Antoine Griezmann,-9.30806102257607
Kylian Mbappé,-31.843366656181317
Antoine Griezmann,20.364675298172575
N'Golo Kanté,30.200000000000017
Lucas Hernández,18.61612204515214
Corentin Tolisso,28.567113959936545
Paul Pogba,13.962091533864086
N'Golo Kanté,13.200000000000003
Antoine Griezmann,5.200000000000003
Paul Pogba,84.28712831743645
Olivier Giroud,22.200000000000003
Antoine Griezmann,-15.799999999999997
Benjamin Pavard,27.200000000000003
Paul Pogba,60.528340469568484
Raphael Varane,58.0
Benjamin Pavard,12.727922061357855
Kylian Mbappé,-12.020815280171307
Raphael Varane,18.667619023324853
Corentin Tolisso,-5.799999999999997
N'Golo Kanté,22.200000000000003
Paul Pogba,5.599999999999994
Benjamin Pavard,-4.200000000000003
Antoine Griezmann,13.0
Antoine Griezmann,18.200000000000003
Kylian Mbappé,-16.166632302368964
Paul Pogba,8.799999999999983
Antoine Griezmann,-19.350968967987086
Paul Pogba,-10.0
N'Golo Kanté,3.4000000000000057
Paul Pogba,27.400000000000006
Antoine Griezmann,19.79898987322333
N'Golo Kanté,24.19999999999999
Benjamin Pavard,32.244069222106546
Hugo Lloris,74.81189744953673
N'Golo Kanté,29.400000000000006
Antoine Griezmann,5.599999999999994
N'Golo Kanté,5.6000000000000085
Hugo Lloris,64.48813844421313
Olivier Giroud,36.486709909225866
Antoine Griezmann,13.293607486307103
Corentin Tolisso,-17.19999999999999
Hugo Lloris,75.37758287448597
Raphael Varane,47.400000000000006
Olivier Giroud,-30.0
Benjamin Pavard,17.599999999999994
Paul Pogba,114.83414126469532
Kylian Mbappé,41.860721446243645
Raphael Varane,4.8083261120685235
Lucas Hernández,26.30437226013957
Lucas Hernández,34.78965363437814
Hugo Lloris,151.88653659887044
Corentin Tolisso,-15.799999999999997
N'Golo Kanté,-7.599999999999994
Raphael Varane,17.394826817189067
Benjamin Pavard,98.71210665364201
Lucas Hernández,-2.5999999999999943
Antoine Griezmann,1.7999999999999972
Benjamin Pavard,19.0
Kylian Mbappé,-3.799999999999997
Paul Pogba,-11.0
Benjamin Pavard,-12.0
Raphael Varane,18.0
N'Golo Kanté,26.400000000000006
Lucas Hernández,-8.573214099741124
Corentin Tolisso,-7.3999999999999915
N'Golo Kanté,-29.0
Samuel Umtiti,31.0
Corentin Tolisso,12.727922061357855
Antoine Griezmann,25.399999999999977
Lucas Hernández,1.6970562748476978
Antoine Griezmann,16.404877323527895
Lucas Hernández,-4.808326112068521
Raphael Varane,-17.819090885901
Hugo Lloris,31.53696244092002
Benjamin Pavard,-10.0
Paul Pogba,0.0
N'Golo Kanté,-16.60000000000001
Samuel Umtiti,-0.6000000000000085
Raphael Varane,16.799999999999997
Paul Pogba,8.400000000000006
Benjamin Pavard,1.4142135623730951
N'Golo Kanté,54.58864350760146
Lucas Hernández,7.636753236814681
Corentin Tolisso,24.32447327281722
Paul Pogba,13.576450198781705
Antoine Griezmann,16.12203461105329
Paul Pogba,14.424978336205553
Antoine Griezmann,11.030865786510157
Paul Pogba,32.526911934581186
Kylian Mbappé,4.525483399593928
Raphael Varane,32.526911934581165
Paul Pogba,28.16913204200655
Benjamin Pavard,-7.838367176906177
Raphael Varane,15.999999999999986
Antoine Griezmann,41.012193308819754
Hugo Lloris,28.56711395993652
Benjamin Pavard,35.0
Antoine Griezmann,-14.399999999999991
Benjamin Pavard,-0.5999999999999943
N'Golo Kanté,30.0
Lucas Hernández,-2.5999999999999943
Corentin Tolisso,-20.200000000000003
N'Golo Kanté,23.200000000000003
Corentin Tolisso,16.200000000000017
Hugo Lloris,68.73077913133243
Paul Pogba,42.70924958366745
Lucas Hernández,21.200000000000003
Antoine Griezmann,-12.600000000000009
Lucas Hernández,29.200000000000003
Benjamin Pavard,22.910259710444134
Benjamin Pavard,14.990663761154805
Benjamin Pavard,16.687720036002517
N'Golo Kanté,9.050966799187806
Antoine Griezmann,-39.199999999999996
Raphael Varane,17.536248173426376
N'Golo Kanté,12.16223663640862
Antoine Griezmann,-10.200000000000003
Paul Pogba,38.0
Olivier Giroud,6.6000000000000085
Benjamin Pavard,12.599999999999994
Paul Pogba,54.58864350760148
Antoine Griezmann,16.97056274847714
Lucas Hernández,-1.4000000000000057
N'Golo Kanté,17.111984104714452
Corentin Tolisso,-3.200000000000003
Paul Pogba,3.4000000000000057
Benjamin Pavard,8.799999999999997
Kylian Mbappé,9.063112048297766
Antoine Griezmann,61.37686860699233
Corentin Tolisso,20.506096654409877
Lucas Hernández,26.87005768508881
Raphael Varane,37.476659402887016
Paul Pogba,24.748737341529164
Raphael Varane,-1.5556349186104066
Benjamin Pavard,121.05668093913695
N'Golo Kanté,18.400000000000006
Corentin Tolisso,1.3999999999999915
Paul Pogba,-11.0
Benjamin Pavard,-0.5999999999999943
Paul Pogba,13.800000000000011
Benjamin Pavard,-20.799999999999997
Paul Pogba,-8.200000000000003
Benjamin Pavard,-29.98132752230962
Hugo Lloris,65.76093065034893
Raphael Varane,21.0
N'Golo Kanté,3.200000000000003
Benjamin Pavard,43.400000000000006
Kylian Mbappé,-36.497397167469366
Benjamin Pavard,5.633826408401302
Kylian Mbappé,45.82051942088829
Lucas Hernández,28.414081016284854
Olivier Giroud,-0.2449489742783387
Lucas Hernández,-16.411581276647265
Corentin Tolisso,13.962091533864086
Olivier Giroud,0.4898979485566426
Raphael Varane,-62.99999999999999
Hugo Lloris,77.64032457428293
N'Golo Kanté,5.599999999999994
Corentin Tolisso,-23.599999999999994
Samuel Umtiti,6.400000000000006
Benjamin Pavard,7.799999999999997
Paul Pogba,81.17585848021567
Olivier Giroud,3.394112549695436
Paul Pogba,25.17300141024111
Antoine Griezmann,1.6970562748476978
Lucas Hernández,47.23473298326138
Antoine Griezmann,11.313708498984761
Corentin Tolisso,3.5999999999999943
Paul Pogba,4.400000000000006
Corentin Tolisso,-30.0
Lucas Hernández,-8.599999999999994
N'Golo Kanté,19.39999999999999
Corentin Tolisso,-31.599999999999994
Raphael Varane,36.8
Benjamin Pavard,-2.0
Kylian Mbappé,15.400000000000006
Antoine Griezmann,-18.126224096595532
N'Golo Kanté,9.758073580374356
Hugo Lloris,67.45798692519664
Olivier Giroud,1.5999999999999943
Hugo Lloris,79.054538136656
Olivier Giroud,-18.400000000000006
Benjamin Pavard,3.799999999999997
Benjamin Pavard,30.863570759068065
Olivier Giroud,-22.290356659326925
N'Golo Kanté,1.5999999999999943
Paul Pogba,5.14392845984466
Benjamin Pavard,38.599999999999994
Olivier Giroud,-8.328265125462819
Benjamin Pavard,17.999999999999986
Antoine Griezmann,9.0
Paul Pogba,-33.2
Hugo Lloris,73.39768388716364
N'Golo Kanté,12.599999999999994
Raphael Varane,-28.70853531617383
Hugo Lloris,68.30651506262049
Olivier Giroud,-2.6000000000000085
Corentin Tolisso,16.799999999999997
Paul Pogba,7.353910524340078
Corentin Tolisso,1.9798989873223412
Hugo Lloris,71.13494218736669
Paul Pogba,7.495331880577405
Antoine Griezmann,-10.606601717798213
Benjamin Pavard,-22.061731573020282
Hugo Lloris,17.253405460951758
N'Golo Kanté,47.80041840821061
Olivier Giroud,7.599999999999994
Antoine Griezmann,11.599999999999994
Kylian Mbappé,0.4000000000000057
Paul Pogba,38.466608896548166
N'Golo Kanté,40.305086527633215
Corentin Tolisso,4.242640687119285
N'Golo Kanté,0.42426406871192446
Corentin Tolisso,1.0
Corentin Tolisso,17.0
Olivier Giroud,-13.600000000000009
Antoine Griezmann,17.400000000000006
Paul Pogba,45.537676708413684
Benjamin Pavard,2.5455844122715874
Kylian Mbappé,25.738686835190315
Paul Pogba,7.636753236814721
Antoine Griezmann,15.273506473629443
Benjamin Pavard,-11.022703842524301
Hugo Lloris,181.01933598375618
Paul Pogba,116.53119753954304
Antoine Griezmann,-80.58821253756658
Benjamin Pavard,14.600000000000009
Paul Pogba,-14.599999999999994
Benjamin Pavard,66.80000000000001
Paul Pogba,13.400000000000006
Benjamin Pavard,-10.042907945411017
Paul Pogba,16.600000000000023
Benjamin Pavard,-38.2120399874176
Paul Pogba,-2.1999999999999886
Lucas Hernández,4.799999999999997
Paul Pogba,33.09259735953042
Samuel Umtiti,8.061017305526645
Corentin Tolisso,-12.799999999999997
Lucas Hernández,-9.475230867899736
Samuel Umtiti,-25.3144227664784
Hugo Lloris,46.52762620207482
Benjamin Pavard,6.200000000000003
Benjamin Pavard,0.14142135623730648
Paul Pogba,-6.081118318204305
N'Golo Kanté,14.00071426749364
Lucas Hernández,-5.200000000000003
Corentin Tolisso,23.799999999999997
Olivier Giroud,-17.400000000000006
Antoine Griezmann,24.200000000000003
Benjamin Pavard,27.924183067728244
Kylian Mbappé,-23.51510153071853
Benjamin Pavard,-8.818163074019461
Antoine Griezmann,-20.820662813657012
Paul Pogba,20.364675298172575
Raphael Varane,32.10264786586925
Paul Pogba,26.80000000000001
Lucas Hernández,4.666904755831214
Samuel Umtiti,-35.21391770309006
Hugo Lloris,37.618080759124325
N'Golo Kanté,5.798275605729686
Antoine Griezmann,19.79898987322333
Benjamin Pavard,8.909545442950495
Paul Pogba,-8.061017305526642
Benjamin Pavard,33.23401871576774
Kylian Mbappé,-12.799999999999997
Corentin Tolisso,4.599999999999994
Antoine Griezmann,10.799999999999997
Lucas Hernández,-16.60000000000001
N'Golo Kanté,16.0
Corentin Tolisso,-4.800000000000011
Antoine Griezmann,-2.3999999999999915
Lucas Hernández,-34.400000000000006
Samuel Umtiti,15.0
Paul Pogba,25.799999999999997
Benjamin Pavard,-10.599999999999994
Paul Pogba,13.599999999999994
Antoine Griezmann,-10.0
Benjamin Pavard,-2.1999999999999886
Paul Pogba,38.74945160902279
Olivier Giroud,50.62884553295678
Antoine Griezmann,-30.128723836233082
Benjamin Pavard,-14.207040508142427
Paul Pogba,16.901479225203907
Benjamin Pavard,17.146428199482248
Antoine Griezmann,18.384776310850235
Corentin Tolisso,31.961226509631942
Lucas Hernández,8.202438661763967
Lucas Hernández,10.748023074035554
Corentin Tolisso,0.0
N'Golo Kanté,2.262741699796949
Lucas Hernández,-8.48528137423857
Corentin Tolisso,6.646803743153546
N'Golo Kanté,1.6970562748477132
Lucas Hernández,14.849242404917502
N'Golo Kanté,10.182337649086287
Corentin Tolisso,27.400000000000006
Paul Pogba,42.42640687119286
N'Golo Kanté,3.8183766184073606
Antoine Griezmann,18.950461735799472
Hugo Lloris,85.41849916733494
Olivier Giroud,2.5999999999999943
Benjamin Pavard,10.0
Steven N'Zonzi,-3.0
Benjamin Pavard,38.0
Kylian Mbappé,-6.0
Antoine Griezmann,-7.0
Paul Pogba,-23.60000000000001
Lucas Hernández,8.0
Steven N'Zonzi,-47.8
Samuel Umtiti,-26.021529547664947
Hugo Lloris,44.123463146040564
Lucas Hernández,9.333809511662428
Samuel Umtiti,14.142135623730951
N'Golo Kanté,16.68772003600252
Hugo Lloris,95.60083681642122
Benjamin Pavard,14.0
Paul Pogba,12.400000000000006
Steven N'Zonzi,6.0
Benjamin Pavard,24.80000000000001
Olivier Giroud,-13.0
Benjamin Pavard,-4.599999999999994
Paul Pogba,24.599999999999994
Olivier Giroud,12.599999999999994
Benjamin Pavard,-73.0
Hugo Lloris,62.08397538817888
Hugo Lloris,200.8183258569795
Steven N'Zonzi,15.697770542341358
Paul Pogba,-7.0
Steven N'Zonzi,8.343860018001259
Antoine Griezmann,21.200000000000003
Lucas Hernández,4.400000000000006
N'Golo Kanté,-13.599999999999994
Samuel Umtiti,11.0
Steven N'Zonzi,17.400000000000006
Antoine Griezmann,-33.60000000000001
Raphael Varane,11.199999999999989
Benjamin Pavard,31.799999999999997
Paul Pogba,-17.0
Benjamin Pavard,8.600000000000009
Steven N'Zonzi,-38.0
Raphael Varane,21.49604614807105
N'Golo Kanté,-2.0
Lucas Hernández,-16.39999999999999
Steven N'Zonzi,-25.200000000000003
Samuel Umtiti,-34.506810921903515
Hugo Lloris,43.699199077328636
Paul Pogba,-11.400000000000006
Raphael Varane,29.698484809834994
N'Golo Kanté,2.200000000000003
Antoine Griezmann,13.600000000000009
Lucas Hernández,21.39999999999999
Olivier Giroud,-16.166632302368964
Antoine Griezmann,-20.799999999999997
Steven N'Zonzi,50.91168824543142
Paul Pogba,9.553009996854373
Benjamin Pavard,-43.355968447262256
Steven N'Zonzi,8.48528137423857
Antoine Griezmann,18.384776310850235
N'Golo Kanté,-15.186836405255711
Lucas Hernández,0.28284271247460296
Antoine Griezmann,10.28785691968932
Lucas Hernández,-5.14392845984466
N'Golo Kanté,-19.106019993708816
Steven N'Zonzi,-3.6000000000000085
Benjamin Pavard,-1.0
Hugo Lloris,78.63027406794409
N'Golo Kanté,18.200000000000003
Paul Pogba,28.001428534987298
Antoine Griezmann,5.0
Ousmane Dembélé,-5.388877434122999
Paul Pogba,28.799999999999997
Lucas Hernández,-2.2627416997969543
Ousmane Dembélé,-8.199999999999996
Lucas Hernández,2.4041630560342657
Hugo Lloris,108.19999999999999
Raphael Varane,-13.859292911256329
Hugo Lloris,51.61879502661797
Paul Pogba,9.400000000000006
Nabil Fekir,6.400000000000006
Paul Pogba,26.600000000000023
Raphael Varane,28.708535316173833
Paul Pogba,22.80000000000001
Hugo Lloris,65.47808793787429
Olivier Giroud,27.60000000000001
Hugo Lloris,29.557063453597692
Paul Pogba,-12.199999999999996
Antoine Griezmann,-40.0
Raphael Varane,71.80000000000001
Paul Pogba,4.101219330881974
Kylian Mbappé,-15.800000000000004
Benjamin Pavard,-20.930360723121805
Hugo Lloris,4.525483399593906
Samuel Umtiti,2.8284271247461903
Raphael Varane,11.455129855222072
Benjamin Pavard,30.39999999999999
Kylian Mbappé,-10.200000000000003
Paul Pogba,12.799999999999997
N'Golo Kanté,9.0
Paul Pogba,6.200000000000003
Antoine Griezmann,12.162236636408615
Benjamin Pavard,-4.66690475583121
Raphael Varane,7.0710678118654755
N'Golo Kanté,-6.08111831820431
Samuel Umtiti,10.889444430272835
Blaise Matuidi,-3.959797974644672
N'Golo Kanté,10.182337649086287
Paul Pogba,-11.0
N'Golo Kanté,3.2526911934581246
Raphael Varane,48.39999999999999
Olivier Giroud,9.33380951166246
Hugo Lloris,17.67766952966369
Raphael Varane,61.23544725075502
Raphael Varane,7.6000000000000085
Hugo Lloris,65.47808793787429
Olivier Giroud,16.12203461105329
Olivier Giroud,0.4000000000000057
N'Golo Kanté,32.526911934581186
Samuel Umtiti,1.2000000000000028
Samuel Umtiti,-4.3999999999999915
Antoine Griezmann,5.200000000000003
Lucas Hernández,23.758787847868014
Lucas Hernández,3.394112549695431
Raphael Varane,12.303657992645926
Kylian Mbappé,6.929646455628164
Paul Pogba,23.475945135393374
Lucas Hernández,-2.4041630560342604
Samuel Umtiti,-26.587214972614188
Hugo Lloris,72.9734198184517
Blaise Matuidi,0.848528137423854
Samuel Umtiti,20.647518010647186
Paul Pogba,141.98704166225872
Blaise Matuidi,12.445079348883233
Hugo Lloris,19.091883092036785
N'Golo Kanté,37.759502115361634
Benjamin Pavard,12.58650070512055
Paul Pogba,82.87291475506338
Antoine Griezmann,3.111269837220833
Olivier Giroud,-3.3999999999999915
Hugo Lloris,21.778888860545663
Samuel Umtiti,2.969848480983497
N'Golo Kanté,-0.42426406871192446
Raphael Varane,28.14284989122459
Kylian Mbappé,-6.199999999999989
Paul Pogba,27.799999999999997
Benjamin Pavard,2.799999999999997
Kylian Mbappé,-9.799999999999997
Blaise Matuidi,0.5999999999999943
N'Golo Kanté,2.799999999999997
Paul Pogba,0.7999999999999972
N'Golo Kanté,20.39999999999999
Kylian Mbappé,41.012193308819754
Benjamin Pavard,18.66761902332484
Samuel Umtiti,-20.400000000000006
Raphael Varane,13.799999999999997
N'Golo Kanté,-10.200000000000003
Paul Pogba,0.6000000000000085
N'Golo Kanté,91.35819612930194
Hugo Lloris,18.950461735799472
N'Golo Kanté,-3.5355339059327378
Samuel Umtiti,2.545584412271572
N'Golo Kanté,-0.14142135623730648
Samuel Umtiti,6.788225099390853
Blaise Matuidi,-0.20000000000000284
Lucas Hernández,18.243354954612926
Olivier Giroud,32.0
Kylian Mbappé,13.200000000000003
Paul Pogba,12.162236636408615
Samuel Umtiti,5.798275605729692
N'Golo Kanté,-2.545584412271572
Blaise Matuidi,10.748023074035524
Antoine Griezmann,21.200000000000003
Paul Pogba,41.57787873376896
Samuel Umtiti,2.0
Lucas Hernández,-5.0
Samuel Umtiti,-1.0
N'Golo Kanté,-48.599999999999994
Hugo Lloris,61.23544725075501
Antoine Griezmann,57.982756057296896
N'Golo Kanté,3.3941125496954263
Raphael Varane,13.399999999999991
Blaise Matuidi,-6.0
N'Golo Kanté,-11.399999999999991
Samuel Umtiti,10.599999999999994
N'Golo Kanté,-12.599999999999994
Samuel Umtiti,31.60000000000001
Olivier Giroud,-5.799999999999997
Lucas Hernández,-28.799999999999997
Samuel Umtiti,100.39999999999999
Benjamin Pavard,-25.314422766478405
Raphael Varane,-12.727922061357855
Hugo Lloris,13.576450198781714
N'Golo Kanté,31.395541084682716
Blaise Matuidi,-6.800000000000011
N'Golo Kanté,-10.0
Paul Pogba,104.3689609031344
Olivier Giroud,1.979898987322301
Antoine Griezmann,50.91168824543142
N'Golo Kanté,48.366103833159876
Antoine Griezmann,13.293607486307092
Paul Pogba,26.587214972614188
Blaise Matuidi,-1.1313708498984771
N'Golo Kanté,28.001428534987287
Hugo Lloris,23.47594513539338
Benjamin Pavard,25.0
Kylian Mbappé,17.0
Antoine Griezmann,4.799999999999997
Blaise Matuidi,-4.799999999999997
Paul Pogba,5.0
Blaise Matuidi,8.599999999999994
Lucas Hernández,-3.799999999999997
Blaise Matuidi,-13.799999999999997
Paul Pogba,-15.199999999999989
Raphael Varane,37.335238046649714
Kylian Mbappé,0.28284271247460296
Benjamin Pavard,-9.797958971132712
Paul Pogba,-13.0
N'Golo Kanté,9.200000000000003
Blaise Matuidi,-9.599999999999994
N'Golo Kanté,7.800000000000011
Paul Pogba,8.600000000000009
Benjamin Pavard,-24.799999999999983
Raphael Varane,4.799999999999997
Samuel Umtiti,-13.0
Raphael Varane,18.599999999999994
Paul Pogba,22.0
Benjamin Pavard,33.80295845040785
Antoine Griezmann,0.7348469228349465
Benjamin Pavard,22.627416997969522
Olivier Giroud,-24.799999999999997
N'Golo Kanté,14.0
Blaise Matuidi,16.599999999999994
Paul Pogba,1.0
Benjamin Pavard,-7.599999999999994
Paul Pogba,-21.400000000000006
Samuel Umtiti,5.200000000000003
N'Golo Kanté,4.200000000000003
Benjamin Pavard,-20.400000000000006
Raphael Varane,16.0
Raphael Varane,10.399999999999991
Paul Pogba,19.400000000000006
Kylian Mbappé,5.091168824543134
Samuel Umtiti,15.980613254815974
N'Golo Kanté,-11.799999999999997
Lucas Hernández,-12.199999999999996
Samuel Umtiti,1.1313708498984771
Raphael Varane,9.400000000000006
Paul Pogba,-10.799999999999997
Raphael Varane,44.2
Benjamin Pavard,12.200000000000003
Kylian Mbappé,6.0
Samuel Umtiti,19.09188309203678
Antoine Griezmann,-3.959797974644662
Hugo Lloris,12.16223663640862
Raphael Varane,6.08111831820431
Samuel Umtiti,0.0
Raphael Varane,0.6000000000000085
Benjamin Pavard,-12.600000000000009
Raphael Varane,8.626702730475882
Samuel Umtiti,17.599999999999994
N'Golo Kanté,21.19999999999999
Benjamin Pavard,-2.200000000000003
Raphael Varane,33.599999999999994
Kylian Mbappé,14.800000000000011
Antoine Griezmann,2.694438717061517
Benjamin Pavard,-14.696938456699069
Olivier Giroud,-28.60000000000001
N'Golo Kanté,17.39999999999999
Paul Pogba,24.0
Antoine Griezmann,61.37686860699233
Kylian Mbappé,0.8485281374238892
Benjamin Pavard,-21.310560762213623
N'Golo Kanté,-6.123724356957945
Raphael Varane,-4.599999999999994
Samuel Umtiti,42.0
Samuel Umtiti,3.6769552621700443
N'Golo Kanté,1.3999999999999915
Raphael Varane,8.799999999999997
Benjamin Pavard,-10.400000000000006
Raphael Varane,9.0
Blaise Matuidi,-15.200000000000003
Samuel Umtiti,12.199999999999989
Blaise Matuidi,15.800000000000011
N'Golo Kanté,17.81909088590099
Antoine Griezmann,15.839191898578648
Lucas Hernández,-20.08581589082207
N'Golo Kanté,-21.310560762213658
Raphael Varane,10.200000000000017
Kylian Mbappé,11.879393923934007
Paul Pogba,89.09545442950498
N'Golo Kanté,14.0
Blaise Matuidi,7.0
Kylian Mbappé,37.335238046649714
Hugo Lloris,8.48528137423857
Samuel Umtiti,6.222539674441617
N'Golo Kanté,7.2124891681027865
Raphael Varane,38.999999999999986
Kylian Mbappé,5.799999999999983
Paul Pogba,3.6742346141747673
Benjamin Pavard,-29.19999999999999
Raphael Varane,5.0
Samuel Umtiti,19.79898987322333
Olivier Giroud,48.64894654563444
Hugo Lloris,18.101933598375616
Raphael Varane,27.86000717874997
Kylian Mbappé,-17.599999999999994
N'Golo Kanté,-10.400000000000006
Benjamin Pavard,-54.2
Hugo Lloris,71.27636354360399
N'Golo Kanté,-10.600000000000009
Samuel Umtiti,13.400000000000006
N'Golo Kanté,-3.6000000000000085
Samuel Umtiti,-28.284271247461902
Hugo Lloris,22.91025971044414
Raphael Varane,17.536248173426376
N'Golo Kanté,6.200000000000003
Blaise Matuidi,71.2
Lucas Hernández,39.03229432149742
Raphael Varane,30.97127701597078
Hugo Lloris,79.62022356160524
Lucas Hernández,-20.39999999999999
Samuel Umtiti,-4.800000000000011
Raphael Varane,24.200000000000003
Benjamin Pavard,-4.200000000000003
Paul Pogba,29.799999999999997
Benjamin Pavard,3.1843366656181247
Kylian Mbappé,-12.002499739637551
Paul Pogba,68.19999999999999
Samuel Umtiti,11.596551211459381
N'Golo Kanté,7.353910524340098
Raphael Varane,2.200000000000003
Paul Pogba,0.19999999999998863
Raphael Varane,19.60000000000001
Benjamin Pavard,-22.0
Raphael Varane,-4.799999999999997
Samuel Umtiti,4.0
Paul Pogba,38.2
Lucas Hernández,4.8083261120684915
Hugo Lloris,8.909545442950497
Samuel Umtiti,-9.475230867899738
Hugo Lloris,22.76883835420683
N'Golo Kanté,26.44579361637687
Antoine Griezmann,14.800000000000011
Blaise Matuidi,42.42640687119285
Olivier Giroud,43.2749350086167
Kylian Mbappé,0.9899494936611655
Lucas Hernández,-6.9296464556281645
Samuel Umtiti,37.900923471598944
Olivier Giroud,1.4142135623730951
Kylian Mbappé,6.800000000000011
Paul Pogba,47.800418408210625
Paul Pogba,9.0
Blaise Matuidi,-2.3999999999999915
Kylian Mbappé,11.0
Blaise Matuidi,-7.200000000000003
Kylian Mbappé,2.5999999999999943
Antoine Griezmann,-30.400000000000006
Samuel Umtiti,32.0
Blaise Matuidi,-7.799999999999997
Paul Pogba,4.242640687119285
Antoine Griezmann,6.505382386916229
Paul Pogba,-20.000000000000014
N'Golo Kanté,-0.20000000000000284
Lucas Hernández,-30.599999999999994
Samuel Umtiti,-49.0
Hugo Lloris,63.215346238077345
Olivier Giroud,9.600000000000009
Paul Pogba,-31.400000000000006
Samuel Umtiti,3.799999999999997
Lucas Hernández,20.80000000000001
N'Golo Kanté,32.526911934581186
Kylian Mbappé,44.68914857098979
Kylian Mbappé,-4.3999999999999915
Blaise Matuidi,17.0
Antoine Griezmann,-8.799999999999997
Blaise Matuidi,12.200000000000003
Samuel Umtiti,1.4142135623730951
Blaise Matuidi,-3.799999999999997
N'Golo Kanté,-8.626702730475882
Raphael Varane,6.788225099390857
N'Golo Kanté,-7.636753236814716
Samuel Umtiti,25.03158005400378
Blaise Matuidi,-7.599999999999994
Paul Pogba,36.8
Hugo Lloris,16.263455967290593
Samuel Umtiti,35.638181771801996
Lucas Hernández,8.768124086713183
Lucas Hernández,61.80000000000001
N'Golo Kanté,5.0
Kylian Mbappé,11.0
Antoine Griezmann,-48.80000000000001
Benjamin Pavard,-58.0
Hugo Lloris,46.527626202074835
Paul Pogba,0.0
Antoine Griezmann,45.254833995939045
Corentin Tolisso,-22.78025460788358
N'Golo Kanté,8.083316151184482
Corentin Tolisso,-10.287856919689355
N'Golo Kanté,-20.33076486510037
Lucas Hernández,8.200000000000003
N'Golo Kanté,-42.39999999999999
Samuel Umtiti,115.39982668964456
Hugo Lloris,77.49890321804561
Olivier Giroud,17.39999999999999
Corentin Tolisso,6.788225099390857
N'Golo Kanté,7.7781745930520225
Hugo Lloris,77.21606050557098
Paul Pogba,45.2
Paul Pogba,1.4000000000000057
Kylian Mbappé,3.4000000000000057
Antoine Griezmann,-2.4000000000000057
Corentin Tolisso,-5.199999999999996
N'Golo Kanté,-6.363961030678928
Samuel Umtiti,0.7071067811865476
N'Golo Kanté,9.616652224137042
Corentin Tolisso,-11.199999999999996
Samuel Umtiti,0.0
N'Golo Kanté,12.30365799264592
Lucas Hernández,15.199999999999989
Corentin Tolisso,2.200000000000003
Hugo Lloris,58.124177413534206
Benjamin Pavard,47.51757569573599
Olivier Giroud,2.4000000000000057
Hugo Lloris,39.59797974644667
Paul Pogba,6.599999999999994
Kylian Mbappé,-5.799999999999997
Paul Pogba,49.0
N'Golo Kanté,16.599999999999994
Olivier Giroud,-18.799999999999997
Corentin Tolisso,110.02581515262682
Hugo Lloris,75.51900423072327
Corentin Tolisso,5.200000000000003
Paul Pogba,-37.0
Benjamin Pavard,-31.395541084682716
Hugo Lloris,75.94326829943522
Nabil Fekir,19.09188309203678
Florian Thauvin,-24.89015869776647
Benjamin Pavard,47.09331162702407
Paul Pogba,20.223253941935255
Hugo Lloris,74.5290547370621
Hugo Lloris,70.56925676241744
Nabil Fekir,53.2
Corentin Tolisso,19.599999999999994
Nabil Fekir,-0.5999999999999943
Olivier Giroud,-90.39999999999999
Hugo Lloris,65.76093065034893
Corentin Tolisso,17.200000000000003
Paul Pogba,15.0
Nabil Fekir,0.7999999999999972
Samuel Umtiti,111.15718600252528
Antoine Griezmann,-23.400000000000006
Steven N'Zonzi,-12.399999999999999
Raphael Varane,2.6870057685088784
Djibril Sidibe,-2.5999999999999943
Raphael Varane,-1.4142135623730951
Presnel Kimpembe,-1.0
Raphael Varane,-0.5999999999999943
Djibril Sidibe,-12.799999999999997
Raphael Varane,-4.199999999999989
Presnel Kimpembe,17.400000000000006
Steven N'Zonzi,-17.599999999999994
Presnel Kimpembe,43.2
Lucas Hernández,0.5999999999999943
Thomas Lemar,-31.10851973334637
N'Golo Kanté,14.399999999999991
Djibril Sidibe,1.9595917942265704
Ousmane Dembélé,-7.10352025407123
Djibril Sidibe,-1.0
N'Golo Kanté,-25.0
Raphael Varane,0.7999999999999972
Presnel Kimpembe,16.799999999999997
Steven N'Zonzi,5.799999999999997
Presnel Kimpembe,19.799999999999997
Lucas Hernández,-25.80000000000001
Presnel Kimpembe,-46.00000000000001
Steve Mandanda,9.616652224137047
Raphael Varane,14.200000000000003
N'Golo Kanté,38.19999999999999
Ousmane Dembélé,-14.207040508142427
N'Golo Kanté,-8.799999999999997
Djibril Sidibe,18.799999999999997
Antoine Griezmann,8.0
Ousmane Dembélé,-4.409081537009748
N'Golo Kanté,2.8000000000000114
Ousmane Dembélé,2.449489742783178
Antoine Griezmann,30.373672810511422
Djibril Sidibe,18.667619023324878
Antoine Griezmann,0.0
N'Golo Kanté,11.879393923933996
Thomas Lemar,21.63746750430836
Presnel Kimpembe,5.374011537017761
Steve Mandanda,74.95331880577403
Olivier Giroud,16.0
Antoine Griezmann,-1.0
Steven N'Zonzi,23.80000000000001
Steven N'Zonzi,8.800000000000011
Djibril Sidibe,-21.920310216782976
Steve Mandanda,61.23544725075501
Djibril Sidibe,14.199999999999989
Ousmane Dembélé,-14.600000000000009
Djibril Sidibe,27.39999999999999
Antoine Griezmann,-36.19999999999999
Raphael Varane,37.60000000000001
Steve Mandanda,24.890158697766473
Raphael Varane,10.4651803615609
Djibril Sidibe,15.839191898578669
Ousmane Dembélé,-16.400000000000006
Djibril Sidibe,-0.565685424949236
Raphael Varane,-0.42426406871192446
Presnel Kimpembe,43.80000000000001
Lucas Hernández,-4.898979485566356
Thomas Lemar,4.898979485566356
Lucas Hernández,-23.599999999999994
Presnel Kimpembe,-23.900209204105305
Steve Mandanda,26.587214972614184
Raphael Varane,8.909545442950495
Djibril Sidibe,-7.200000000000003
Raphael Varane,34.0
Ousmane Dembélé,54.400000000000006
Antoine Griezmann,2.694438717061517
Djibril Sidibe,-22.535305633605248
N'Golo Kanté,59.67981233214459
Lucas Hernández,12.303657992645931
Olivier Giroud,12.799999999999997
Lucas Hernández,-12.586500705120544
Presnel Kimpembe,10.748023074035519
Steven N'Zonzi,0.9899494936611655
Presnel Kimpembe,-5.799999999999997
Raphael Varane,48.8
Ousmane Dembélé,7.799999999999997
Lucas Hernández,20.200000000000003
Steve Mandanda,74.10479066835019
Thomas Lemar,-35.80000000000001
Presnel Kimpembe,-2.0
Raphael Varane,12.600000000000009
Djibril Sidibe,101.8
Djibril Sidibe,-32.10264786586926
Steve Mandanda,70.42783540618012
Steve Mandanda,24.183051916579927
N'Golo Kanté,11.0
Djibril Sidibe,-0.5999999999999943
N'Golo Kanté,18.0
Thomas Lemar,-16.799999999999997
N'Golo Kanté,0.5999999999999943
Djibril Sidibe,-20.200000000000003
Raphael Varane,3.0
Presnel Kimpembe,37.19999999999999
Lucas Hernández,0.2449489742783039
Antoine Griezmann,-16.65653025092562
Steven N'Zonzi,6.200000000000003
Antoine Griezmann,-8.400000000000006
Steven N'Zonzi,15.0
Antoine Griezmann,39.68173383308749
Lucas Hernández,-6.123724356957945
Thomas Lemar,5.14392845984466
Antoine Griezmann,-17.146428199482248
Steven N'Zonzi,2.204540768504874
Thomas Lemar,-24.200000000000003
Raphael Varane,16.200000000000003
Djibril Sidibe,13.0
Ousmane Dembélé,-15.431785379534015
Djibril Sidibe,3.6000000000000227
Djibril Sidibe,4.409081537009714
Raphael Varane,0.6000000000000085
Djibril Sidibe,-27.799999999999997
Raphael Varane,-1.3999999999999915
Presnel Kimpembe,34.8
Steven N'Zonzi,23.39999999999999
Lucas Hernández,-8.818163074019445
Steven N'Zonzi,-1.1999999999999886
Thomas Lemar,-14.799999999999997
Raphael Varane,10.800000000000011
Djibril Sidibe,1.9798989873223412
Raphael Varane,6.123724356957945
Djibril Sidibe,1.4696938456699278
Ousmane Dembélé,-12.737346662472532
Raphael Varane,5.599999999999994
Antoine Griezmann,7.919595949289324
Thomas Lemar,15.273506473629443
Steven N'Zonzi,41.79999999999998
Lucas Hernández,0.28284271247464315
Olivier Giroud,10.465180361560911
Lucas Hernández,8.48528137423857
Thomas Lemar,25.17300141024111
Steven N'Zonzi,12.303657992645926
Ousmane Dembélé,-2.200000000000003
Raphael Varane,10.323759005323595
Djibril Sidibe,11.737972567696685
Olivier Giroud,-27.599999999999994
Raphael Varane,14.566399692442875
Djibril Sidibe,36.400000000000006
Djibril Sidibe,-2.0
N'Golo Kanté,40.2
Lucas Hernández,-8.818163074019427
Thomas Lemar,-12.002499739637587
Steven N'Zonzi,7.400000000000006
Lucas Hernández,-36.00749921891273
Presnel Kimpembe,-6.0
Raphael Varane,29.9813275223096
Antoine Griezmann,25.45584412271569
Thomas Lemar,7.599999999999994
Antoine Griezmann,9.400000000000006
Thomas Lemar,40.906478704479085
Lucas Hernández,-27.189336144893264
Thomas Lemar,37.23224409030431
Antoine Griezmann,36.203867196751226
Lucas Hernández,-0.9899494936611655
Presnel Kimpembe,-0.7071067811865476
Steve Mandanda,40.729350596345135
Djibril Sidibe,10.799999999999983
Ousmane Dembélé,59.67981233214459
Djibril Sidibe,16.97056274847714
N'Golo Kanté,3.9597979746446823
Antoine Griezmann,14.142135623730951
Ousmane Dembélé,3.9597979746446823
Djibril Sidibe,54.305800795126856
Steve Mandanda,15.839191898578663
Raphael Varane,7.495331880577405
N'Golo Kanté,9.200000000000003
Antoine Griezmann,-11.200000000000003
Raphael Varane,-0.3999999999999915
N'Golo Kanté,1.7999999999999972
Raphael Varane,72.9734198184517
Lucas Hernández,6.788225099390853
Steven N'Zonzi,-6.200000000000003
Lucas Hernández,9.800000000000011
Antoine Griezmann,-0.20000000000000284
Steven N'Zonzi,-15.399999999999991
Lucas Hernández,-18.809040379562166
Presnel Kimpembe,-11.45512985522207
Steve Mandanda,73.11484117468902
Djibril Sidibe,22.39999999999999
Ousmane Dembélé,10.599999999999994
Antoine Griezmann,0.5999999999999943
Lucas Hernández,15.599999999999994
Lucas Hernández,10.606601717798219
Antoine Griezmann,9.199999999999989
Steven N'Zonzi,18.0
Antoine Griezmann,7.799999999999997
Steven N'Zonzi,7.799999999999997
Olivier Giroud,-6.200000000000003
Antoine Griezmann,-20.0
Presnel Kimpembe,-8.800000000000011
Raphael Varane,15.799999999999997
Djibril Sidibe,28.0
Ousmane Dembélé,-26.400000000000006
Djibril Sidibe,-16.599999999999994
Raphael Varane,1.4142135623730951
Presnel Kimpembe,41.2
Lucas Hernández,-0.2449489742783039
Antoine Griezmann,-20.08581589082207
Thomas Lemar,-33.0
Raphael Varane,22.80000000000001
N'Golo Kanté,6.599999999999994
Djibril Sidibe,3.5999999999999943
N'Golo Kanté,13.000000000000014
Ousmane Dembélé,19.516147160748726
Olivier Giroud,35.07249634685277
Djibril Sidibe,5.656854249492381
Raphael Varane,-56.599999999999994
Steve Mandanda,21.354624791833736
Raphael Varane,15.697770542341352
N'Golo Kanté,17.400000000000006
Steven N'Zonzi,-1.2000000000000028
N'Golo Kanté,4.799999999999997
Steven N'Zonzi,-7.599999999999994
Thomas Lemar,16.0
Lucas Hernández,-29.200000000000003
Presnel Kimpembe,12.800000000000011
N'Golo Kanté,5.599999999999994
Ousmane Dembélé,67.31656556895932
Lucas Hernández,18.384776310850235
Raphael Varane,6.6000000000000085
Steven N'Zonzi,22.200000000000017
Lucas Hernández,-14.941887430977372
Steven N'Zonzi,-1.714642819948197
Antoine Griezmann,10.287856919689355
Thomas Lemar,60.245497757093844
Ousmane Dembélé,25.17300141024111
Lucas Hernández,-20.400000000000006
N'Golo Kanté,-53.4
Steve Mandanda,19.51614716074871
Raphael Varane,4.101219330881979
Presnel Kimpembe,12.399999999999991
Steven N'Zonzi,-16.39999999999999
Presnel Kimpembe,18.60000000000001
N'Golo Kanté,26.80000000000001
Antoine Griezmann,15.556349186104045
Antoine Griezmann,7.353910524340078
Thomas Lemar,-12.24744871391589
Antoine Griezmann,16.68772003600254
Ousmane Dembélé,-59.277651775352915
Lucas Hernández,44.40630585851519
Thomas Lemar,16.799999999999997
Ousmane Dembélé,14.142135623730951
Thomas Lemar,24.32447327281722
N'Golo Kanté,14.199999999999989
Djibril Sidibe,37.72214203886096
Raphael Varane,8.061017305526645
Presnel Kimpembe,20.60000000000001
Steven N'Zonzi,-29.200000000000003
Raphael Varane,28.200000000000003
N'Golo Kanté,12.599999999999994
Djibril Sidibe,-5.0
N'Golo Kanté,14.199999999999989
Raphael Varane,5.799999999999997
Raphael Varane,12.303657992645931
Steven N'Zonzi,7.353910524340098
N'Golo Kanté,-3.4000000000000057
Antoine Griezmann,-10.200000000000003
Lucas Hernández,34.60000000000001
Lucas Hernández,-4.164132562731409
Antoine Griezmann,35.63818177180198
Djibril Sidibe,19.799999999999983
Steven N'Zonzi,30.799999999999997
Olivier Giroud,-3.799999999999997
Lucas Hernández,13.717871555019022
Steven N'Zonzi,10.400000000000006
Djibril Sidibe,24.200000000000003
Ousmane Dembélé,32.60000000000002
Olivier Giroud,-28.903978964841496
Djibril Sidibe,-4.409081537009714
Presnel Kimpembe,8.626702730475882
Steve Mandanda,13.010764773832475
Presnel Kimpembe,5.9396969619670035
N'Golo Kanté,34.599999999999994
Lucas Hernández,39.599999999999994
Lucas Hernández,-23.760050504996837
N'Golo Kanté,18.384776310850235
Antoine Griezmann,9.616652224137022
N'Golo Kanté,6.799999999999997
Steven N'Zonzi,-10.199999999999989
N'Golo Kanté,-11.400000000000006
Raphael Varane,15.0
Djibril Sidibe,-8.200000000000003
Raphael Varane,20.799999999999997
Ousmane Dembélé,29.799999999999997
Lucas Hernández,13.576450198781705
Steve Mandanda,13.859292911256333
Raphael Varane,27.599999999999994
Djibril Sidibe,-3.4000000000000057
Steven N'Zonzi,-13.399999999999991
Presnel Kimpembe,21.200000000000003
N'Golo Kanté,13.599999999999994
Lucas Hernández,1.224744871391589
Thomas Lemar,-5.878775382679642
N'Golo Kanté,14.142135623730951
Olivier Giroud,58.83128419472079
Presnel Kimpembe,19.374725804511396
Steven N'Zonzi,9.0
Ousmane Dembélé,7.3999999999999915
Thomas Lemar,-8.200000000000003
Steven N'Zonzi,26.000000000000014
Djibril Sidibe,-1.7146428199482318
Ousmane Dembélé,-6.6000000000000085
Steven N'Zonzi,8.600000000000009
Ousmane Dembélé,19.79898987322333
Raphael Varane,-20.599999999999994
Presnel Kimpembe,13.599999999999994
N'Golo Kanté,24.599999999999994
Lucas Hernández,-9.0
N'Golo Kanté,66.80000000000001
Lucas Hernández,-43.84586639581887
N'Golo Kanté,15.921683328090658
Thomas Lemar,-15.43178537953405
N'Golo Kanté,-17.63632614803889
Raphael Varane,7.353910524340078
Djibril Sidibe,-8.573214099741124
Raphael Varane,-18.400000000000006
Presnel Kimpembe,12.600000000000009
N'Golo Kanté,8.202438661763967
Steven N'Zonzi,11.596551211459403
Djibril Sidibe,-3.919183588453071
Antoine Griezmann,-5.14392845984466
Djibril Sidibe,8.083316151184482
Ousmane Dembélé,11.757550765359248
Antoine Griezmann,-7.838367176906177
Djibril Sidibe,0.28284271247460296
Presnel Kimpembe,22.799999999999997
Steven N'Zonzi,15.0
Lucas Hernández,-32.60000000000001
Presnel Kimpembe,-8.400000000000006
Raphael Varane,26.0
N'Golo Kanté,12.399999999999991
Antoine Griezmann,19.39999999999999
Thomas Lemar,14.799999999999997
Djibril Sidibe,25.60000000000001
Ousmane Dembélé,35.63818177180198
Steve Mandanda,14.99066376115481
Raphael Varane,21.354624791833736
Djibril Sidibe,63.000000000000014
Ousmane Dembélé,9.899494936611665
Steve Mandanda,20.22325394193526
Raphael Varane,3.676955262170049
N'Golo Kanté,3.0
Djibril Sidibe,-11.799999999999997
Raphael Varane,-0.3999999999999915
Presnel Kimpembe,22.39999999999999
Lucas Hernández,-35.76255024463438
Presnel Kimpembe,-12.599999999999994
Raphael Varane,-3.6000000000000085
Djibril Sidibe,17.0
Djibril Sidibe,29.400000000000006
Ousmane Dembélé,-9.0
N'Golo Kanté,-5.0
Steven N'Zonzi,20.19999999999999
Thomas Lemar,18.384776310850235
Lucas Hernández,34.782754347521134
Antoine Griezmann,-33.55800947612951
Thomas Lemar,-19.350968967987086
Steven N'Zonzi,10.0
Antoine Griezmann,-12.737346662472499
Steven N'Zonzi,12.737346662472532
Lucas Hernández,-35.76255024463442
Presnel Kimpembe,-14.599999999999994
Raphael Varane,28.200000000000017
Djibril Sidibe,-4.000000000000014
N'Golo Kanté,-14.600000000000009
Raphael Varane,16.0
Djibril Sidibe,-6.599999999999994
N'Golo Kanté,-12.400000000000006
Raphael Varane,12.599999999999994
Steve Mandanda,18.526197667087544
Raphael Varane,13.435028842544403
N'Golo Kanté,10.400000000000006
Antoine Griezmann,-11.0
N'Golo Kanté,-4.799999999999997
Presnel Kimpembe,34.8
Lucas Hernández,-28.599999999999994
Presnel Kimpembe,-1.6000000000000085
Raphael Varane,20.19999999999999
Ousmane Dembélé,7.0710678118654755
Steven N'Zonzi,16.6877200360025
N'Golo Kanté,1.799999999999983
Antoine Griezmann,1.6000000000000227
Djibril Sidibe,9.797958971132712
Ousmane Dembélé,9.30806102257607
Steven N'Zonzi,-6.8585712797928915
Raphael Varane,12.869343417595163
Antoine Griezmann,23.400000000000006
Ousmane Dembélé,0.5999999999999943
N'Golo Kanté,-4.0
Lucas Hernández,15.599999999999994
Thomas Lemar,10.182337649086268
Antoine Griezmann,46.103362133362936
Steven N'Zonzi,19.799999999999997
Raphael Varane,-8.799999999999997
Djibril Sidibe,-27.860007178749974
Steve Mandanda,20.930360723121808
Presnel Kimpembe,3.8183766184073606
N'Golo Kanté,6.200000000000003
Djibril Sidibe,-0.4000000000000057
N'Golo Kanté,-2.4000000000000057
Presnel Kimpembe,14.800000000000011
Steven N'Zonzi,3.5999999999999943
Lucas Hernández,-26.0
Presnel Kimpembe,5.6000000000000085
N'Golo Kanté,31.599999999999994
Djibril Sidibe,2.799999999999997
Ousmane Dembélé,8.799999999999997
Thomas Lemar,-7.799999999999997
Lucas Hernández,7.400000000000006
Thomas Lemar,3.0
Lucas Hernández,-1.200000000000017
N'Golo Kanté,22.061731573020275
Steven N'Zonzi,8.599999999999994
Antoine Griezmann,59.39696961966999
Raphael Varane,11.455129855222072
Ousmane Dembélé,18.0
N'Golo Kanté,19.400000000000006
Ousmane Dembélé,22.0
Antoine Griezmann,-5.388877434122999
Djibril Sidibe,28.799999999999997
Ousmane Dembélé,1.7999999999999972
Raphael Varane,-34.2
Presnel Kimpembe,20.80000000000001
Benjamin Mendy,-16.60000000000001
Presnel Kimpembe,17.0
Steven N'Zonzi,25.200000000000003
N'Golo Kanté,13.599999999999994
Djibril Sidibe,24.32447327281722
Antoine Griezmann,27.15290039756341
Presnel Kimpembe,17.19999999999999
Raphael Varane,42.39999999999999
Djibril Sidibe,14.707821048680197
Benjamin Mendy,34.36538956566621
Benjamin Mendy,0.848528137423859
Thomas Lemar,-9.333809511662425
Presnel Kimpembe,8.909545442950495
N'Golo Kanté,6.646803743153546
Ousmane Dembélé,11.030865786510118
Thomas Lemar,13.800000000000011
Benjamin Mendy,33.09259735953043
Antoine Griezmann,2.5455844122715874
Steve Mandanda,72.40773439350247
Raphael Varane,5.200000000000003
Djibril Sidibe,-9.0
Raphael Varane,14.400000000000006
N'Golo Kanté,25.0
Benjamin Mendy,12.399999999999991
Ousmane Dembélé,13.576450198781744
Olivier Giroud,2.8284271247461903
Benjamin Mendy,17.39999999999999
Ousmane Dembélé,-4.0
N'Golo Kanté,-1.8000000000000114
Steven N'Zonzi,12.0
Djibril Sidibe,11.879393923933966
Thomas Lemar,42.42640687119283
Presnel Kimpembe,12.400000000000006
Benjamin Mendy,4.399999999999977
Ousmane Dembélé,-11.267652816802604
N'Golo Kanté,7.353910524340078
Steven N'Zonzi,16.97056274847714
Presnel Kimpembe,-3.0
Raphael Varane,14.799999999999997
Steven N'Zonzi,-19.19999999999999
Raphael Varane,16.799999999999997
N'Golo Kanté,19.599999999999994
Benjamin Mendy,-14.0
N'Golo Kanté,-17.799999999999997
Presnel Kimpembe,90.22682527940344
Benjamin Mendy,-15.273506473629428
Steve Mandanda,70.0035713374682
Olivier Giroud,22.910259710444166
N'Golo Kanté,2.5999999999999943
Steven N'Zonzi,1.8000000000000114
Djibril Sidibe,8.0
Djibril Sidibe,-39.8
Steve Mandanda,44.40630585851518
Djibril Sidibe,4.525483399593903
Steve Mandanda,22.061731573020282
Presnel Kimpembe,46.386204845837526
Thomas Lemar,-12.0
Benjamin Mendy,-1.0
Steven N'Zonzi,0.20000000000000284
Benjamin Mendy,22.400000000000006
Thomas Lemar,7.103520254071196
Steven N'Zonzi,62.2
Steven N'Zonzi,11.400000000000006
Presnel Kimpembe,72.40773439350248
Antoine Griezmann,25.031580054003786
Ousmane Dembélé,22.400000000000006
Steven N'Zonzi,5.200000000000003
N'Golo Kanté,25.0
Djibril Sidibe,4.3999999999999915
Thomas Lemar,-12.400000000000006
Steve Mandanda,21.354624791833732
Raphael Varane,10.182337649086284
Djibril Sidibe,-10.0
Raphael Varane,17.200000000000003
Djibril Sidibe,-14.600000000000009
Raphael Varane,8.200000000000003
Presnel Kimpembe,32.400000000000006
Benjamin Mendy,-25.400000000000006
Presnel Kimpembe,2.200000000000003
Raphael Varane,5.400000000000006
Djibril Sidibe,12.200000000000003
N'Golo Kanté,-17.400000000000006
Djibril Sidibe,40.19999999999999
Olivier Giroud,-6.800000000000011
N'Golo Kanté,4.0
Djibril Sidibe,7.0
Thomas Lemar,20.223253941935255
Djibril Sidibe,32.39999999999999
Steve Mandanda,16.54629867976521
Raphael Varane,6.5053823869162395
Djibril Sidibe,-2.545584412271572
Raphael Varane,1.8384776310850246
Steven N'Zonzi,7.6367532368147115
Presnel Kimpembe,32.2
Benjamin Mendy,9.399999999999991
Thomas Lemar,25.80000000000001
Benjamin Mendy,14.424978336205594
Raphael Varane,17.111984104714452
Raphael Varane,6.505382386916234
Presnel Kimpembe,20.930360723121808
Steven N'Zonzi,20.799999999999997
Nabil Fekir,-15.200000000000003
Steven N'Zonzi,0.5999999999999943
N'Golo Kanté,4.599999999999994
Djibril Sidibe,21.000000000000014
Nabil Fekir,2.449489742783178
Ousmane Dembélé,-4.6540305112880525
Djibril Sidibe,42.70924958366745
Presnel Kimpembe,11.599999999999994
Steven N'Zonzi,8.600000000000009
Thomas Lemar,20.57571383937871
Raphael Varane,7.6367532368147115
Djibril Sidibe,14.799999999999997
Nabil Fekir,-11.399999999999991
Djibril Sidibe,3.111269837220809
Raphael Varane,11.030865786510141
Presnel Kimpembe,2.8284271247461903
Benjamin Mendy,1.5999999999999943
N'Golo Kanté,-2.200000000000003
Djibril Sidibe,2.5999999999999943
N'Golo Kanté,-2.799999999999997
Djibril Sidibe,-1.2000000000000028
N'Golo Kanté,14.599999999999994
Raphael Varane,-0.9899494936611706
Presnel Kimpembe,19.798989873223324
N'Golo Kanté,2.0
Steven N'Zonzi,12.799999999999997
Benjamin Mendy,5.999999999999986
Thomas Lemar,17.81909088590099
N'Golo Kanté,4.0
Djibril Sidibe,17.0
Ousmane Dembélé,31.96122650963198
Benjamin Mendy,-14.451989482420766
Steven N'Zonzi,7.200000000000017
Thomas Lemar,11.51260179108091
Nabil Fekir,-10.532805893967659
Thomas Lemar,13.227244611029176
Benjamin Mendy,28.284271247461902
Steven N'Zonzi,29.98132752230962
Steve Mandanda,58.124177413534206
Olivier Giroud,-11.599999999999994
Ousmane Dembélé,9.399999999999991
Thomas Lemar,66.62612100370245
Djibril Sidibe,-25.88010819142764
Raphael Varane,-4.101219330881976
Steve Mandanda,23.900209204105305
Presnel Kimpembe,14.849242404917497
Benjamin Mendy,19.799999999999997
Thomas Lemar,1.6000000000000085
N'Golo Kanté,15.200000000000003
Kylian Mbappé,16.4115812766473
Djibril Sidibe,11.879393923934007
N'Golo Kanté,26.304372260139562
Olivier Giroud,3.394112549695436
Djibril Sidibe,11.596551211459403
Steven N'Zonzi,20.930360723121808
Presnel Kimpembe,-20.6
Raphael Varane,0.7071067811865476
Benjamin Mendy,160.93750339805823
Raphael Varane,50.60000000000001
Nabil Fekir,8.999999999999986
Benjamin Mendy,3.799999999999997
Steven N'Zonzi,1.0
Presnel Kimpembe,-13.0
Steven N'Zonzi,7.3999999999999915
Djibril Sidibe,17.599999999999994
Kylian Mbappé,-14.207040508142427
Nabil Fekir,-0.9797958971132503
Djibril Sidibe,14.696938456699069
Kylian Mbappé,6.8585712797928915
Djibril Sidibe,-15.431785379534015
Kylian Mbappé,10.748023074035514
Benjamin Mendy,-34.8
Presnel Kimpembe,0.4000000000000057
Raphael Varane,15.799999999999997
Djibril Sidibe,6.599999999999994
Nabil Fekir,-11.000000000000014
Djibril Sidibe,-28.0
Raphael Varane,4.199999999999989
Presnel Kimpembe,27.400000000000006
Benjamin Mendy,5.374011537017777
Djibril Sidibe,-4.898979485566356
Nabil Fekir,5.939696961967023
Kylian Mbappé,22.627416997969522
Djibril Sidibe,19.79898987322333
Kylian Mbappé,16.404877323527895
Steven N'Zonzi,3.394112549695436
Thomas Lemar,8.202438661763967
Steven N'Zonzi,3.394112549695436
N'Golo Kanté,37.90092347159892
Djibril Sidibe,18.384776310850235
Nabil Fekir,9.899494936611665
Kylian Mbappé,3.9597979746446823
Djibril Sidibe,-22.200000000000003
Raphael Varane,1.2000000000000028
Presnel Kimpembe,30.400000000000006
Benjamin Mendy,-4.898979485566356
Thomas Lemar,22.045407685048602
Benjamin Mendy,26.870057685088806
Benjamin Mendy,-5.3999999999999915
Presnel Kimpembe,0.0
Steven N'Zonzi,-0.4000000000000057
N'Golo Kanté,9.799999999999997
Djibril Sidibe,-5.0
N'Golo Kanté,13.600000000000009
Steven N'Zonzi,14.283556979968262
Nabil Fekir,30.0
Benjamin Mendy,-2.200000000000003
Thomas Lemar,14.142135623730951
Kylian Mbappé,3.676955262170039
Steve Mandanda,23.051681066681443
Raphael Varane,10.182337649086278
Djibril Sidibe,12.0
Benjamin Mendy,11.200000000000017
Thomas Lemar,-15.676734353812353
Nabil Fekir,7.0
Steven N'Zonzi,25.17300141024111
Djibril Sidibe,17.81909088590103
N'Golo Kanté,-14.600000000000009
Raphael Varane,10.0
N'Golo Kanté,12.599999999999994
Nabil Fekir,14.9906637611548
Kylian Mbappé,13.010764773832458
Olivier Giroud,0.28284271247460296
Djibril Sidibe,25.229744350666728
Nabil Fekir,-12.002499739637551
Djibril Sidibe,-23.760050504996837
N'Golo Kanté,-9.797958971132712
Raphael Varane,14.600000000000023
Benjamin Mendy,39.31513703397206
Presnel Kimpembe,8.0
Thomas Lemar,15.799999999999997
Benjamin Mendy,-11.022703842524285
Thomas Lemar,-2.799999999999983
Steven N'Zonzi,9.200000000000003
Thomas Lemar,17.146428199482248
Benjamin Mendy,28.567113959936506
Djibril Sidibe,-6.400000000000006
N'Golo Kanté,-9.399999999999991
Djibril Sidibe,-26.599999999999994
Raphael Varane,7.6000000000000085
Presnel Kimpembe,17.200000000000017
Benjamin Mendy,-31.35346870762467
Presnel Kimpembe,7.0
Thomas Lemar,-16.901479225203925
Presnel Kimpembe,1.0
N'Golo Kanté,8.768124086713193
Presnel Kimpembe,11.31370849898474
Nabil Fekir,25.17300141024111
Benjamin Mendy,-26.454489222058317
Thomas Lemar,3.394112549695436
N'Golo Kanté,18.667619023324878
Presnel Kimpembe,-6.599999999999994
Raphael Varane,-0.19999999999998863
Djibril Sidibe,21.400000000000006
Kylian Mbappé,7.636753236814681
Steven N'Zonzi,13.859292911256308
Djibril Sidibe,24.607315985291862
Steven N'Zonzi,35.0
Presnel Kimpembe,-33.79970414071697
Steve Mandanda,14.56639969244288
Presnel Kimpembe,2.969848480983497
Raphael Varane,12.16223663640862
Djibril Sidibe,38.2
Kylian Mbappé,5.091168824543134
Djibril Sidibe,-17.636326148038854
Nabil Fekir,12.16223663640861
Djibril Sidibe,-52.419080495560024
Raphael Varane,-12.002499739637551
Presnel Kimpembe,24.607315985291862
Benjamin Mendy,21.77888886054567
Presnel Kimpembe,6.799999999999997
Raphael Varane,19.799999999999997
Djibril Sidibe,25.45584412271571
Kylian Mbappé,13.859292911256347
Steven N'Zonzi,12.727922061357855
Benjamin Mendy,-12.24744871391589
Steven N'Zonzi,20.575713839378675
Benjamin Mendy,2.694438717061517
Benjamin Mendy,-50.459488701333456
Thomas Lemar,-15.186836405255711
Presnel Kimpembe,0.0
Raphael Varane,4.3999999999999915
Antoine Griezmann,-49.8
Raphael Varane,59.39696961966998
Olivier Giroud,10.748023074035554
Benjamin Pavard,-14.799999999999997
Raphael Varane,1.979898987322331
Samuel Umtiti,3.2526911934581197
Raphael Varane,33.39999999999999
Kylian Mbappé,-27.200000000000003
Benjamin Pavard,3.4000000000000057
N'Golo Kanté,-27.6
Raphael Varane,89.09545442950498
Blaise Matuidi,6.788225099390857
Paul Pogba,9.899494936611665
Kylian Mbappé,-7.919595949289329
Antoine Griezmann,14.56639969244288
Blaise Matuidi,9.333809511662427
Raphael Varane,20.506096654409877
Benjamin Pavard,4.525483399593903
N'Golo Kanté,-1.2000000000000028
Benjamin Pavard,21.599999999999994
Kylian Mbappé,-22.19999999999999
Benjamin Pavard,2.0
N'Golo Kanté,39.39999999999999
Raphael Varane,33.39999999999999
Paul Pogba,3.6000000000000085
Lucas Hernández,44.2
N'Golo Kanté,9.758073580374354
Antoine Griezmann,3.799999999999997
Benjamin Pavard,-8.202438661763948
Raphael Varane,3.5355339059327378
Samuel Umtiti,13.717871555019027
Lucas Hernández,95.60083681642122
Raphael Varane,4.799999999999997
Paul Pogba,38.599999999999994
Hugo Lloris,23.19310242291876
Raphael Varane,11.73797256769669
Benjamin Pavard,11.879393923933996
N'Golo Kanté,-15.399999999999999
Raphael Varane,7.200000000000003
Benjamin Pavard,19.80000000000001
Kylian Mbappé,-30.0
Benjamin Pavard,-9.599999999999994
Raphael Varane,43.400000000000006
Lucas Hernández,23.799999999999997
Paul Pogba,19.80000000000001
Benjamin Pavard,14.00071426749364
Paul Pogba,9.192388155425117
Blaise Matuidi,64.00000000000001
Blaise Matuidi,-11.0
Paul Pogba,-30.0
Lucas Hernández,-13.599999999999994
Samuel Umtiti,10.199999999999989
Raphael Varane,35.999999999999986
Benjamin Pavard,-7.599999999999994
N'Golo Kanté,7.599999999999994
Benjamin Pavard,-16.60000000000001
N'Golo Kanté,-26.60000000000001
Raphael Varane,78.91311678041872
Olivier Giroud,12.727922061357855
Blaise Matuidi,15.556349186104045
Kylian Mbappé,12.445079348883253
N'Golo Kanté,16.404877323527895
Benjamin Pavard,0.0
Kylian Mbappé,6.222539674441626
Benjamin Pavard,5.374011537017777
Hugo Lloris,22.76883835420683
Paul Pogba,-14.799999999999997
N'Golo Kanté,6.799999999999997
Benjamin Pavard,16.80000000000001
Kylian Mbappé,-22.290356659326942
Benjamin Pavard,14.0
Kylian Mbappé,10.042907945411017
Benjamin Pavard,37.47719306458262
Paul Pogba,23.47594513539337
Antoine Griezmann,16.404877323527895
Paul Pogba,12.200000000000003
N'Golo Kanté,-29.393876913398138
Paul Pogba,19.39999999999999
Samuel Umtiti,12.020815280171307
Lucas Hernández,-0.282842712474618
Paul Pogba,-4.525483399593903
Benjamin Pavard,13.576450198781714
Kylian Mbappé,-8.0
N'Golo Kanté,7.0
Kylian Mbappé,-6.200000000000003
Paul Pogba,19.599999999999994
Blaise Matuidi,66.46803743153546
Antoine Griezmann,9.616652224137063
Antoine Griezmann,17.253405460951743
Raphael Varane,13.152186130069785
Raphael Varane,20.200000000000003
N'Golo Kanté,22.60000000000001
Kylian Mbappé,16.97056274847714
Olivier Giroud,2.8284271247461903
Raphael Varane,-11.0
Samuel Umtiti,24.400000000000006
Paul Pogba,8.400000000000006
Blaise Matuidi,-9.0
Paul Pogba,-11.600000000000009
Raphael Varane,91.64103884177658
Olivier Giroud,7.636753236814721
Hugo Lloris,12.58650070512055
Raphael Varane,2.1213203435596424
Benjamin Pavard,2.6000000000000085
Paul Pogba,-19.60000000000001
Raphael Varane,-21.071782079359114
Hugo Lloris,75.6604255869606
Benjamin Pavard,-13.0
Raphael Varane,137.46155826266488
Antoine Griezmann,0.0
Raphael Varane,11.399999999999991
Hugo Lloris,28.14284989122459
Samuel Umtiti,6.222539674441617
N'Golo Kanté,29.799999999999997
Kylian Mbappé,10.799999999999997
Benjamin Pavard,-11.512601791080927
N'Golo Kanté,17.39999999999999
Benjamin Pavard,5.23259018078045
Paul Pogba,6.5053823869162395
Kylian Mbappé,2.4041630560342604
Hugo Lloris,24.607315985291855
Samuel Umtiti,12.200000000000003
Lucas Hernández,-13.200000000000003
Samuel Umtiti,80.80000000000001
Samuel Umtiti,4.666904755831214
N'Golo Kanté,32.8
Benjamin Pavard,18.0
Benjamin Pavard,-22.39999999999999
Raphael Varane,6.788225099390853
Paul Pogba,29.599999999999994
Kylian Mbappé,-18.60000000000001
Benjamin Pavard,3.0
Paul Pogba,34.599999999999994
N'Golo Kanté,-4.400000000000006
Hugo Lloris,25.031580054003786
Paul Pogba,40.400000000000006
Lucas Hernández,-18.200000000000003
Blaise Matuidi,12.600000000000009
Paul Pogba,-7.0
N'Golo Kanté,21.19999999999999
Benjamin Pavard,12.600000000000009
Lucas Hernández,15.556349186104045
Paul Pogba,4.384062043356591
Samuel Umtiti,10.465180361560906
Antoine Griezmann,-5.374011537017762
N'Golo Kanté,5.200000000000003
Benjamin Pavard,25.400000000000006
Kylian Mbappé,-24.0
N'Golo Kanté,15.799999999999997
Benjamin Pavard,-5.200000000000003
Benjamin Pavard,19.80000000000001
Antoine Griezmann,41.396376653035695
Benjamin Pavard,14.600000000000009
Antoine Griezmann,10.040916292848971
Paul Pogba,1.6970562748477132
Blaise Matuidi,34.36538956566621
Antoine Griezmann,-18.400000000000006
Blaise Matuidi,15.200000000000003
Paul Pogba,-25.599999999999994
Samuel Umtiti,44.19999999999999
N'Golo Kanté,-41.80000000000001
Benjamin Pavard,-45.8
Hugo Lloris,17.960512242138307
Samuel Umtiti,15.599999999999994
Paul Pogba,94.99999999999999
Lucas Hernández,3.4292856398964635
Samuel Umtiti,5.23259018078045
Lucas Hernández,-7.0
N'Golo Kanté,-13.435028842544403
Raphael Varane,39.73940110268397
Benjamin Pavard,33.19999999999999
Kylian Mbappé,47.80000000000001
Antoine Griezmann,-7.3484692283495345
N'Golo Kanté,-16.656530250925606
Paul Pogba,8.768124086713172
Paul Pogba,15.67673435381232
Benjamin Pavard,10.777754868245998
N'Golo Kanté,2.262741699796944
Blaise Matuidi,3.959797974644642
Paul Pogba,61.65971131946698
N'Golo Kanté,10.800000000000011
Antoine Griezmann,10.182337649086268
Olivier Giroud,7.636753236814721
Paul Pogba,42.14356415871825
Paul Pogba,71.98347032479053
N'Golo Kanté,7.919595949289334
Antoine Griezmann,-6.363961030678922
Samuel Umtiti,15.839191898578663
Lucas Hernández,11.799999999999997
Blaise Matuidi,-14.799999999999997
Paul Pogba,11.599999999999994
Blaise Matuidi,-8.199999999999989
Paul Pogba,4.0
Antoine Griezmann,11.799999999999997
Blaise Matuidi,6.799999999999983
Antoine Griezmann,10.28785691968932
Paul Pogba,68.6
Kylian Mbappé,14.707821048680156
Antoine Griezmann,39.8808224589213
Benjamin Pavard,16.82914139223983
Raphael Varane,143.96694064958106
Blaise Matuidi,2.0
Paul Pogba,10.799999999999997
N'Golo Kanté,17.400000000000006
Blaise Matuidi,-7.838367176906142
Antoine Griezmann,18.667619023324857
Paul Pogba,13.200000000000003
Blaise Matuidi,-8.328265125462819
Paul Pogba,-24.799999999999997
Samuel Umtiti,17.200000000000003
N'Golo Kanté,-24.19999999999999
Raphael Varane,21.19999999999999
Kylian Mbappé,-0.7348469228349465
Benjamin Pavard,-41.400000000000006
Raphael Varane,20.0
Paul Pogba,4.3999999999999915
Antoine Griezmann,-8.199999999999989
Paul Pogba,10.599999999999994
N'Golo Kanté,-0.6000000000000085
Benjamin Pavard,11.0
N'Golo Kanté,24.19999999999999
Kylian Mbappé,10.748023074035554
N'Golo Kanté,15.839191898578688
Antoine Griezmann,15.839191898578648
Olivier Giroud,8.202438661763967
Blaise Matuidi,-1.2000000000000028
Samuel Umtiti,28.400000000000006
Antoine Griezmann,66.75088014401011
Kylian Mbappé,19.233304448274083
Hugo Lloris,147.92673862422572
Olivier Giroud,17.253405460951786
Samuel Umtiti,9.799999999999997
Lucas Hernández,5.599999999999994
Paul Pogba,32.2
Lucas Hernández,14.0
Antoine Griezmann,34.39999999999999
Benjamin Pavard,18.526197667087548
Kylian Mbappé,16.200000000000003
Antoine Griezmann,-22.599999999999994
N'Golo Kanté,5.799999999999997
Lucas Hernández,-15.199999999999996
Samuel Umtiti,14.283556979968262
Paul Pogba,48.000000000000014
Olivier Giroud,28.001428534987298
Antoine Griezmann,7.0710678118654755
Blaise Matuidi,19.200000000000003
Antoine Griezmann,-9.599999999999994
Paul Pogba,-26.200000000000003
Samuel Umtiti,7.599999999999994
Benjamin Pavard,-13.0
Raphael Varane,-2.5999999999999943
Benjamin Pavard,-35.400000000000006
Hugo Lloris,27.011479041326112
Antoine Griezmann,68.73077913133241
Paul Pogba,9.400000000000006
N'Golo Kanté,28.599999999999994
Antoine Griezmann,7.0
Kylian Mbappé,36.486709909225866
Blaise Matuidi,6.613622305514553
Hugo Lloris,134.63313113791867
Olivier Giroud,11.879393923934007
Lucas Hernández,36.400000000000006
N'Golo Kanté,9.800000000000011
Blaise Matuidi,15.199999999999989
Olivier Giroud,-8.083316151184482
Lucas Hernández,-0.4898979485566426
Paul Pogba,-2.2045407685048395
Lucas Hernández,-9.553009996854408
N'Golo Kanté,7.0
Hugo Lloris,75.51900423072328
Blaise Matuidi,0.4242640687119295
Lucas Hernández,7.7781745930520225
Paul Pogba,-6.200000000000003
Blaise Matuidi,0.7071067811865476
N'Golo Kanté,66.6
Raphael Varane,2.1999999999999886
Benjamin Pavard,16.799999999999997
Kylian Mbappé,2.0
N'Golo Kanté,17.536248173426387
Antoine Griezmann,2.204540768504874
Antoine Griezmann,66.62612100370245
Antoine Griezmann,34.78965363437813
Paul Pogba,19.516147160748726
Lucas Hernández,47.400000000000006
Olivier Giroud,6.613622305514588
Blaise Matuidi,2.939387691339786
Paul Pogba,11.022703842524301
Lucas Hernández,-12.982295636750838
Paul Pogba,36.25244819319103
Lucas Hernández,-4.898979485566356
Paul Pogba,4.409081537009748
Blaise Matuidi,16.166632302368964
Lucas Hernández,-4.409081537009714
N'Golo Kanté,10.777754868245998
Lucas Hernández,26.699438196336658
Kylian Mbappé,13.010764773832458
Benjamin Pavard,1.4000000000000057
N'Golo Kanté,34.39999999999999
Olivier Giroud,-16.599999999999994
Paul Pogba,3.200000000000003
Lucas Hernández,11.200000000000017
Blaise Matuidi,17.39137717376055
Kylian Mbappé,8.768124086713172
Blaise Matuidi,2.8284271247461903
Lucas Hernández,47.941839764447934
Benjamin Pavard,28.00142853498728
Hugo Lloris,81.8829652614022
Benjamin Pavard,4.5254833995939086
N'Golo Kanté,11.599999999999994
N'Golo Kanté,42.2
Raphael Varane,-26.02152954766495
Hugo Lloris,42.00214280248092
Kylian Mbappé,4.525483399593903
Hugo Lloris,79.90306627407988
Olivier Giroud,5.0
Antoine Griezmann,-14.399999999999991
Paul Pogba,81.17585848021567
Lucas Hernández,11.313708498984761
Hugo Lloris,66.75088014401008
Olivier Giroud,-31.60000000000001
Paul Pogba,-3.0
Lucas Hernández,-3.0
Paul Pogba,-8.0
Raphael Varane,4.400000000000006
Benjamin Pavard,-7.400000000000006
Paul Pogba,33.19999999999999
Olivier Giroud,26.870057685088806
Kylian Mbappé,0.0
Benjamin Pavard,20.085815890822033
Benjamin Pavard,32.526911934581186
N'Golo Kanté,11.599999999999994
Antoine Griezmann,7.800000000000011
Kylian Mbappé,-12.0
Antoine Griezmann,-3.0
Lucas Hernández,0.0
Blaise Matuidi,-23.0
Samuel Umtiti,17.599999999999994
Paul Pogba,-12.0
Raphael Varane,127.56206332605318
Samuel Umtiti,10.040916292848976
Antoine Griezmann,1.4142135623730951
N'Golo Kanté,13.152186130069785
Paul Pogba,43.80000000000001
Blaise Matuidi,11.59655121145938
Antoine Griezmann,1.131370849898472
Blaise Matuidi,37.0
Hugo Lloris,80.75159441150373
Hugo Lloris,79.33738084913064
Blaise Matuidi,33.375440072005034
Lucas Hernández,32.2
Paul Pogba,7.199999999999989
Paul Pogba,12.600000000000009
Lucas Hernández,12.400000000000006
Olivier Giroud,-4.164132562731409
Paul Pogba,41.39637665303572
Blaise Matuidi,12.445079348883212
Benjamin Pavard,-18.371173070873837
N'Golo Kanté,1.714642819948197
Kylian Mbappé,0.28284271247464315
Antoine Griezmann,14.142135623730951
Paul Pogba,7.919595949289365
Lucas Hernández,36.00749921891273
Blaise Matuidi,2.5455844122715874
Samuel Umtiti,-24.183051916579927
Hugo Lloris,43.41635636485402
Raphael Varane,20.788939366884495
Benjamin Pavard,-18.950461735799475
Hugo Lloris,42.850670939904774
Antoine Griezmann,-2.545584412271572
Paul Pogba,148.492424049175
Hugo Lloris,75.37758287448597
Olivier Giroud,29.400000000000006
Paul Pogba,-19.0
N'Golo Kanté,32.39999999999999
Blaise Matuidi,-1.5999999999999943
Lucas Hernández,2.449489742783178
Blaise Matuidi,7.919595949289324
Lucas Hernández,39.68173383308749
Olivier Giroud,-3.6742346141747673
N'Golo Kanté,-25.39999999999999
Samuel Umtiti,-22.599999999999994
Raphael Varane,1.3999999999999915
Benjamin Pavard,-69.8
Hugo Lloris,73.82194795587556
Blaise Matuidi,57.69991334482229
Lucas Hernández,29.132799384885754
N'Golo Kanté,3.8183766184073558
Raphael Varane,22.39999999999999
Lucas Hernández,-7.400000000000006
Paul Pogba,-11.399999999999991
Raphael Varane,54.8
Raphael Varane,14.400000000000006
Benjamin Pavard,28.0
Ousmane Dembélé,-22.599999999999994
Benjamin Pavard,16.39999999999999
N'Golo Kanté,-35.39999999999999
Raphael Varane,-30.26417023478424
Hugo Lloris,16.404877323527902
Samuel Umtiti,10.465180361560906
Paul Pogba,-5.939696961966998
Raphael Varane,24.32447327281723
Ousmane Dembélé,-4.0
Benjamin Pavard,38.39999999999999
Olivier Giroud,-1.0
Lucas Hernández,-8.0
Paul Pogba,-9.192388155425117
Benjamin Pavard,21.496046148071045
Ousmane Dembélé,2.200000000000003
Raphael Varane,85.70134187980955
Olivier Giroud,7.919595949289324
Samuel Umtiti,82.00000000000001
Olivier Giroud,16.404877323527934
Olivier Giroud,7.2124891681027865
Hugo Lloris,58.83128419472076
N'Golo Kanté,-9.192388155425116
Benjamin Pavard,163.20024509785515
Hugo Lloris,233.91092321650993
Samuel Umtiti,12.020815280171307
Nabil Fekir,15.599999999999994
Blaise Matuidi,32.39999999999999
Nabil Fekir,15.600000000000009
Ousmane Dembélé,2.694438717061482
Ousmane Dembélé,-2.939387691339821
Ousmane Dembélé,17.536248173426387
Lucas Hernández,15.697770542341352
Olivier Giroud,-15.200000000000003
Hugo Lloris,68.58935777509511
Benjamin Pavard,8.0
N'Golo Kanté,-2.3999999999999915
Benjamin Pavard,26.799999999999997
Ousmane Dembélé,2.0
Nabil Fekir,34.999999999999986
Ousmane Dembélé,3.394112549695436
N'Golo Kanté,29.0
Blaise Matuidi,12.0
Ousmane Dembélé,-10.287856919689355
Nabil Fekir,-1.469693845669893
Benjamin Pavard,4.799999999999997
Corentin Tolisso,-5.3999999999999915
Benjamin Pavard,46.19999999999999
Corentin Tolisso,-12.0
Raphael Varane,12.30365799264592
Corentin Tolisso,-27.435743110038043
Benjamin Pavard,-8.62670273047588
Hugo Lloris,30.54701294725885
Hugo Lloris,18.667619023324857
Raphael Varane,7.0710678118654755
Benjamin Pavard,-42.39999999999999
Hugo Lloris,17.819090885900998
Samuel Umtiti,7.200000000000003
Paul Pogba,-7.0
Samuel Umtiti,7.400000000000006
Raphael Varane,28.0
Benjamin Pavard,15.400000000000006
Antoine Griezmann,-20.0
Benjamin Pavard,4.0
Corentin Tolisso,13.400000000000006
N'Golo Kanté,15.399999999999991
Benjamin Pavard,75.51900423072328
Antoine Griezmann,8.202438661763967
Lucas Hernández,7.838367176906177
Paul Pogba,-12.24744871391589
Lucas Hernández,-30.618621784789728
Ousmane Dembélé,-15.186836405255695
Raphael Varane,3.4000000000000057
Corentin Tolisso,-9.600000000000009
Samuel Umtiti,37.39999999999999
Kylian Mbappé,-10.777754868245962
Raphael Varane,35.80000000000001
Benjamin Pavard,-4.0
Corentin Tolisso,19.599999999999994
Lucas Hernández,-2.449489742783178
Ousmane Dembélé,-6.599999999999994
Corentin Tolisso,12.399999999999991
Benjamin Pavard,-13.799999999999997
Corentin Tolisso,-3.5999999999999943
N'Golo Kanté,-2.200000000000003
Samuel Umtiti,52.04305909532987
Benjamin Pavard,1.6970562748477132
N'Golo Kanté,-9.616652224137045
Benjamin Pavard,57.27564927611035
Corentin Tolisso,6.599999999999994
Kylian Mbappé,35.0
Ousmane Dembélé,18.616122045152174
Paul Pogba,1.9798989873223412
Samuel Umtiti,8.599999999999994
Paul Pogba,-11.799999999999997
N'Golo Kanté,5.3999999999999915
Benjamin Pavard,25.400000000000006
Antoine Griezmann,-19.60000000000001
Raphael Varane,1.2000000000000028
Samuel Umtiti,43.2
Lucas Hernández,-5.200000000000017
Paul Pogba,-53.2
Raphael Varane,4.400000000000006
Samuel Umtiti,87.39839815465729
N'Golo Kanté,-12.599999999999994
Raphael Varane,29.200000000000003
Benjamin Pavard,-3.200000000000003
Corentin Tolisso,3.5999999999999943
Paul Pogba,17.0
Kylian Mbappé,29.9813275223096
N'Golo Kanté,30.39999999999999
Benjamin Pavard,-1.4142135623730951
Raphael Varane,-18.950461735799472
Hugo Lloris,25.3144227664784
Benjamin Pavard,-22.344574285494904
Raphael Varane,7.353910524340093
Samuel Umtiti,18.809040379562166
Lucas Hernández,-4.6000000000000085
Paul Pogba,1.0
Lucas Hernández,-18.799999999999997
Samuel Umtiti,6.929646455628164
N'Golo Kanté,5.798275605729692
Raphael Varane,56.002857069974574
Antoine Griezmann,41.29503602129436
Raphael Varane,13.010764773832474
Benjamin Pavard,-2.8284271247461903
N'Golo Kanté,10.182337649086284
Benjamin Pavard,19.200000000000003
Ousmane Dembélé,43.27493500861672
Hugo Lloris,9.05096679918781
Samuel Umtiti,16.54629867976521
N'Golo Kanté,9.333809511662425
Corentin Tolisso,5.400000000000006
Paul Pogba,66.00000000000001
Antoine Griezmann,-9.553009996854408
Antoine Griezmann,54.87148622007611
Ousmane Dembélé,13.293607486307062
Corentin Tolisso,11.313708498984761
Benjamin Pavard,2.1999999999999886
Paul Pogba,9.200000000000017
Corentin Tolisso,9.797958971132712
Lucas Hernández,32.39999999999998
Samuel Umtiti,15.599999999999994
Paul Pogba,74.95331880577403
Hugo Lloris,18.950461735799472
Raphael Varane,2.5999999999999943
Samuel Umtiti,52.20000000000002
Samuel Umtiti,-17.677669529663685
Hugo Lloris,25.03158005400378
Raphael Varane,15.697770542341358
Benjamin Pavard,124.8
Benjamin Pavard,-22.344574285494904
Hugo Lloris,37.476659402887016
Raphael Varane,11.799999999999997
Corentin Tolisso,-8.0
Raphael Varane,8.799999999999997
Corentin Tolisso,-12.399999999999991
Samuel Umtiti,16.799999999999997
Paul Pogba,23.0
Lucas Hernández,15.200000000000017
Ousmane Dembélé,-7.3484692283495345
Lucas Hernández,6.8585712797928915
Raphael Varane,-4.0
Samuel Umtiti,-44.2
Hugo Lloris,52.75016587651644
Benjamin Pavard,32.60000000000001
Samuel Umtiti,-18.384776310850235
Hugo Lloris,10.4651803615609
Raphael Varane,14.849242404917497
Benjamin Pavard,6.800000000000011
Corentin Tolisso,-18.799999999999997
Samuel Umtiti,10.399999999999991
Paul Pogba,-15.399999999999991
Samuel Umtiti,8.399999999999991
Corentin Tolisso,12.599999999999994
Benjamin Pavard,13.400000000000006
Corentin Tolisso,-9.400000000000006
N'Golo Kanté,16.400000000000006
Ousmane Dembélé,26.021529547664958
Benjamin Pavard,-3.200000000000003
N'Golo Kanté,3.5999999999999943
Benjamin Pavard,2.4000000000000057
Corentin Tolisso,-1.0
Paul Pogba,69.01362184380706
Benjamin Pavard,9.616652224137022
Raphael Varane,27.799999999999997
N'Golo Kanté,-21.599999999999994
Corentin Tolisso,-16.39999999999999
Samuel Umtiti,30.26417023478423
Paul Pogba,18.0
Lucas Hernández,9.000000000000014
Ousmane Dembélé,-34.782754347521134
Paul Pogba,-18.400000000000006
Samuel Umtiti,20.200000000000003
Corentin Tolisso,13.799999999999997
Kylian Mbappé,-7.0
Paul Pogba,25.17300141024111
Ousmane Dembélé,11.879393923934007
Lucas Hernández,-19.0
Samuel Umtiti,-6.929646455628164
Raphael Varane,10.748023074035524
N'Golo Kanté,22.200000000000003
Lucas Hernández,11.600000000000009
Paul Pogba,-26.60000000000001
Samuel Umtiti,-10.599999999999994
N'Golo Kanté,12.399999999999991
Raphael Varane,48.8
Antoine Griezmann,85.41849916733494
Raphael Varane,-34.78965363437813
Hugo Lloris,57.558491988584976
Hugo Lloris,24.183051916579927
Kylian Mbappé,-16.599999999999994
Benjamin Pavard,2.4000000000000057
N'Golo Kanté,-4.400000000000006
Benjamin Pavard,-16.400000000000006
Raphael Varane,6.0
Samuel Umtiti,17.0
Paul Pogba,-16.60000000000001
Samuel Umtiti,78.4
Antoine Griezmann,-11.022703842524301
Lucas Hernández,0.0
Antoine Griezmann,40.729350596345114
N'Golo Kanté,12.020815280171307
Antoine Griezmann,9.899494936611665
Corentin Tolisso,-1.7999999999999972
Paul Pogba,18.0
Benjamin Pavard,9.30806102257607
Raphael Varane,17.80000000000001
Corentin Tolisso,65.33666658163702
Lucas Hernández,-16.166632302368964
Paul Pogba,-6.0
Corentin Tolisso,30.799999999999983
Benjamin Pavard,-30.863570759068065
Raphael Varane,15.67673435381232
Benjamin Pavard,38.70193793597421
Benjamin Pavard,11.757550765359248
N'Golo Kanté,4.409081537009714
Raphael Varane,12.799999999999997
Benjamin Pavard,9.000000000000014
N'Golo Kanté,7.200000000000003
Antoine Griezmann,21.496046148071027
Corentin Tolisso,19.79898987322333
Paul Pogba,-1.8000000000000114
Corentin Tolisso,-7.3999999999999915
Raphael Varane,21.799999999999997
Benjamin Pavard,7.0
Antoine Griezmann,-25.39999999999999
N'Golo Kanté,18.200000000000003
Paul Pogba,-2.1999999999999886
Corentin Tolisso,34.8
Benjamin Pavard,8.202438661763967
Corentin Tolisso,21.213203435596427
Ousmane Dembélé,14.9906637611548
Ousmane Dembélé,7.0710678118654755
Lucas Hernández,24.400000000000006
Paul Pogba,-33.0
Raphael Varane,104.36896090313442
Lucas Hernández,14.199999999999989
Raphael Varane,-24.890158697766473
Hugo Lloris,28.284271247461902
Benjamin Pavard,4.101219330881979
Corentin Tolisso,-11.599999999999994
N'Golo Kanté,10.600000000000009
Samuel Umtiti,33.599999999999994
Lucas Hernández,-4.800000000000011
Paul Pogba,-22.0
N'Golo Kanté,16.400000000000006
Corentin Tolisso,43.84062043356597
Antoine Griezmann,15.273506473629443
Kylian Mbappé,5.091168824543175
Corentin Tolisso,17.536248173426387
Benjamin Pavard,-14.45198948242073
Corentin Tolisso,24.00499947927514
Benjamin Pavard,-20.08581589082207
N'Golo Kanté,-5.599999999999994
Corentin Tolisso,-9.399999999999991
Raphael Varane,58.2
Corentin Tolisso,9.400000000000006
Corentin Tolisso,-3.1843366656181593
Lucas Hernández,-4.409081537009714
Corentin Tolisso,-37.47719306458262
Samuel Umtiti,13.799999999999997
Raphael Varane,9.799999999999983
Benjamin Pavard,-15.921683328090639
Raphael Varane,-26.599999999999994
Samuel Umtiti,7.599999999999994
Raphael Varane,33.2
Benjamin Pavard,28.567113959936506
Raphael Varane,12.445079348883233
Benjamin Pavard,39.0
Raphael Varane,38.2
Samuel Umtiti,14.990663761154808
Lucas Hernández,13.717871555019023
N'Golo Kanté,0.848528137423859
Raphael Varane,38.2
Paul Pogba,21.39999999999999
Lucas Hernández,nan
Corentin Tolisso,-1.0
N'Golo Kanté,0.8000000000000114
Corentin Tolisso,-1.5999999999999943
Paul Pogba,25.738686835190354
Benjamin Pavard,11.879393923933996
Ousmane Dembélé,-8.0
N'Golo Kanté,8.0
Lucas Hernández,-5.143928459844695
Corentin Tolisso,20.364675298172575
Antoine Griezmann,22.910259710444127
Raphael Varane,28.400000000000006
Samuel Umtiti,16.4048773235279
N'Golo Kanté,11.399999999999991
Corentin Tolisso,14.0
Lucas Hernández,14.399999999999991
Kylian Mbappé,-10.0
Corentin Tolisso,7.599999999999994
Lucas Hernández,0.5999999999999943
Corentin Tolisso,-6.599999999999994
N'Golo Kanté,-15.200000000000003
Samuel Umtiti,6.799999999999997
Raphael Varane,33.0
Benjamin Pavard,40.41658075592244
Samuel Umtiti,-62.4
Hugo Lloris,30.405591591021544
Raphael Varane,-0.28284271247462306
Samuel Umtiti,15.697770542341358
N'Golo Kanté,6.799999999999997
Paul Pogba,35.80000000000001
Lucas Hernández,-11.800000000000011
Corentin Tolisso,-7.0
N'Golo Kanté,4.199999999999989
Paul Pogba,63.356767594314675
Raphael Varane,11.200000000000003
N'Golo Kanté,6.799999999999983
Benjamin Pavard,46.66904755831214
Raphael Varane,-45.400000000000006
Hugo Lloris,22.76883835420683
Samuel Umtiti,16.687720036002517
Corentin Tolisso,11.399999999999991
Antoine Griezmann,3.3999999999999773
Antoine Griezmann,11.022703842524301
Samuel Umtiti,-9.200000000000003
Raphael Varane,47.8
Benjamin Pavard,25.71964229922337
Ousmane Dembélé,16.97056274847714
Samuel Umtiti,22.200000000000003
Corentin Tolisso,1.4000000000000057
Antoine Griezmann,19.0
Hugo Lloris,9.333809511662427
Samuel Umtiti,3.6000000000000085
Raphael Varane,24.599999999999994
Ousmane Dembélé,-7.3999999999999915
Paul Pogba,14.400000000000006
Lucas Hernández,-1.1999999999999886
Paul Pogba,-0.5999999999999943
Antoine Griezmann,-41.2
Raphael Varane,3.959797974644662
Benjamin Pavard,11.030865786510148
Corentin Tolisso,7.799999999999997
Corentin Tolisso,31.0
Corentin Tolisso,6.200000000000003
Benjamin Pavard,-13.200000000000003
Corentin Tolisso,-21.599999999999994
N'Golo Kanté,4.800000000000011
Samuel Umtiti,12.399999999999991
Lucas Hernández,18.000000000000014
Kylian Mbappé,-19.200000000000003
Samuel Umtiti,7.0
N'Golo Kanté,-8.599999999999994
Samuel Umtiti,4.599999999999994
Corentin Tolisso,89.37829714197959
Kylian Mbappé,-6.613622305514588
Paul Pogba,4.599999999999994
Lucas Hernández,-5.878775382679606
N'Golo Kanté,0.0
Paul Pogba,13.576450198781705
Corentin Tolisso,49.214631970583724
Benjamin Pavard,-32.333264604737955
Corentin Tolisso,1.0
N'Golo Kanté,13.293607486307062
Paul Pogba,33.09259735953043
Lucas Hernández,11.313708498984761
Hugo Lloris,145.09831149947956
Lucas Hernández,17.200000000000003
Kylian Mbappé,-6.200000000000003
Paul Pogba,-2.6000000000000085
Lucas Hernández,4.800000000000011
Lucas Hernández,-4.799999999999997
Paul Pogba,-44.599999999999994
Raphael Varane,27.0
Benjamin Pavard,-31.200000000000003
Raphael Varane,-7.599999999999994
Samuel Umtiti,44.19999999999999
Paul Pogba,9.599999999999994
Benjamin Pavard,-36.62813126546316
Hugo Lloris,33.94112549695428
Samuel Umtiti,-1.5556349186104015
N'Golo Kanté,21.60000000000001
Corentin Tolisso,37.0
Ousmane Dembélé,75.23616151824864
Lucas Hernández,-28.70853531617383
Hugo Lloris,50.6288455329568
Benjamin Pavard,37.8
Ousmane Dembélé,3.5999999999999943
Benjamin Pavard,0.0
Lucas Hernández,30.200000000000003
Raphael Varane,8.061017305526637
Corentin Tolisso,33.2
Benjamin Pavard,41.80000000000001
Benjamin Pavard,-19.84086691654373
Corentin Tolisso,1.9595917942265355
Benjamin Pavard,-4.164132562731409
Raphael Varane,3.3941125496954263
Benjamin Pavard,4.66690475583121
N'Golo Kanté,22.200000000000003
Paul Pogba,69.57930726875627
N'Golo Kanté,25.0
Antoine Griezmann,51.47737367038065
Kylian Mbappé,17.81909088590099
Antoine Griezmann,-27.599999999999994
Samuel Umtiti,16.60000000000001
Paul Pogba,20.200000000000003
Lucas Hernández,-32.0
Samuel Umtiti,-7.0
Raphael Varane,44.8
N'Golo Kanté,10.889444430272833
Corentin Tolisso,12.869343417595163
Antoine Griezmann,35.638181771802
Benjamin Pavard,56.709963851161106
Hugo Lloris,16.263455967290593
Raphael Varane,13.859292911256333
Benjamin Pavard,9.899494936611665
Corentin Tolisso,-0.20000000000000284
Paul Pogba,9.599999999999994
Lucas Hernández,-7.3999999999999915
Paul Pogba,-12.799999999999997
N'Golo Kanté,7.0
Corentin Tolisso,20.000000000000014
Benjamin Pavard,-0.2449489742783039
Corentin Tolisso,3.6742346141747673
N'Golo Kanté,18.10193359837562
Raphael Varane,10.748023074035524
Benjamin Pavard,-6.599999999999994
N'Golo Kanté,36.2
Lucas Hernández,0.0
Antoine Griezmann,-6.400000000000006
Paul Pogba,-3.799999999999997
Raphael Varane,9.063112048297766
Benjamin Pavard,44.33576434437551
Benjamin Pavard,-19.350968967987086
Ousmane Dembélé,-25.71964229922337
Corentin Tolisso,11.030865786510118
Paul Pogba,8.202438661763967
Corentin Tolisso,-1.5999999999999943
Raphael Varane,10.599999999999994
Paul Pogba,18.80000000000001
Lucas Hernández,3.1843366656181247
Lucas Hernández,-13.962091533864122
Paul Pogba,9.063112048297766
N'Golo Kanté,1.469693845669893
Lucas Hernández,2.204540768504874
Kylian Mbappé,14.941887430977372
N'Golo Kanté,23.758787847868014
Corentin Tolisso,1.0
Raphael Varane,13.600000000000023
Benjamin Pavard,58.297855878239666
Ousmane Dembélé,17.536248173426387
Raphael Varane,-25.597265478953023
Hugo Lloris,22.485995641732213
Samuel Umtiti,13.576450198781714
Paul Pogba,27.799999999999997
Lucas Hernández,33.31306050185121
Samuel Umtiti,9.799999999999997
Corentin Tolisso,14.200000000000003
N'Golo Kanté,-8.199999999999989
Benjamin Pavard,-27.400000000000006
Raphael Varane,26.80000000000001
Paul Pogba,12.199999999999989
Kylian Mbappé,-13.199999999999989
Paul Pogba,-22.39999999999999
Samuel Umtiti,25.799999999999997
Paul Pogba,76.65037508062176
Nabil Fekir,20.081832585697935
Corentin Tolisso,8.768124086713213
Nabil Fekir,1.4142135623730951
Corentin Tolisso,-9.30806102257607
Corentin Tolisso,9.192388155425117
Paul Pogba,22.485995641732213
N'Golo Kanté,39.599999999999994
N'Golo Kanté,23.19310242291876
Paul Pogba,32.38549057834388
Nabil Fekir,61.09402589451773
N'Golo Kanté,-0.4000000000000057
Paul Pogba,31.200000000000003
Lucas Hernández,-25.0
Samuel Umtiti,11.200000000000003
N'Golo Kanté,19.200000000000003
Lucas Hernández,-19.0
N'Golo Kanté,0.5999999999999943
Corentin Tolisso,4.400000000000006
Lucas Hernández,17.11198410471445
Samuel Umtiti,6.08111831820431
Corentin Tolisso,30.97127701597078
Lucas Hernández,7.0710678118654755
Paul Pogba,12.599999999999994
Blaise Matuidi,-10.399999999999991
Lucas Hernández,-13.799999999999997
Samuel Umtiti,17.599999999999994
Paul Pogba,17.0
Nabil Fekir,15.599999999999994
Benjamin Pavard,-30.200000000000003
Raphael Varane,-1.5999999999999943
Paul Pogba,8.199999999999989
Raphael Varane,84.8528137423857
Raphael Varane,13.799999999999997
Benjamin Pavard,18.799999999999983
Raphael Varane,0.282842712474618
Samuel Umtiti,39.0
Lucas Hernández,-4.799999999999997
Blaise Matuidi,13.199999999999989
Kylian Mbappé,5.400000000000006
Lucas Hernández,-1.0
Blaise Matuidi,-9.553009996854408
Paul Pogba,15.799999999999983
Benjamin Pavard,39.59797974644666
Raphael Varane,2.6000000000000085
Samuel Umtiti,10.0
N'Golo Kanté,20.400000000000006
Lucas Hernández,1.1313708498984922
Olivier Giroud,5.656854249492381
Kylian Mbappé,3.6769552621700794
N'Golo Kanté,-3.8000000000000114
Samuel Umtiti,19.200000000000003
Paul Pogba,24.890158697766505
Kylian Mbappé,9.899494936611665
Paul Pogba,17.81909088590099
Olivier Giroud,26.021529547664958
Nabil Fekir,9.600000000000009
Nabil Fekir,-2.1999999999999886
N'Golo Kanté,24.400000000000006
Blaise Matuidi,32.20000000000002
Kylian Mbappé,-22.535305633605248
N'Golo Kanté,-15.800000000000011
Lucas Hernández,8.600000000000009
N'Golo Kanté,16.0
Kylian Mbappé,-21.555509736491963
N'Golo Kanté,-25.599999999999994
Lucas Hernández,-1.0
Raphael Varane,-27.0
Samuel Umtiti,7.0710678118654755
Lucas Hernández,44.60000000000001
Blaise Matuidi,12.199999999999989
Kylian Mbappé,21.77888886054567
Blaise Matuidi,14.707821048680197
Paul Pogba,20.64751801064718
Blaise Matuidi,19.233304448274083
Nabil Fekir,19.79898987322333
Paul Pogba,1.1313708498984922
Raphael Varane,32.400000000000006
Benjamin Pavard,31.599999999999994
Paul Pogba,29.0
Raphael Varane,-6.3999999999999915
Samuel Umtiti,19.799999999999997
Blaise Matuidi,25.200000000000003
Raphael Varane,43.80000000000001
Nabil Fekir,-52.908978444116656
Benjamin Pavard,-14.799999999999997
Raphael Varane,7.0
Samuel Umtiti,30.400000000000006
Lucas Hernández,-35.19999999999999
Samuel Umtiti,4.199999999999989
N'Golo Kanté,-10.399999999999991
Samuel Umtiti,50.999999999999986
Olivier Giroud,-4.400000000000006
Lucas Hernández,37.400000000000006
Benjamin Pavard,47.19999999999999
Nabil Fekir,-1.469693845669893
Raphael Varane,-11.0
Samuel Umtiti,-4.6000000000000085
Raphael Varane,61.0
N'Golo Kanté,0.4000000000000057
Blaise Matuidi,22.344574285494918
Kylian Mbappé,51.19453095790606
Blaise Matuidi,2.262741699796944
Lucas Hernández,7.799999999999997
N'Golo Kanté,56.8513852073984
Kylian Mbappé,22.627416997969522
Nabil Fekir,6.505382386916229
Hugo Lloris,70.56925676241744
Lucas Hernández,23.400000000000006
Benjamin Pavard,25.799999999999997
Raphael Varane,25.0
Nabil Fekir,11.757550765359248
Benjamin Pavard,24.739846402110086
Nabil Fekir,-6.8585712797928915
Benjamin Pavard,13.962091533864086
N'Golo Kanté,57.27564927611035
Kylian Mbappé,-2.969848480983497
Paul Pogba,5.515432893255069
Lucas Hernández,13.576450198781714
Nabil Fekir,-1.3999999999999915
Raphael Varane,82.87291475506338
