Player,Score
Brad Guzan,70.05186155667121
Tim Howard,35.509298820540764
Geoff Cameron,20.947453127527034
Omar González,20.42831742581436
Matt Besler,17.287663493099537
John Brooks,16.2547535455745
Steve Birnbaum,15.53814044590747
Jermaine Jones,15.192496270760806
Kyle Beckerman,13.200154711561266
Michael Bradley,12.814841176651907
Kellyn Acosta,12.456688195680435
Michael Orozco,12.335719885700618
Matt Miazga,12.16229949015228
Sacha Kljestan,12.05300581791646
DaMarcus Beasley,11.526624624936595
Timothy Chandler,9.929206207403826
Édgar Castillo,9.523699668499889
Clint Dempsey,9.523056828679529
Tim Ream,9.452019110714405
Graham Zusi,9.275099756807844
Jorge Villafaña,9.211466869237166
Christian Pulisic,9.08749602906575
Paul Arriola,8.71061522304049
DeAndre Yedlin,7.218383225180099
Fabian Johnson,6.7892544484076245
Jordan Morris,6.313591540003796
Jozy Altidore,5.964152975662054
Darlington Nagbe,5.907339870707736
Jorge Flores Villafaña,5.705583010811883
Dax McCarty,5.286638438105235
Benny Feilhaber,5.0666666666666655
Bobby Wood,4.389379254749664
Gyasi Zardes,3.886186994399596
Alejandro Bedoya,3.6699196247521972
Mikkel Diskerud,1.1167412155449734
