,Player,Score
10,Geoff Cameron,14.547074714051973
8,DeAndre Yedlin,13.707729215056348
22,Paul Arriola,12.473583391821228
12,Jermaine Jones,10.693907561794282
14,Jordan Morris,10.454800372080124
19,Matt Besler,10.210228474582884
3,Christian Pulisic,9.887939886838677
2,Bobby Wood,9.850429911240614
17,Jozy Altidore,9.62777386440739
13,John Brooks,9.365545991598301
18,Kellyn Acosta,9.16055020883697
9,Fabian Johnson,8.806487804458795
21,Omar González,8.243312772239598
15,Jorge Flores Villafaña,8.12846816574773
6,Darlington Nagbe,7.779125088094421
20,Michael Bradley,7.668409374333844
4,Clint Dempsey,7.667920921893371
16,Jorge Villafaña,6.973858272004583
0,Alejandro Bedoya,6.589916813559185
5,DaMarcus Beasley,5.2732093550484755
11,Graham Zusi,4.259058547508683
7,Dax McCarty,3.538959861805145
23,Tim Ream,3.0567840646651274
24,Timothy Chandler,-0.455202256254364
1,Benny Feilhaber,-13.949422632794464
