Player,Score
Bamidele Alli,0.0
John Stones,9.355813700582114
Kyle Walker,0.0
John Stones,5.632051136131488
Kyle Walker,31.41345253231487
Kieran Trippier,0.0
Kyle Walker,0.0
Harry Maguire,19.664975209747915
Kyle Walker,12.477379532578146
Kieran Trippier,0.0
Kyle Walker,0.0
Harry Maguire,0.0
Jesse Lingard,21.459729728027813
Ashley Young,0.0
John Stones,1.3157697366940717
Raheem Sterling,0.0
Jesse Lingard,0.0
Bamidele Alli,0.0
Kyle Walker,6.199999999999999
Ashley Young,0.0
Harry Maguire,20.479532465366486
Kyle Walker,11.4061386980871
Jesse Lingard,0.0
Jordan Henderson,0.0
John Stones,12.124974226776732
Harry Maguire,25.177867264722796
Harry Maguire,47.010437670798176
Kieran Trippier,0.0
Kyle Walker,0.0
Harry Maguire,12.518985581907192
Ashley Young,0.0
Harry Maguire,6.497788085187139
Ashley Young,0.0
Kyle Walker,4.4424092562482365
Jordan Henderson,11.795973889425154
Ashley Young,10.001249921884762
Ashley Young,0.0
John Stones,1.981161275615891
Ashley Young,0.0
Kyle Walker,0.0
Ashley Young,4.5343136195018525
Jordan Henderson,3.433838959532025
Ashley Young,4.585302607244161
Bamidele Alli,2.8565713714171457
Bamidele Alli,61.412132351840725
Kieran Trippier,64.5244139841657
Bamidele Alli,0.0
Harry Maguire,22.451837341295697
Harry Maguire,0.0
John Stones,11.666244039964187
Jordan Henderson,0.0
Harry Maguire,0.0
John Stones,13.03955520713801
Kyle Walker,37.642529139259494
Kieran Trippier,13.203408650799236
Harry Kane,25.424397731313118
Jordan Henderson,21.74787345926035
Kyle Walker,4.3406508728530575
Bamidele Alli,0.0
Jordan Henderson,12.980803133858856
Ashley Young,0.0
Harry Maguire,0.0
Jesse Lingard,4.472694937059759
Jordan Henderson,15.606408939919516
Bamidele Alli,18.66761902332485
Kieran Trippier,15.194777063188527
Harry Maguire,0.0
Kieran Trippier,31.1262750742841
Harry Maguire,3.3542883000720147
Jordan Henderson,0.0
Kyle Walker,15.875177164365757
Kieran Trippier,0.0
Kyle Walker,0.0
Ashley Young,13.940408889268634
Bamidele Alli,37.48201235259387
Kieran Trippier,0.0
John Stones,0.0
Kyle Walker,14.108862463005304
Harry Maguire,9.984049779523335
Jordan Henderson,0.0
Kyle Walker,0.0
Jordan Henderson,4.301162633521311
Kieran Trippier,2.0928449536456353
John Stones,0.0
Kieran Trippier,0.0
Kyle Walker,0.0
Kieran Trippier,23.34823333787806
Harry Kane,19.523351402871377
Raheem Sterling,13.377966960640887
Raheem Sterling,0.0
Jordan Henderson,0.0
Harry Maguire,17.601136326953444
Ashley Young,39.43817947116726
Harry Kane,0.0
Bamidele Alli,23.272301132462175
John Stones,21.204510133459813
Raheem Sterling,0.0
Kyle Walker,0.0
John Stones,28.83732390496732
Bamidele Alli,0.0
Harry Maguire,0.0
Jordan Henderson,0.0
Kyle Walker,0.0
Raheem Sterling,0.0
Jordan Henderson,10.819658035261561
Harry Kane,35.29546713106371
Bamidele Alli,23.926554285981098
Bamidele Alli,0.0
Harry Maguire,0.0
Kyle Walker,16.15893715564238
Kieran Trippier,5.112851454912417
Jordan Henderson,0.0
Kieran Trippier,9.907131269948936
Jesse Lingard,0.0
Kieran Trippier,0.0
Kieran Trippier,20.702717212965066
Jesse Lingard,17.805897899291697
Ashley Young,0.0
Harry Maguire,0.0
John Stones,6.4047833687018665
Kyle Walker,0.0
John Stones,20.59736026776247
Bamidele Alli,0.0
John Stones,5.319891916195288
Jordan Henderson,0.0
John Stones,0.0
Kieran Trippier,3.3800887562311104
Jesse Lingard,0.0
Kieran Trippier,0.0
Harry Maguire,0.0
Bamidele Alli,14.37845610627233
Harry Maguire,36.2162946751873
Kieran Trippier,13.962986786500947
Harry Maguire,0.0
John Stones,0.0
Harry Kane,26.861310466915093
Raheem Sterling,7.81024967590662
Jesse Lingard,1.3601470508735523
Harry Kane,7.589795781178832
Ashley Young,12.941503003901802
Harry Kane,0.0
Bamidele Alli,0.0
Jordan Henderson,16.032778923193536
Jesse Lingard,3.8897300677553552
Bamidele Alli,9.47628619238568
Harry Kane,0.0
Kieran Trippier,0.0
Kyle Walker,14.063472188616867
Jordan Henderson,15.086417732516884
Harry Maguire,0.0
Kyle Walker,0.0
Bamidele Alli,18.001701308487483
Kieran Trippier,4.221374183841085
Jesse Lingard,0.0
Kyle Walker,51.5440709490432
Kieran Trippier,36.95294304923492
Harry Kane,0.0
Kyle Walker,0.0
Jesse Lingard,0.0
Bamidele Alli,38.083395331824086
Harry Maguire,8.275339872174431
Ashley Young,0.0
Harry Kane,28.574289142514115
Raheem Sterling,19.74335331193771
Kyle Walker,86.01395235657992
Kyle Walker,0.0
Ashley Young,0.0
Harry Kane,16.96850022836433
Kieran Trippier,0.0
Harry Kane,8.063808033429371
Jordan Henderson,6.9434321484407135
Bamidele Alli,12.33536582351735
Raheem Sterling,5.157639964169659
Jordan Henderson,10.155355729859986
Harry Maguire,48.26940024487564
Jesse Lingard,0.0
Kieran Trippier,9.538343671728336
Jordan Henderson,6.936948176251578
Kieran Trippier,6.8280670764133475
Jordan Henderson,63.37822970074191
Kyle Walker,0.0
Ashley Young,9.099725270578224
Jordan Henderson,14.533452790028942
Kieran Trippier,71.84657263920111
Jesse Lingard,0.0
John Stones,5.385164807134504
Kyle Walker,11.876026271442818
Harry Maguire,10.553672346628927
Jordan Henderson,16.190467874647727
Bamidele Alli,0.0
Raheem Sterling,6.270964838045248
Bamidele Alli,27.69259828907355
Ashley Young,0.0
Harry Maguire,29.355834173124766
Jesse Lingard,10.526157893552613
Jesse Lingard,0.0
Kyle Walker,2.1216149509277122
Jesse Lingard,0.0
John Stones,0.0
Bamidele Alli,6.744998146775134
Ashley Young,0.0
Jesse Lingard,6.767569726275459
Bamidele Alli,17.834937622543002
Kyle Walker,10.866922287382005
Jordan Henderson,0.0
John Stones,0.0
Harry Maguire,0.0
Ashley Young,0.0
Jesse Lingard,4.254409477236528
Jordan Henderson,0.0
Kyle Walker,8.26627183196875
Jordan Henderson,0.0
Kyle Walker,0.0
Ashley Young,0.0
Harry Maguire,10.874741376235114
John Stones,0.0
Kyle Walker,8.059854217043874
Jordan Henderson,12.886475468490211
Kieran Trippier,26.980571713735053
Kieran Trippier,24.113274352522097
Harry Kane,71.20849668403342
Jordan Henderson,10.486717789661355
Marcus Rashford,11.204574958471184
Bamidele Alli,14.434074268895827
Harry Kane,0.0
Marcus Rashford,43.43500892137581
Harry Kane,19.83128840998486
Harry Kane,23.296351645697655
Bamidele Alli,44.055533137166776
Jesse Lingard,0.0
Kieran Trippier,0.0
Kyle Walker,0.0
John Stones,15.75007936487941
Jesse Lingard,29.600675667964072
Marcus Rashford,0.0
Kyle Walker,14.341242972629667
John Stones,32.537689684425956
John Stones,5.866856057549052
Jordan Henderson,0.0
Kyle Walker,5.916185426438226
John Stones,0.0
Harry Maguire,12.68232037128853
Jesse Lingard,0.0
Harry Maguire,4.467801472760398
Kyle Walker,7.699999999999999
John Stones,3.5300495747227116
Jordan Henderson,0.0
Harry Maguire,24.997824905379264
Bamidele Alli,0.0
Ashley Young,7.9038756316126335
Marcus Rashford,0.0
Bamidele Alli,24.424782496472698
Harry Kane,60.562777347146145
Ashley Young,0.0
John Stones,12.51618951598289
Ashley Young,21.04293230517078
Kieran Trippier,9.933780750550108
Marcus Rashford,0.0
Kieran Trippier,0.0
Kieran Trippier,67.98830781833007
Bamidele Alli,0.0
John Stones,55.616004890678724
Kieran Trippier,0.0
Jesse Lingard,0.0
Kyle Walker,0.0
John Stones,0.0
Harry Maguire,12.669698102164865
Jordan Henderson,0.0
John Stones,14.580980762623621
Kyle Walker,20.233758919192454
Marcus Rashford,0.0
Jesse Lingard,9.060905032059434
Kieran Trippier,6.235483140864072
John Stones,0.0
Kyle Walker,0.0
Danny Rose,0.0
Harry Maguire,0.0
John Stones,0.0
Kyle Walker,15.174320413118995
Jordan Henderson,10.767601868568512
Jesse Lingard,0.0
Kieran Trippier,0.0
Kyle Walker,12.156531166414206
Jordan Henderson,0.0
Kyle Walker,16.747872999279643
Kieran Trippier,29.13453706513972
Jesse Lingard,19.639755599294016
Marcus Rashford,23.767414667986095
Harry Maguire,22.01454064930722
Danny Rose,0.0
Harry Maguire,0.0
Kyle Walker,12.680891135878424
Jordan Henderson,7.641989269817115
Jesse Lingard,0.0
Jordan Henderson,12.306908628896215
Kyle Walker,11.956640414430803
Kieran Trippier,0.0
Kyle Walker,0.0
John Stones,21.204244858046703
Bamidele Alli,31.067044436186713
Danny Rose,39.09590771423525
Jesse Lingard,15.880806024884215
Kieran Trippier,50.26808132403703
Kyle Walker,10.695851999724004
John Stones,8.432748662209729
Eric Dier,0.0
John Stones,9.425762568620115
Bamidele Alli,0.0
John Stones,10.782161193378627
Kyle Walker,8.15299024898227
Eric Dier,8.260750571225353
Danny Rose,5.571467490706554
Danny Rose,0.0
John Stones,24.85218803244495
Kyle Walker,14.21201076554616
Kieran Trippier,11.086027241532472
Jesse Lingard,0.0
Eric Dier,0.0
John Stones,13.416407864998735
Harry Maguire,5.765847726050349
Eric Dier,0.0
Harry Maguire,0.0
John Stones,6.675327707311452
Kyle Walker,8.867073925484096
Eric Dier,0.0
John Stones,15.65007987200066
Harry Maguire,41.25266658047693
John Stones,9.234987818075338
Jesse Lingard,4.369353499088851
Danny Rose,0.0
John Stones,0.0
Kyle Walker,21.565046951027025
Kieran Trippier,6.905070600652827
Jesse Lingard,0.0
Kieran Trippier,0.0
Kieran Trippier,10.951769263456933
Jesse Lingard,0.0
Harry Maguire,39.91290518115662
Danny Rose,17.06520582940622
Marcus Rashford,0.0
Danny Rose,0.0
John Stones,3.5411862419251565
John Stones,9.441464399127922
Eric Dier,0.0
Kieran Trippier,0.0
Kyle Walker,7.258873879604187
Eric Dier,0.0
Kyle Walker,0.0
John Stones,14.774809643443804
Eric Dier,4.005152930912876
Bamidele Alli,0.0
Kieran Trippier,0.0
John Stones,15.756268593801009
Harry Maguire,11.210318907149798
Bamidele Alli,0.0
Harry Maguire,126.483674835925
John Stones,16.46693656998775
Eric Dier,9.636454223416413
Harry Maguire,15.764675702341613
Danny Rose,11.212994693657897
Eric Dier,2.0248456731316584
Bamidele Alli,0.0
Harry Maguire,19.13426246292237
Bamidele Alli,16.05
Danny Rose,0.0
Eric Dier,0.0
Harry Maguire,6.527250569726892
John Stones,0.0
Eric Dier,45.84747812039394
John Stones,0.0
Eric Dier,13.760995603516486
John Stones,14.700382648080963
Marcus Rashford,0.0
Eric Dier,9.222323459953028
Jesse Lingard,26.486623982682286
John Stones,12.656223765404908
Harry Maguire,0.0
Eric Dier,7.8224836209480175
Jesse Lingard,0.0
John Stones,0.0
Eric Dier,23.83537287310605
Harry Maguire,0.0
Eric Dier,14.537236670014007
John Stones,27.615665843864793
Bamidele Alli,4.690549008378444
Eric Dier,15.302654998398156
Jesse Lingard,0.0
Harry Maguire,0.0
Bamidele Alli,6.989635183612945
Danny Rose,0.0
Bamidele Alli,0.0
Jesse Lingard,12.169634341261041
Harry Maguire,11.123174007449494
Harry Kane,36.885905167150206
Kieran Trippier,0.0
Kyle Walker,0.0
Harry Maguire,6.731363160608704
John Stones,19.843922243346952
Kyle Walker,6.887670143089037
Harry Kane,0.0
Kieran Trippier,0.0
Jesse Lingard,0.0
Kieran Trippier,0.0
Jesse Lingard,0.0
John Stones,0.0
Harry Maguire,20.83629645594437
Ashley Young,9.902588045556575
John Stones,11.903780911962391
Harry Kane,13.86542462386207
Harry Maguire,0.0
John Stones,21.79667405821356
Kyle Walker,16.048714901823136
Kieran Trippier,3.375092591322492
Jordan Henderson,0.0
Kieran Trippier,0.0
John Stones,0.0
Kieran Trippier,0.0
Harry Maguire,0.0
Jordan Henderson,11.975600193727242
Jesse Lingard,0.0
Kyle Walker,15.748650735856707
Kieran Trippier,0.0
Kyle Walker,0.0
John Stones,12.592904748309657
Raheem Sterling,0.0
John Stones,6.977105417004962
Harry Maguire,20.545559130868153
Raheem Sterling,0.0
John Stones,18.36477606724351
Kyle Walker,13.370115930686618
Kyle Walker,0.0
John Stones,0.0
Kyle Walker,0.0
Harry Maguire,12.981958634967215
Ashley Young,0.0
Harry Maguire,16.681763995453238
Kyle Walker,0.0
Kyle Walker,4.849742261192853
Jordan Henderson,11.59660510666807
Ashley Young,0.0
Jordan Henderson,0.0
John Stones,12.571594966431269
Kyle Walker,10.590797892510269
Kyle Walker,25.522171733612325
John Stones,17.936694232773224
Kieran Trippier,0.0
Jordan Henderson,2.9225417020121403
Kieran Trippier,0.0
Kyle Walker,0.0
John Stones,9.100549433962758
Kyle Walker,21.745832934150858
Kyle Walker,10.031948963187563
Jordan Henderson,0.0
Harry Maguire,9.07530991206361
Jordan Henderson,27.858952780031057
Ashley Young,24.35261792908516
Raheem Sterling,22.562136423663407
Jesse Lingard,38.88971586422303
Kyle Walker,55.03635162326805
Kieran Trippier,24.29176815301842
Kyle Walker,14.49724111684705
Kieran Trippier,16.363679292872952
Jesse Lingard,0.0
Jordan Henderson,19.354618311917186
Kieran Trippier,3.0135112410608347
Jesse Lingard,6.318623267769645
Kieran Trippier,0.0
Jesse Lingard,27.65863337187866
Raheem Sterling,31.455365202139987
John Stones,20.719555979798404
Ashley Young,0.0
Raheem Sterling,0.0
Harry Maguire,25.855753711698284
Kyle Walker,7.505997601918083
Ashley Young,8.741281370600076
Bamidele Alli,0.0
Ashley Young,0.0
Harry Maguire,15.703502793962894
Kyle Walker,0.0
Kieran Trippier,4.6135669497689085
Jordan Henderson,16.53405576378645
Raheem Sterling,12.525573839150079
Kieran Trippier,23.200888991588233
Bamidele Alli,6.5924198895398005
Harry Kane,0.0
Jesse Lingard,0.0
Harry Kane,0.0
Jesse Lingard,0.0
John Stones,28.821367941164766
Harry Maguire,4.420407221060067
Jordan Henderson,0.0
Jesse Lingard,16.923098120616093
Kieran Trippier,0.0
Jesse Lingard,1.5656468311851175
Raheem Sterling,0.0
Jesse Lingard,49.923140926828694
Ashley Young,0.0
Jesse Lingard,12.757742747053644
Raheem Sterling,22.828052917408428
Harry Maguire,0.0
Jesse Lingard,8.95544527089523
Kieran Trippier,0.0
Kyle Walker,17.67774024020037
Kieran Trippier,0.0
Kyle Walker,0.0
Jordan Henderson,0.0
John Stones,0.0
Ashley Young,10.636728820459794
Harry Kane,25.03797116381438
Kieran Trippier,33.943629741086895
Kieran Trippier,0.0
John Stones,17.62501773048754
Harry Maguire,12.315082216534325
Ashley Young,0.0
Harry Maguire,7.9246451024635824
John Stones,14.786184430068497
Kyle Walker,27.87743262927918
Jesse Lingard,35.81298647139054
Kieran Trippier,0.0
Jesse Lingard,13.761586027780373
Bamidele Alli,26.196373794859472
Jesse Lingard,9.024411338142786
Bamidele Alli,7.912016177940989
Jesse Lingard,9.501578816175742
Harry Maguire,15.017822744992031
Kyle Walker,23.021104447875647
Kieran Trippier,0.0
Jesse Lingard,0.0
Kyle Walker,9.297311439335566
Jordan Henderson,15.23913547416651
Bamidele Alli,0.0
Jesse Lingard,7.3912955562607605
Harry Maguire,20.878727212165014
Ashley Young,0.0
Bamidele Alli,9.378965827851168
Kieran Trippier,12.345849504995599
Kieran Trippier,0.0
Harry Maguire,15.303308465818757
Ashley Young,0.0
Raheem Sterling,0.0
Harry Maguire,4.862226856081483
John Stones,6.9354163537598845
Harry Maguire,15.64864211361484
Kyle Walker,22.8956600691048
Kieran Trippier,32.105451250527516
Harry Kane,9.646242791885335
Bamidele Alli,0.0
Kyle Walker,1.423024947075769
Bamidele Alli,15.610893632332521
Harry Maguire,14.112583037842501
Ashley Young,28.231188426986215
Raheem Sterling,57.36200833304222
Ashley Young,0.0
Jesse Lingard,95.90834166014963
Kyle Walker,0.0
John Stones,12.82283120063584
Jesse Lingard,0.0
Harry Maguire,0.0
John Stones,13.78010341035219
Kyle Walker,0.0
John Stones,18.246129726602287
Jordan Henderson,51.95623158005208
Bamidele Alli,30.34534560686366
Ashley Young,61.52332890863432
Kieran Trippier,0.0
Kyle Walker,5.467632028584221
Jordan Henderson,0.0
John Stones,20.60075848118219
Ashley Young,19.851983528101165
Bamidele Alli,0.0
Ashley Young,0.0
Harry Maguire,0.0
Ashley Young,0.0
Harry Maguire,0.0
John Stones,8.986934961375876
Kyle Walker,0.0
John Stones,11.635774576709538
Kyle Walker,0.0
John Stones,0.0
Jordan Henderson,1.0006248048094704
Kyle Walker,0.0
Kieran Trippier,0.0
Raheem Sterling,0.0
Kieran Trippier,0.0
Raheem Sterling,0.0
Kyle Walker,0.0
John Stones,0.0
Kieran Trippier,25.63123094976124
Kieran Trippier,10.813012993610984
Raheem Sterling,0.0
Jordan Henderson,11.04536101718726
Jesse Lingard,0.0
Kieran Trippier,0.0
Kyle Walker,0.0
Harry Maguire,11.389084686663809
John Stones,8.477027781009099
Jesse Lingard,0.0
Kieran Trippier,0.0
Kyle Walker,0.0
Kyle Walker,6.513159755448964
Harry Maguire,9.859576562915873
Ashley Young,0.0
Jordan Henderson,7.166676356582596
Jesse Lingard,3.70472671056854
Bamidele Alli,17.93097877975432
Kieran Trippier,0.0
Kyle Walker,5.30954329486068
Kieran Trippier,0.0
Kyle Walker,6.0589809374184425
Kieran Trippier,0.0
John Stones,29.23841650979067
Ashley Young,0.0
Harry Maguire,0.0
John Stones,13.35421281843299
Kyle Walker,7.12258731080217
Jordan Henderson,16.401219466856723
Kieran Trippier,142.66113696448662
Harry Maguire,24.14500465934931
Harry Kane,28.040149785619906
Jordan Henderson,7.6636316456364195
Harry Maguire,4.126893504804796
Ashley Young,0.0
John Stones,16.806397591393583
Kieran Trippier,0.0
John Stones,0.0
Kieran Trippier,18.933568073662187
Jesse Lingard,0.0
Jordan Henderson,145.97701873925223
Ashley Young,18.744599222175975
Jordan Henderson,0.0
Ashley Young,109.79184851344837
Kieran Trippier,72.9712272063448
Ashley Young,37.437013769797396
Jesse Lingard,0.0
Harry Maguire,9.550981624943065
Ashley Young,0.0
Harry Maguire,0.0
John Stones,22.570140673021957
Bamidele Alli,11.635344859521782
Ashley Young,0.0
Bamidele Alli,0.0
John Stones,8.528848105107745
Kyle Walker,0.0
John Stones,11.6516093309036
Jordan Henderson,0.0
Kieran Trippier,0.0
Kyle Walker,0.0
John Stones,2.6779189681541875
Kyle Walker,0.0
John Stones,0.0
Harry Maguire,25.11105334309972
Harry Kane,0.0
Harry Kane,23.81228674445191
Kieran Trippier,0.0
Kyle Walker,0.0
Harry Kane,22.527788395668132
Ashley Young,0.0
Jordan Henderson,128.70528349683244
Kieran Trippier,12.187083326210583
Jesse Lingard,0.0
Bamidele Alli,24.02126661939375
Ashley Young,0.0
Bamidele Alli,0.0
Harry Maguire,8.357332110189233
Jordan Henderson,13.07636226173013
Ashley Young,0.0
Harry Maguire,0.0
John Stones,0.0
Ashley Young,11.267708285183812
Ashley Young,110.66819778057291
Harry Maguire,31.601424018547007
Jordan Henderson,47.865762816443244
Kieran Trippier,0.0
Kyle Walker,0.0
John Stones,0.0
Harry Maguire,0.0
John Stones,8.086099183166137
Jordan Henderson,0.0
John Stones,10.129906218716934
Kyle Walker,7.395353270804577
Jordan Henderson,25.069927203723587
Kyle Walker,21.354624791833736
Harry Kane,65.01476755322592
Jesse Lingard,35.281723313919905
Jordan Henderson,20.243548354969786
Raheem Sterling,0.0
Jesse Lingard,9.551963149007639
Ashley Young,7.717512552629888
Jordan Henderson,13.458454591816992
Harry Maguire,2.9276697218094814
Jordan Henderson,9.968951800465282
Ashley Young,18.945184084616347
Bamidele Alli,24.08318915758459
Kieran Trippier,46.70770814330332
Jesse Lingard,80.55463984153863
Ashley Young,0.0
John Stones,11.257219905465114
Kyle Walker,0.0
John Stones,0.0
Jesse Lingard,12.856126943990558
Harry Kane,39.94508730745246
Ashley Young,45.320304500300956
Jordan Henderson,31.060103026229633
Kieran Trippier,0.0
Kyle Walker,0.0
John Stones,13.496851484698198
Jordan Henderson,0.0
Kyle Walker,0.0
John Stones,0.0
Kyle Walker,0.0
Ashley Young,8.080841540334772
Jordan Henderson,46.47613634974405
Kyle Walker,8.900632000032356
Jesse Lingard,5.8664299194654985
Harry Maguire,22.945369903316006
Ashley Young,33.584669121490535
Raheem Sterling,31.72948155895397
Kieran Trippier,31.41973901864878
Jesse Lingard,34.420923869065454
Ashley Young,0.0
Harry Maguire,15.292645291119516
Bamidele Alli,0.0
Harry Maguire,0.0
John Stones,14.54372717015827
Jordan Henderson,55.40541489782382
Harry Kane,46.997127571799545
Ashley Young,0.0
John Stones,0.0
Harry Maguire,0.0
Kyle Walker,0.0
Harry Maguire,25.762011761506507
Bamidele Alli,55.75840743780259
Bamidele Alli,50.50980102910722
Raheem Sterling,19.609181522949928
Jordan Henderson,24.368011818775855
Ashley Young,29.795469454264328
Raheem Sterling,20.032224040280706
Jesse Lingard,28.523674377611343
Ashley Young,0.0
John Stones,0.0
Kyle Walker,0.0
Jesse Lingard,19.734234213670415
Jordan Henderson,0.0
Jordan Henderson,0.0
Kieran Trippier,0.0
Kyle Walker,0.0
Ashley Young,29.827671716042474
Jesse Lingard,26.076809620810597
Bamidele Alli,18.994999341932083
Ashley Young,0.0
Bamidele Alli,12.481285991435314
Ashley Young,0.0
Jordan Henderson,0.0
Harry Maguire,0.0
Ashley Young,4.900000000000002
Fabian Delph,3.364706525092495
Jordan Henderson,64.50954386755497
Raheem Sterling,0.0
Fabian Delph,0.0
Ashley Young,3.425091239660625
Jordan Henderson,12.414709017935134
Fabian Delph,63.02959622272698
Harry Kane,52.0753300517625
Kieran Trippier,3.1593116338848235
Jesse Lingard,0.0
Kieran Trippier,0.0
Kyle Walker,0.0
John Stones,0.0
Harry Kane,6.588247111333941
Fabian Delph,0.0
Ashley Young,10.041165271023077
Kyle Walker,53.105225731560544
Harry Kane,8.59214757787598
Jesse Lingard,0.0
Kieran Trippier,0.0
Jordan Henderson,10.396273370780527
Jesse Lingard,0.0
Kieran Trippier,0.0
Kyle Walker,0.0
Kieran Trippier,14.80033783398204
Ashley Young,0.0
Jesse Lingard,0.0
Kieran Trippier,26.481526579863186
Harry Maguire,13.879841497654072
Kyle Walker,0.0
Fabian Delph,0.0
Ashley Young,19.51473802027586
Raheem Sterling,32.29674906240568
Kieran Trippier,27.298534759213755
John Stones,0.0
Eric Dier,12.827509501068405
Fabian Delph,0.0
Ashley Young,29.531762561689412
Jesse Lingard,2.7536339626028896
Jesse Lingard,8.904493247793498
Marcus Rashford,0.0
Jesse Lingard,0.0
Jesse Lingard,0.0
Bamidele Alli,3.4729310387625043
John Stones,8.777243302996679
Jordan Henderson,0.0
John Stones,18.258285790292582
Jesse Lingard,0.0
Kyle Walker,0.0
John Stones,14.30629232191206
Harry Maguire,17.035404309848357
Bamidele Alli,5.3967582862307255
Ashley Young,0.0
Harry Maguire,0.0
Kieran Trippier,0.0
John Stones,26.828715958837833
Kyle Walker,59.66875229129568
Harry Kane,27.88045910669333
Kieran Trippier,0.0
Kyle Walker,5.724617891178414
Jordan Henderson,0.0
Kieran Trippier,0.0
Kyle Walker,11.236603134399648
John Stones,12.332528126868393
Harry Maguire,5.300471677124591
Ashley Young,28.650676257289284
Harry Kane,25.66420172146409
Kyle Walker,0.0
John Stones,5.231156659860228
Jordan Henderson,0.0
John Stones,0.0
Harry Maguire,9.208759416989889
Harry Kane,0.0
Harry Maguire,14.200000000000003
Jordan Henderson,26.09178510566113
Bamidele Alli,80.1025748649817
Kieran Trippier,3.9193430571972074
Kieran Trippier,134.23859355639868
Jesse Lingard,10.202205643879175
Harry Kane,0.0
Bamidele Alli,0.0
Jesse Lingard,6.969307713108945
Kieran Trippier,14.199691898065966
Harry Kane,0.0
Jesse Lingard,22.585836269662476
Raheem Sterling,5.6603886792339715
Jesse Lingard,33.00484812872192
Ashley Young,12.377802712921216
Kieran Trippier,0.0
Kyle Walker,9.70161069101415
John Stones,21.42020074602476
Raheem Sterling,0.0
John Stones,9.140090262136367
Harry Maguire,0.0
John Stones,7.352210551936064
Raheem Sterling,10.41369290885803
Harry Maguire,0.0
John Stones,23.051925082300606
Harry Kane,8.130498139720595
Ashley Young,80.35626920159993
Kieran Trippier,11.319231422671779
Kyle Walker,13.097375691336035
John Stones,0.0
Kyle Walker,9.96895180046528
Harry Maguire,15.461565250646517
Jesse Lingard,0.0
Harry Maguire,0.0
Kyle Walker,0.0
John Stones,0.0
Kyle Walker,20.535213658494037
Ashley Young,0.0
Kyle Walker,22.35050335003666
Kieran Trippier,50.204693505687295
Jesse Lingard,30.83390990451905
Kieran Trippier,37.95589545775466
Bamidele Alli,0.0
Kyle Walker,0.0
John Stones,0.0
Harry Maguire,7.207027820121136
Ashley Young,23.930211031246674
Harry Maguire,11.412328859614938
Kieran Trippier,0.0
Kieran Trippier,0.0
John Stones,19.173679876330468
Ashley Young,23.106519642732877
Harry Kane,0.0
John Stones,11.043606747797575
Jordan Henderson,0.0
John Stones,12.948552042603062
Raheem Sterling,6.106656204503412
Harry Kane,0.0
Bamidele Alli,0.0
John Stones,14.317821063276353
Harry Maguire,43.736026339849396
Harry Kane,17.28380745090617
Raheem Sterling,12.3907223356833
Harry Kane,83.78090474565195
Kieran Trippier,0.0
John Stones,15.165915732325562
Harry Maguire,12.753871961094795
Bamidele Alli,0.0
John Stones,10.825952613973516
Bamidele Alli,11.005964292146318
Jesse Lingard,11.315697062046155
Jesse Lingard,0.0
Jordan Henderson,13.710260756090674
Raheem Sterling,82.6090188780862
John Stones,7.382496190313954
Harry Maguire,5.664803615307419
John Stones,24.627855164427128
Jesse Lingard,0.0
Kyle Walker,0.0
John Stones,15.38542329609426
Harry Maguire,15.424047782602333
Bamidele Alli,0.0
Harry Maguire,32.00624938976762
Jesse Lingard,11.479111463872126
Kieran Trippier,0.0
Ashley Young,0.0
Harry Maguire,9.300604819042684
John Stones,0.0
Harry Maguire,0.0
Raheem Sterling,0.0
Kyle Walker,0.0
Kyle Walker,11.130139262381224
John Stones,0.0
Kyle Walker,12.442718754355898
Ashley Young,9.710883070040543
John Stones,10.138293742045548
Jesse Lingard,0.0
Ashley Young,6.140032573203495
Harry Maguire,6.816524040887708
Jesse Lingard,0.0
Ashley Young,24.902836183856653
Ashley Young,0.0
John Stones,0.0
Ashley Young,0.0
Kyle Walker,13.04688660179125
Harry Maguire,18.562899827343784
Ashley Young,0.0
Jesse Lingard,25.741017850893133
Harry Kane,33.70237380363586
Raheem Sterling,28.111385593741193
Harry Maguire,43.798416067250656
Jordan Henderson,13.588230201170415
Bamidele Alli,19.09371624383266
Jordan Henderson,0.0
Harry Maguire,10.922453936730522
Bamidele Alli,0.0
John Stones,16.154875425084533
Kyle Walker,26.81342947106915
Ashley Young,0.0
Harry Maguire,0.0
John Stones,4.910320763453241
Jordan Henderson,9.417802291405359
Harry Maguire,18.098100729082038
Bamidele Alli,0.0
Jordan Henderson,14.339150951154675
John Stones,11.427215321328287
Harry Maguire,31.282982594375497
Jordan Henderson,12.092973166264777
Bamidele Alli,0.0
Harry Maguire,17.802247049178934
Kyle Walker,10.856392126300523
Kieran Trippier,0.0
Kyle Walker,10.325938214031698
Jesse Lingard,0.0
John Stones,15.650079872000656
Jesse Lingard,17.79048200583672
Bamidele Alli,0.0
Harry Maguire,27.228317061471145
Jesse Lingard,14.306729185946047
Bamidele Alli,0.0
Raheem Sterling,6.929826837663412
Bamidele Alli,0.0
Bamidele Alli,0.0
Ashley Young,0.0
John Stones,8.611112007168414
Bamidele Alli,0.0
Harry Maguire,5.556190241523415
Bamidele Alli,0.0
Harry Maguire,0.0
John Stones,9.455421725126808
Bamidele Alli,9.29381514772055
Harry Maguire,7.61051903617618
Harry Kane,18.309560344257317
Jordan Henderson,20.95709903588759
Jesse Lingard,8.720091742636683
Kieran Trippier,0.0
Kyle Walker,0.0
Kyle Walker,8.710338684574786
John Stones,17.061396484461643
Harry Kane,0.0
Harry Maguire,6.562107131097447
Harry Kane,16.79002680164627
Jordan Henderson,8.477027781009095
Bamidele Alli,10.2420701032555
Jesse Lingard,0.0
Raheem Sterling,3.9597979746446823
Jesse Lingard,21.93171219946131
Kyle Walker,31.180923655337757
Harry Kane,11.072488428533118
Bamidele Alli,6.306346010171032
John Stones,0.0
Kyle Walker,0.0
Harry Maguire,0.0
Kyle Walker,6.0885137759555095
John Stones,25.39844975584139
Kieran Trippier,0.0
Harry Kane,12.267436570041845
Jesse Lingard,9.621330469327011
Bamidele Alli,0.0
Kyle Walker,11.53819743287488
Jesse Lingard,20.350491394558503
Bamidele Alli,0.0
Kieran Trippier,0.0
Kyle Walker,0.0
Harry Maguire,0.0
John Stones,0.0
Harry Maguire,6.187992404649508
John Stones,0.0
Kyle Walker,14.013564856951994
Kieran Trippier,0.0
John Stones,0.0
Kieran Trippier,0.0
Kyle Walker,13.588276196780807
Raheem Sterling,0.0
Kyle Walker,0.0
Harry Maguire,0.0
Kyle Walker,20.235148875162746
Kyle Walker,13.16895022391686
John Stones,5.660830327787613
Bamidele Alli,0.0
Kyle Walker,15.528844129554523
Bamidele Alli,0.0
John Stones,5.757712219275981
Jordan Henderson,0.0
John Stones,20.16385999753023
Raheem Sterling,0.0
Kieran Trippier,0.0
Kyle Walker,6.502403401819978
John Stones,2.0651876428063374
Jordan Henderson,0.0
John Stones,21.076794111059684
Jesse Lingard,8.867073925484096
John Stones,16.11431816739387
Harry Kane,4.897448315194349
Kyle Walker,11.646673344779618
Jesse Lingard,0.0
Kyle Walker,7.516648189186453
John Stones,5.090309420850562
Jordan Henderson,0.0
Kyle Walker,0.0
Harry Maguire,7.1463277282811495
John Stones,11.130363875453485
Raheem Sterling,0.0
John Stones,21.894405678163544
Bamidele Alli,0.0
Ashley Young,29.139835277502865
Harry Kane,0.0
Ashley Young,0.0
Jesse Lingard,4.6216880033165335
Ashley Young,0.0
Jordan Henderson,11.057633110209439
Harry Maguire,27.29432175380074
Bamidele Alli,23.24908600354003
Harry Kane,4.701063709417263
Raheem Sterling,0.0
Jesse Lingard,0.0
Bamidele Alli,0.0
Kyle Walker,0.0
John Stones,4.800520805079382
Bamidele Alli,0.0
John Stones,14.926654012202466
Ashley Young,10.575443253121842
Raheem Sterling,0.0
Ashley Young,132.33295130087595
Harry Maguire,36.92208011474972
Kieran Trippier,72.75713023477496
Harry Maguire,0.0
Harry Maguire,3.9422392114127183
Kieran Trippier,4.138840417314976
Jesse Lingard,0.0
Ashley Young,8.09081269094768
Raheem Sterling,23.206895526976467
Kieran Trippier,3.3473870406632087
Jordan Henderson,6.1143274364397655
Jesse Lingard,0.0
Harry Maguire,0.0
John Stones,0.0
Kyle Walker,0.0
John Stones,0.0
Ashley Young,38.60861302870125
Bamidele Alli,0.0
Ashley Young,0.0
Raheem Sterling,11.139569111954046
Jordan Henderson,16.95025811012918
Kieran Trippier,0.0
Kyle Walker,0.0
John Stones,0.0
Harry Maguire,1.1157956802210696
John Stones,10.698656457705333
Kieran Trippier,0.0
John Stones,16.695545813180235
Harry Maguire,10.288889638828866
Kyle Walker,0.0
Kieran Trippier,0.0
John Stones,2.209072203437452
Kyle Walker,0.0
John Stones,0.0
Kyle Walker,0.0
John Stones,20.43798546824026
Bamidele Alli,13.363803724987878
Raheem Sterling,0.0
Bamidele Alli,119.2719581460789
Ashley Young,68.02940540677979
Kyle Walker,12.187083326210587
Bamidele Alli,0.0
John Stones,7.400337830126406
Kieran Trippier,2.9715315916207246
Jordan Henderson,14.803420212910256
Ashley Young,5.800107757619678
Raheem Sterling,68.33710558693568
Kyle Walker,9.39095309327014
Jordan Henderson,11.500217389249649
Jesse Lingard,37.0971865510041
John Stones,11.185314032247819
Ashley Young,65.35001912777072
Eric Dier,0.0
John Stones,0.0
Kieran Trippier,0.0
Kyle Walker,0.0
Harry Maguire,0.0
Harry Kane,27.157411511408807
Kieran Trippier,89.9640483748925
Harry Maguire,9.701095298985573
Harry Maguire,31.07444689773255
Ashley Young,14.332524201968054
Eric Dier,7.602631123499282
Jesse Lingard,0.0
Jesse Lingard,0.0
Kyle Walker,18.982656558026857
Harry Maguire,23.092883102808965
Jordan Henderson,0.0
Harry Maguire,0.0
Kieran Trippier,0.0
Kyle Walker,0.0
Ashley Young,24.992798962901297
Kyle Walker,0.0
Kyle Walker,8.065667982256645
Eric Dier,0.0
Harry Maguire,9.800063775302691
Jordan Henderson,0.0
John Stones,11.941733542497085
Kyle Walker,15.535161730732002
Kieran Trippier,0.0
Kyle Walker,8.560665861952561
Eric Dier,0.0
Kyle Walker,0.0
John Stones,14.534097839219333
Jordan Henderson,0.0
Harry Maguire,13.741178988718547
Ashley Young,0.0
John Stones,10.242070103255495
Ashley Young,0.0
Harry Maguire,10.218365818466275
Eric Dier,0.0
Harry Maguire,6.634097527169767
Jordan Henderson,0.0
Harry Maguire,15.180415014089704
John Stones,0.0
Harry Maguire,8.65974884162353
Jordan Henderson,6.319018911191834
Jamie Vardy,30.380421326900677
Harry Maguire,5.4672890905822795
Ashley Young,2.959940877787933
John Stones,0.0
Harry Maguire,0.0
Harry Maguire,9.682522915025816
Eric Dier,7.747257579298629
Ashley Young,0.0
Eric Dier,14.153488969155275
John Stones,23.169484241130622
John Stones,0.0
Kyle Walker,0.0
John Stones,10.46141720800772
Harry Maguire,0.0
John Stones,11.246555028096378
Jordan Henderson,0.0
John Stones,0.0
Eric Dier,8.97357230984406
Kyle Walker,4.125681761842522
Eric Dier,0.0
Kyle Walker,7.909566991940834
Eric Dier,0.0
Kyle Walker,5.5154328932550705
Kyle Walker,0.0
Harry Kane,61.311091981793915
Jesse Lingard,0.0
John Stones,162.00200616041764
Harry Kane,24.086510747719352
Kieran Trippier,2.4093567606313515
Eric Dier,7.2221880341071145
Harry Kane,26.853863781586394
Jesse Lingard,56.43580423808985
Danny Rose,10.812492774564063
Harry Maguire,0.0
John Stones,6.179805822192151
Harry Maguire,7.46726188103779
Danny Rose,46.91375064946312
Harry Maguire,40.82082801707972
Harry Maguire,18.251712248443976
Jesse Lingard,5.575392362874559
Harry Kane,0.0
Jesse Lingard,0.0
Harry Maguire,26.62163124228115
Jesse Lingard,0.0
Harry Kane,42.182120027329105
Danny Rose,0.0
Jesse Lingard,7.043436661176127
Jordan Henderson,0.0
John Stones,12.910509285074696
Danny Rose,0.0
Harry Maguire,0.0
Kyle Walker,15.268922686293225
Eric Dier,35.76541625649001
Jordan Henderson,0.0
Danny Rose,10.522832318344722
Jordan Henderson,0.0
Eric Dier,0.0
John Stones,21.667977524448386
Danny Rose,19.11674658512793
Jesse Lingard,40.75340476573706
Jordan Henderson,39.84971769034255
Harry Maguire,15.55671077059672
Marcus Rashford,0.0
John Stones,0.0
Eric Dier,9.027458113998645
Kieran Trippier,46.212133147042685
Kieran Trippier,56.85771715431426
Harry Maguire,9.357951164651375
Harry Kane,26.431988196123307
Jesse Lingard,8.121576201698764
Kieran Trippier,0.0
Jordan Henderson,0.0
Eric Dier,0.0
Harry Maguire,11.621155278198454
Kieran Trippier,40.26127171364561
Eric Dier,11.57502699780869
Marcus Rashford,14.7150008494733
Kieran Trippier,13.209844813622901
John Stones,0.0
Eric Dier,0.0
Harry Maguire,7.646649593122468
Danny Rose,5.42966389383358
Marcus Rashford,0.0
Harry Maguire,0.0
John Stones,17.564168070250293
Jordan Henderson,12.354958518748656
Marcus Rashford,28.44292530665579
Jesse Lingard,0.0
John Stones,8.412193530821792
Harry Maguire,9.321011211236689
Ashley Young,0.0
Kyle Walker,4.617493909037664
Raheem Sterling,0.0
Kyle Walker,3.683069372140571
Raheem Sterling,6.75462804305315
Ruben Loftus-Cheek,0.0
Raheem Sterling,0.0
Kyle Walker,0.0
John Stones,4.210106887004176
Kyle Walker,10.107484850347287
Ruben Loftus-Cheek,0.0
Kyle Walker,0.0
John Stones,18.798537177131625
Harry Maguire,0.0
Raheem Sterling,0.0
Harry Maguire,0.0
John Stones,10.32472759931225
Kyle Walker,4.808326112068521
Jordan Henderson,14.074134076382817
Kieran Trippier,45.53817080208647
Ruben Loftus-Cheek,29.670861126701368
Kyle Walker,0.0
Kyle Walker,0.0
Harry Maguire,7.923461995870239
Ashley Young,0.0
Harry Maguire,16.94122191578872
Kyle Walker,20.5320481199514
Harry Maguire,8.781301156434617
John Stones,18.822891648203257
Kyle Walker,0.0
John Stones,12.129354888039186
Raheem Sterling,0.0
Harry Maguire,0.0
John Stones,0.0
Harry Maguire,0.0
Kyle Walker,53.21683239352
Kieran Trippier,59.705359893396505
Jordan Henderson,2.98851970045372
Harry Kane,0.0
Harry Maguire,0.0
John Stones,7.385881802466108
Kyle Walker,0.0
John Stones,7.051595564125898
Kyle Walker,0.0
John Stones,4.847808783357692
Kyle Walker,5.3834236318536135
Kieran Trippier,0.0
Kyle Walker,0.0
John Stones,16.647559881255873
Harry Maguire,5.809044671888832
Jesse Lingard,0.0
Ashley Young,8.924964985925719
Jesse Lingard,0.0
Ashley Young,0.0
Kyle Walker,3.211113514032163
John Stones,0.0
Kyle Walker,10.149630535147573
Kieran Trippier,0.0
Kyle Walker,17.135088269396228
Jordan Henderson,67.60665647700675
Raheem Sterling,0.0
Jesse Lingard,12.728363995423763
Jordan Henderson,0.0
Ashley Young,0.0
Kyle Walker,6.075462945323592
John Stones,17.7564424927968
Ruben Loftus-Cheek,0.0
Kyle Walker,6.791998969375657
John Stones,7.293918699848529
Jordan Henderson,0.0
John Stones,7.212489168102784
Kyle Walker,0.0
John Stones,0.0
Jordan Henderson,7.615773105863907
Kyle Walker,7.571740222696492
Jesse Lingard,0.0
Kieran Trippier,0.0
Kyle Walker,24.51430704711026
Harry Maguire,9.210048859805257
Ashley Young,0.0
Harry Maguire,6.01705908230923
John Stones,10.805611967861887
Ruben Loftus-Cheek,0.0
Jordan Henderson,0.0
Harry Maguire,3.9788503364665506
Jordan Henderson,0.0
Harry Maguire,0.0
John Stones,14.779208368515553
Kyle Walker,7.662326670143994
Harry Kane,0.0
Kyle Walker,12.502999640086376
Ruben Loftus-Cheek,0.0
Kieran Trippier,92.216267545374
Ashley Young,18.906215909060172
Kyle Walker,14.349956445926944
Kieran Trippier,0.0
Kyle Walker,0.0
Kyle Walker,4.696940493555353
Jordan Henderson,8.376455097474109
Kieran Trippier,0.0
Kyle Walker,0.0
Harry Maguire,9.826558400579522
John Stones,14.104077424631496
Jesse Lingard,0.0
Jordan Henderson,14.270292568829834
Kyle Walker,151.99171030026605
Harry Maguire,7.015340333868342
Ashley Young,0.0
John Stones,15.244056218736539
Kyle Walker,0.0
John Stones,10.23187421736605
Jesse Lingard,0.0
Kyle Walker,3.5531676008879773
Jordan Henderson,0.0
Kyle Walker,34.67333269243095
Harry Kane,9.70824391947381
Jesse Lingard,0.0
Ashley Young,0.0
Kyle Walker,4.921508914956876
John Stones,11.568275584545868
Harry Maguire,3.9976555629518646
John Stones,14.639714819626782
Kyle Walker,9.360822613424528
Raheem Sterling,0.0
John Stones,8.15176361286317
Raheem Sterling,0.0
John Stones,13.852075656738233
Jesse Lingard,0.0
Harry Maguire,9.355479677707606
Ashley Young,0.0
Harry Maguire,0.0
John Stones,19.06056137683253
Kyle Walker,17.935579165446537
Jordan Henderson,0.0
Harry Maguire,10.807404868885037
Ashley Young,0.0
John Stones,12.689020844809107
Kyle Walker,16.891454940294512
Kieran Trippier,140.84377870534428
Ashley Young,0.0
Kyle Walker,7.421590126111789
Kieran Trippier,0.0
Kyle Walker,21.988661851054054
Harry Maguire,10.139033484509262
Jordan Henderson,0.0
John Stones,7.115563927054552
Harry Maguire,0.0
Ashley Young,0.0
Harry Maguire,0.0
John Stones,12.175025667324078
Kyle Walker,0.0
John Stones,24.791228287440703
Ruben Loftus-Cheek,0.0
Kyle Walker,3.7015199580712794
Kieran Trippier,0.0
John Stones,13.892443989449804
Raheem Sterling,0.0
Jordan Henderson,66.61054721288514
John Stones,8.976148951527042
Jordan Henderson,0.0
Harry Maguire,7.948899294870961
Ashley Young,0.0
Harry Maguire,9.409104633279412
John Stones,14.707863543016707
Raheem Sterling,0.0
Kyle Walker,9.372299611087985
John Stones,9.150136611002049
Raheem Sterling,0.0
Kyle Walker,11.688669727560965
Kieran Trippier,3.373425558686598
Raheem Sterling,0.0
Kieran Trippier,0.0
Kyle Walker,12.74524421107732
John Stones,18.366851934939753
Jesse Lingard,15.178356300996464
Jesse Lingard,21.3637543517051
Raheem Sterling,11.016805344563368
Harry Kane,0.0
Jordan Henderson,4.020572098594927
Jesse Lingard,0.0
Kieran Trippier,23.802730935756113
Jordan Henderson,71.29214542991392
Harry Kane,16.53602128687551
Ashley Young,0.0
John Stones,0.0
Kieran Trippier,7.789736837660179
Ruben Loftus-Cheek,23.888281646028904
Raheem Sterling,4.750789408087899
Kieran Trippier,62.75866474041653
Harry Maguire,3.5355339059327378
Ruben Loftus-Cheek,0.0
John Stones,13.352949112462014
Jesse Lingard,0.0
Jordan Henderson,4.62385120867876
Harry Maguire,0.0
Kyle Walker,17.47240681760816
Ruben Loftus-Cheek,0.0
Kyle Walker,0.0
John Stones,6.75721836261046
Jordan Henderson,11.90215316654932
John Stones,11.55124452169549
Raheem Sterling,7.920306180950326
Jesse Lingard,0.0
Raheem Sterling,6.1311703613584285
Jesse Lingard,0.0
Harry Maguire,8.883692925805125
Ashley Young,0.0
Harry Maguire,8.00624756049924
Raheem Sterling,0.0
John Stones,5.00212454862931
Raheem Sterling,11.524755962709147
Kyle Walker,0.0
John Stones,4.6023092029979935
Kyle Walker,12.754803016903086
Raheem Sterling,0.0
Harry Maguire,0.0
Jordan Henderson,10.072301127349203
Kyle Walker,7.263952092353031
Harry Kane,31.35602015562563
Jesse Lingard,38.5996113970076
Ruben Loftus-Cheek,0.0
Kieran Trippier,0.0
Kyle Walker,0.0
Harry Maguire,133.60003742514448
Harry Kane,106.32553785427095
Ashley Young,24.728980973748158
Harry Kane,45.66760339671882
Harry Maguire,9.78423476823814
Ashley Young,0.0
Ruben Loftus-Cheek,0.0
Jordan Henderson,20.3711806236163
Ruben Loftus-Cheek,15.285000817795199
Harry Kane,104.79584915443935
Jordan Henderson,0.0
Jesse Lingard,4.026319659440864
Kieran Trippier,0.0
Kyle Walker,3.37490740613724
Kieran Trippier,0.0
John Stones,8.907019703582112
Jordan Henderson,0.0
John Stones,8.79495594076514
Kyle Walker,26.322257691923006
Raheem Sterling,5.381449618829483
Kyle Walker,11.045361017187258
Jordan Henderson,0.0
Kyle Walker,8.910667763978182
John Stones,9.90050503762308
Harry Maguire,10.374005976477939
Ashley Young,0.0
Harry Maguire,10.586370955147943
John Stones,25.640690318320218
Ruben Loftus-Cheek,0.0
Kyle Walker,21.405168768313878
Harry Maguire,13.028094641965115
Jesse Lingard,0.0
Harry Maguire,0.0
John Stones,15.388022939936116
Raheem Sterling,14.422205101855955
Ruben Loftus-Cheek,0.0
Kyle Walker,16.46572197020222
Harry Maguire,5.870689908349796
Jesse Lingard,0.0
Harry Maguire,3.5355339059327378
Jesse Lingard,0.0
John Stones,12.465151423067432
Jordan Henderson,8.375261189956996
Kieran Trippier,0.0
Jordan Henderson,14.003570973148252
Jesse Lingard,5.729092423761377
Kieran Trippier,0.0
Jesse Lingard,0.0
Kieran Trippier,0.0
Jesse Lingard,10.87301706059547
Kyle Walker,0.0
Ashley Young,8.500661738947151
Jesse Lingard,0.0
Harry Maguire,1.8388175548433352
Jesse Lingard,5.426900588733866
John Stones,0.0
Jesse Lingard,1.4667140143872623
John Stones,14.543426350073082
Kyle Walker,6.208461967347467
Ashley Young,9.05676542701643
Jordan Henderson,0.0
John Stones,1.449568901432423
Jordan Henderson,27.625554293081617
Ruben Loftus-Cheek,0.0
Jordan Henderson,0.0
Kyle Walker,8.768765591575587
John Stones,0.0
Harry Maguire,0.0
Raheem Sterling,4.762877281643936
Harry Maguire,2.780512542679857
Raheem Sterling,0.0
Harry Maguire,0.0
Kyle Walker,9.049930938963016
Kyle Walker,10.4513157066467
Jordan Henderson,16.839833728395302
Harry Maguire,10.398798007462208
Ashley Young,0.0
Harry Maguire,0.0
Kyle Walker,16.845474169639747
Ruben Loftus-Cheek,12.100000000000001
Jordan Henderson,21.531633704853892
Harry Kane,0.0
Jesse Lingard,0.0
Jordan Henderson,5.4296638938335775
Ruben Loftus-Cheek,0.0
Jordan Henderson,6.926849933411287
Ruben Loftus-Cheek,0.0
Jordan Henderson,3.3839695625108694
Kieran Trippier,0.0
Kyle Walker,6.2405929205484965
John Stones,11.594017854048703
Jesse Lingard,6.0399710264205755
Ashley Young,0.0
Jesse Lingard,5.8652578800935915
Raheem Sterling,0.0
John Stones,0.0
Jordan Henderson,10.04116527102308
Ruben Loftus-Cheek,0.0
Jordan Henderson,0.0
Kyle Walker,17.88103045129111
Harry Maguire,28.850129982376174
Kyle Walker,20.135075117813688
John Stones,27.441756503547666
Ruben Loftus-Cheek,75.72502888741609
John Stones,0.0
Kyle Walker,10.169132214697575
Harry Maguire,7.929139297553051
John Stones,7.985298992523696
Jordan Henderson,0.0
John Stones,9.947926919715485
Kieran Trippier,0.0
John Stones,3.622154055254962
Kieran Trippier,0.0
John Stones,4.3567476401554455
Jesse Lingard,6.140032573203507
Raheem Sterling,0.0
Jesse Lingard,2.5700194551792754
Raheem Sterling,0.0
John Stones,0.0
Kyle Walker,6.0083275543199175
Raheem Sterling,0.0
Kyle Walker,0.0
Jordan Henderson,10.562433431742894
Harry Maguire,0.0
Jordan Henderson,0.0
John Stones,2.6890983619049713
Kyle Walker,28.62699774688223
Ashley Young,0.0
Harry Maguire,15.170407047933816
Kyle Walker,17.929061603999248
Ruben Loftus-Cheek,25.184916120567078
Kyle Walker,8.105553651663781
Fabian Delph,5.481902042174777
Harry Maguire,0.0
Fabian Delph,4.839550598970943
Kyle Walker,7.115124735378853
Jordan Henderson,22.34155321368683
Ruben Loftus-Cheek,27.25013761433144
Danny Rose,15.030344307433545
Jordan Henderson,10.28396810574595
Kyle Walker,5.73683274987166
Ashley Young,0.0
Kyle Walker,5.375872022286242
John Stones,12.680743274745373
Jordan Henderson,16.474260226183148
Harry Maguire,0.0
John Stones,7.385881802466108
Kyle Walker,4.328972164382671
John Stones,15.273670154877637
Raheem Sterling,0.0
Ruben Loftus-Cheek,0.0
Kyle Walker,8.667251582826012
John Stones,8.38040870125079
Fabian Delph,0.0
John Stones,3.904004354505762
Fabian Delph,10.167165288319055
Ashley Young,0.0
Kyle Walker,20.26079958935481
Harry Maguire,6.565154225149626
Jordan Henderson,5.944009589494286
Danny Rose,0.0
Jordan Henderson,0.0
Kyle Walker,14.512063946937392
Ashley Young,101.62598093007516
Ashley Young,0.0
John Stones,2.263017896526667
Jordan Henderson,14.957982818548766
Harry Maguire,6.7008394996448
Danny Rose,0.0
Harry Maguire,11.531695452100701
Kyle Walker,0.0
John Stones,6.688142492501186
Jordan Henderson,0.0
Kyle Walker,10.386589911997099
Ashley Young,0.0
Kyle Walker,18.682378060621723
Harry Maguire,7.715244649393826
Fabian Delph,10.234256201600575
Kyle Walker,5.170106381884227
Ashley Young,5.934749362862765
John Stones,0.0
Kyle Walker,10.539983396571364
Jordan Henderson,24.396823563734685
Fabian Delph,2.9300170647967243
Raheem Sterling,5.707889277132137
Jordan Henderson,8.925315120487342
Fabian Delph,0.0
Jordan Henderson,7.874087248691115
Danny Rose,0.0
Jordan Henderson,9.576076962932158
John Stones,18.261468998960638
Raheem Sterling,0.0
John Stones,14.427101233442562
Ruben Loftus-Cheek,0.0
John Stones,5.316013544000804
Jordan Henderson,0.0
Kyle Walker,23.04821034267087
Raheem Sterling,0.0
Kyle Walker,15.063200191194428
Ashley Young,0.0
Kyle Walker,6.795586803212801
John Stones,12.97964752988308
Harry Maguire,0.0
John Stones,14.997708158248711
Fabian Delph,7.435136178981526
Danny Rose,0.0
Fabian Delph,8.053027381053655
Danny Rose,0.0
Harry Maguire,0.0
Fabian Delph,6.330975438271743
Harry Maguire,0.0
Fabian Delph,0.0
John Stones,8.016935199937695
Fabian Delph,0.0
John Stones,20.683115094201835
Harry Maguire,0.0
Fabian Delph,4.66382353868583
Harry Maguire,0.0
Jordan Henderson,10.770387643905856
Harry Maguire,19.399548963828998
Danny Rose,0.0
Harry Maguire,15.160804727981962
Jordan Henderson,12.364869590901463
Fabian Delph,12.419742348374218
Jordan Henderson,43.285216875972786
Ashley Young,0.0
John Stones,25.894014752448104
Harry Maguire,4.806766064621823
Jordan Henderson,8.224430071439606
Harry Maguire,0.0
John Stones,8.620397322629628
Kyle Walker,0.0
John Stones,18.94465623863362
Harry Maguire,3.3363527990906467
Jordan Henderson,10.043156874210421
Jamie Vardy,0.0
Fabian Delph,0.0
Harry Maguire,10.878419002777933
Danny Rose,18.68689380287692
Danny Rose,0.0
Jordan Henderson,0.0
Ashley Young,0.0
Kyle Walker,4.967896939349688
Ashley Young,0.0
Kyle Walker,3.7364756121243436
Ashley Young,3.188259713385972
Kyle Walker,5.069516742254632
Ashley Young,0.0
Kyle Walker,5.375872022286242
Ashley Young,0.0
Kyle Walker,16.446314176738813
John Stones,0.0
Kyle Walker,6.238990302925628
Ashley Young,0.0
Kyle Walker,6.17454451761424
Ashley Young,0.0
Kyle Walker,0.0
John Stones,5.246069957596828
Kyle Walker,0.0
John Stones,0.0
Kyle Walker,2.000000000000001
John Stones,6.456004956627589
Jordan Henderson,17.083069103647617
Harry Maguire,0.0
John Stones,11.87960437051672
Fabian Delph,8.279568225457169
Jordan Henderson,43.630092825938384
Jamie Vardy,109.15058405707228
Harry Maguire,10.48910148678141
Danny Rose,0.0
Harry Maguire,6.5375836514724615
John Stones,6.436225602012413
Jordan Henderson,0.0
Ashley Young,0.0
Kyle Walker,5.966573556070515
John Stones,9.798022759720451
Fabian Delph,1.8828170383762746
Jordan Henderson,0.0
Fabian Delph,0.0
Ashley Young,5.41767939250746
Fabian Delph,0.0
John Stones,16.46697452478749
Ashley Young,5.8137767414994554
Ruben Loftus-Cheek,3.353356527421443
Jordan Henderson,109.90486795406291
Raheem Sterling,19.915383501203284
Kyle Walker,0.0
John Stones,21.65274232054683
Harry Maguire,5.036988187399291
Fabian Delph,0.0
John Stones,8.591929352595958
Harry Maguire,0.0
John Stones,11.321660655575227
Kyle Walker,0.0
John Stones,15.723906957241898
Ruben Loftus-Cheek,15.840612361900664
Ashley Young,0.0
John Stones,12.073938876770917
Ruben Loftus-Cheek,0.0
Jamie Vardy,0.0
Danny Rose,0.0
Raheem Sterling,0.0
Fabian Delph,0.0
Kyle Walker,11.886967653695379
Ruben Loftus-Cheek,32.89635238138115
Ashley Young,0.0
Kyle Walker,0.0
Harry Maguire,14.182383438618487
Danny Rose,0.0
Harry Maguire,0.0
John Stones,13.393701878121671
Kyle Walker,19.136646780457646
Ruben Loftus-Cheek,0.0
Jordan Henderson,0.0
Kyle Walker,0.0
Kyle Walker,20.86168737183069
Bamidele Alli,0.0
John Stones,18.25705343148231
Kyle Walker,6.377401508451543
Jordan Henderson,0.0
John Stones,14.37919504005701
Harry Maguire,6.074537019394975
Ashley Young,0.0
Harry Maguire,5.461226968365258
Ashley Young,0.0
John Stones,6.965001794687494
Harry Maguire,0.0
Kyle Walker,15.966879782850492
Bamidele Alli,0.0
Jesse Lingard,0.0
Jordan Henderson,34.30116616093391
Ashley Young,0.0
Jesse Lingard,0.0
Harry Maguire,0.0
John Stones,0.0
Kyle Walker,4.5608387386532305
John Stones,6.477750381112255
Kyle Walker,10.825028868321782
Jordan Henderson,175.60546688528808
Bamidele Alli,16.45843248915278
Kieran Trippier,60.72890580275592
Harry Kane,0.0
Jesse Lingard,18.276248247383815
Raheem Sterling,6.591282121105121
Ashley Young,0.0
John Stones,0.0
Kyle Walker,8.352918651585204
John Stones,18.82564739922641
Kieran Trippier,0.0
Jordan Henderson,0.0
Kyle Walker,0.0
Harry Maguire,23.92511755457014
Ashley Young,0.0
Harry Maguire,5.176026468247624
Jordan Henderson,7.924645102463576
Ashley Young,8.968347116386612
Jordan Henderson,0.0
Kyle Walker,65.39450473854818
Ashley Young,0.0
Ashley Young,7.65375724726098
Jordan Henderson,0.0
Kyle Walker,16.73140759171206
Kieran Trippier,0.0
Kyle Walker,0.0
John Stones,11.029052543169788
Harry Maguire,5.6781378989947004
Ashley Young,0.0
Harry Maguire,0.0
John Stones,16.207444277244946
Kyle Walker,5.694295391003174
Kieran Trippier,0.0
John Stones,15.444456934447388
Harry Maguire,24.37214085795501
Harry Kane,24.0831891575846
Raheem Sterling,18.952836199366025
Ashley Young,60.85425211108916
Kyle Walker,0.0
Harry Maguire,0.0
Kyle Walker,7.071421356417676
Jesse Lingard,0.0
Jordan Henderson,0.0
Jordan Henderson,0.0
John Stones,0.0
Ashley Young,0.0
Harry Maguire,0.0
John Stones,6.806981709979834
Jordan Henderson,0.0
Jesse Lingard,20.84574297068829
Ashley Young,0.0
Jesse Lingard,6.184658438426506
Raheem Sterling,12.059850745345068
Jordan Henderson,0.0
Harry Maguire,8.805750961729494
Raheem Sterling,0.0
Kyle Walker,112.4004003551589
Harry Maguire,0.0
John Stones,26.776949042039877
Raheem Sterling,3.321332563896601
John Stones,2.8600699292150153
Jordan Henderson,0.0
Harry Maguire,4.591840589567546
Bamidele Alli,0.0
Harry Maguire,24.359623355052108
Harry Kane,7.59679208613741
John Stones,4.622904930884908
Kyle Walker,0.0
John Stones,6.7882250993908615
Jordan Henderson,10.022537103947283
Kieran Trippier,0.0
Bamidele Alli,32.40061727807053
Kieran Trippier,0.0
Kyle Walker,0.0
John Stones,0.0
Harry Maguire,6.955663160332015
Raheem Sterling,0.0
Ashley Young,0.0
Jordan Henderson,0.0
Kyle Walker,3.280434422450782
Jordan Henderson,27.856776554368263
Bamidele Alli,0.0
Kyle Walker,2.9732137494636994
Kyle Walker,34.35127362995439
Ashley Young,0.0
Kieran Trippier,0.0
Harry Kane,26.00499951932321
Ashley Young,78.46757292028344
Harry Maguire,2.168236610704651
Bamidele Alli,0.0
Ashley Young,0.0
Kieran Trippier,46.70119109830069
Jordan Henderson,28.43943125310349
Harry Maguire,10.230102638781295
Ashley Young,0.0
Harry Maguire,5.206846454429014
Ashley Young,0.0
Kyle Walker,10.187308280404597
Kieran Trippier,17.42770782403699
Bamidele Alli,0.0
Ashley Young,0.0
Jordan Henderson,40.623946140176976
Kieran Trippier,0.0
Kyle Walker,0.0
John Stones,0.0
Harry Maguire,16.909760495051383
Kieran Trippier,99.0942985241835
John Stones,0.0
Kieran Trippier,0.0
Jordan Henderson,33.737960815674676
Bamidele Alli,24.775996448175434
Kieran Trippier,0.0
John Stones,26.516622145363836
Jesse Lingard,0.0
Harry Maguire,0.0
Kyle Walker,12.343469933531656
John Stones,6.022561747296579
Jordan Henderson,10.410811687856038
Bamidele Alli,0.0
John Stones,0.0
Kyle Walker,5.994163828258284
John Stones,5.250238089839357
Kieran Trippier,0.0
John Stones,9.073312515283494
Jordan Henderson,0.0
John Stones,0.0
Kyle Walker,9.853489229709442
Harry Maguire,0.0
Kyle Walker,7.272551134230682
John Stones,25.883585532147585
Raheem Sterling,6.319810123729982
Bamidele Alli,5.4047432871506444
Raheem Sterling,54.14612174477502
Bamidele Alli,0.0
John Stones,10.935321211560266
Kyle Walker,43.848831227297275
Ashley Young,0.0
Harry Maguire,0.0
Kyle Walker,7.367581014145688
John Stones,0.0
Harry Maguire,5.289730616959619
Jordan Henderson,0.0
Kyle Walker,18.568286135236068
Bamidele Alli,30.67346165661776
Harry Maguire,11.338044363998582
Bamidele Alli,0.0
Jordan Henderson,18.817312507369383
Kieran Trippier,60.629035948132966
Harry Maguire,10.378824596263286
Raheem Sterling,30.61241578183595
Harry Maguire,3.0300577552251395
Jordan Henderson,14.849621207290113
Harry Kane,0.0
Kieran Trippier,1.2083045973594537
Ashley Young,0.0
Kieran Trippier,43.715557871311674
Ashley Young,0.0
Harry Maguire,0.0
Ashley Young,0.0
Kyle Walker,5.161516250095507
Jordan Henderson,20.705826474690642
Kieran Trippier,127.07167268907729
Ashley Young,0.0
Harry Maguire,0.0
Kyle Walker,15.877381711100861
Harry Kane,0.0
Harry Maguire,10.468583953907048
Ashley Young,174.16360124894064
Ashley Young,0.0
Jordan Henderson,0.0
Harry Maguire,11.933147112141047
Jordan Henderson,0.0
Kyle Walker,4.983096426921714
Jordan Henderson,23.708885465158414
Kieran Trippier,0.0
Kyle Walker,0.0
John Stones,16.11524898969916
Harry Maguire,20.11395659734801
Ashley Young,23.759734847005337
Harry Maguire,2.7642811000330596
Jordan Henderson,0.0
Harry Maguire,0.0
Jordan Henderson,0.0
John Stones,7.1260964068696095
Kyle Walker,0.0
John Stones,4.673462313959537
Jordan Henderson,6.248199740725322
John Stones,0.0
Kyle Walker,10.440306508910554
John Stones,0.0
Kieran Trippier,0.0
Kyle Walker,8.245074287112278
Ashley Young,12.506448336758128
Harry Maguire,0.0
Harry Maguire,0.0
Kyle Walker,17.521165771717364
Harry Maguire,13.685028315644805
Ashley Young,0.0
Kyle Walker,12.546114936505244
Jordan Henderson,12.219707443306486
Kieran Trippier,0.0
Kyle Walker,0.0
John Stones,21.021923080441518
Harry Maguire,4.042431199167157
Kieran Trippier,4.057708713054695
Jesse Lingard,0.0
Kieran Trippier,0.0
Harry Kane,8.678781596514572
Kieran Trippier,60.49074309346844
Kyle Walker,11.459057552870567
John Stones,10.159785922941486
Kieran Trippier,0.0
John Stones,0.0
Harry Maguire,10.597228411240364
Ashley Young,28.429408189408377
Ashley Young,3.2256782232578636
Harry Maguire,5.190375708944395
Jordan Henderson,0.0
Harry Maguire,7.532015002640391
Bamidele Alli,0.0
Kyle Walker,25.86397107947657
Bamidele Alli,64.34788263804799
Harry Maguire,0.0
John Stones,0.0
Kyle Walker,4.400000000000002
John Stones,7.789736837660179
Jordan Henderson,0.0
Kyle Walker,0.0
John Stones,0.0
Kyle Walker,0.0
John Stones,28.89292733524937
Harry Kane,0.0
Harry Maguire,10.833282051160673
Ashley Young,0.0
Harry Maguire,53.302157554830714
Bamidele Alli,2.69072480941474
John Stones,0.0
Kyle Walker,7.334166619323561
John Stones,17.972791936702546
Harry Maguire,10.283056452242208
Kyle Walker,8.435638683585257
Harry Maguire,8.880596826790413
Jordan Henderson,0.0
Harry Maguire,0.0
Jesse Lingard,7.215608082483408
Harry Kane,82.64823047107541
Kieran Trippier,0.0
Kyle Walker,9.064766957842878
Jordan Henderson,0.0
Kieran Trippier,0.0
John Stones,16.69985029873023
Harry Maguire,8.782368700982655
Bamidele Alli,0.0
Ashley Young,0.0
Jesse Lingard,6.62193325245731
Raheem Sterling,7.060453243241554
Bamidele Alli,29.13434399467403
Jordan Henderson,0.0
Kyle Walker,11.221909374077123
Kieran Trippier,0.0
Jordan Henderson,8.934833518314703
Jesse Lingard,10.324727599312254
Harry Kane,25.03197954617254
John Stones,20.047942537826653
Kieran Trippier,21.788299612406647
Jordan Henderson,0.0
Kyle Walker,0.0
Harry Maguire,7.725364069090852
Jesse Lingard,7.891847058832302
Ashley Young,0.0
Harry Maguire,0.0
Kyle Walker,27.55451414922789
John Stones,45.39735675124711
Kieran Trippier,0.0
Raheem Sterling,27.733193108619865
Ashley Young,0.0
Harry Maguire,0.0
Jesse Lingard,0.0
Jordan Henderson,138.6154392555173
Kieran Trippier,69.3016594317914
Ashley Young,0.0
Kyle Walker,20.33027299374015
Kieran Trippier,34.548516610702684
Harry Maguire,4.733392018415548
Ashley Young,109.31317395446901
Harry Maguire,20.286571913460396
Jesse Lingard,0.0
John Stones,12.184877923065132
Jordan Henderson,12.963024338479041
Ashley Young,0.0
John Stones,5.062114182829147
Jordan Henderson,78.6079592026151
Kyle Walker,11.18302284715541
Bamidele Alli,0.0
Jordan Henderson,24.734186867572582
Raheem Sterling,0.0
Harry Kane,86.99080411169909
Raheem Sterling,0.0
Bamidele Alli,20.80384579831334
Jordan Henderson,0.0
Ashley Young,2.4545875417267293
Jordan Henderson,0.0
John Stones,0.0
Kyle Walker,0.0
Kieran Trippier,0.0
John Stones,0.0
Kieran Trippier,0.0
Jordan Henderson,12.881187833425928
Ashley Young,0.0
John Stones,17.492855684535904
Kyle Walker,11.384638773364738
Jesse Lingard,16.25642180801176
Harry Maguire,81.12213014954675
Kieran Trippier,0.0
Jesse Lingard,0.0
Harry Maguire,0.0
John Stones,11.673956056110546
Jordan Henderson,0.0
Kyle Walker,8.95942241441936
Kieran Trippier,0.0
Kyle Walker,0.0
Raheem Sterling,6.370243323453194
Ashley Young,6.240292461095073
Harry Kane,16.75951222440557
Raheem Sterling,25.66885272075867
John Stones,8.67935769512929
Bamidele Alli,24.534873140083693
Harry Kane,3.9976555629518695
Ashley Young,0.0
John Stones,31.610124960208555
Ashley Young,42.430649299769144
Bamidele Alli,29.786574156824422
Ashley Young,23.528705871764377
Kyle Walker,31.39556099196191
Harry Maguire,13.450743473875306
Bamidele Alli,6.053924347066144
Jesse Lingard,9.23471710449216
Harry Maguire,11.6314229568011
Kyle Walker,10.316552234152642
John Stones,19.78411610358168
Harry Maguire,18.976037521042162
John Stones,9.257496961922275
John Stones,0.0
Kyle Walker,5.323532661682468
Kieran Trippier,0.0
John Stones,18.802127539190874
Harry Maguire,9.300537618869134
Ashley Young,3.820994634908564
Marcus Rashford,0.0
Harry Maguire,0.0
Jordan Henderson,12.121262310502154
Kieran Trippier,6.407807737440312
Jordan Henderson,0.0
Kieran Trippier,4.750263150605454
Jesse Lingard,7.471361990962556
Jordan Henderson,0.0
Kieran Trippier,0.0
Kyle Walker,9.228827119412301
Kieran Trippier,0.0
Kyle Walker,0.0
John Stones,17.604544867732304
Ashley Young,0.0
John Stones,0.0
Kyle Walker,0.0
Harry Maguire,16.295129640478475
Ashley Young,6.256296827996579
Jesse Lingard,0.0
Kyle Walker,0.0
Kieran Trippier,9.600000000000007
Marcus Rashford,39.66185194869246
Kieran Trippier,0.0
Jesse Lingard,0.0
Kieran Trippier,0.0
Jesse Lingard,6.648308055437861
Kieran Trippier,39.16324807775779
Marcus Rashford,56.01749726647916
Kieran Trippier,86.48797604291596
Harry Maguire,0.0
Jordan Henderson,0.0
John Stones,8.3313414286056
Kieran Trippier,0.0
John Stones,5.772347875864726
Kieran Trippier,0.0
John Stones,37.68356737359137
Harry Maguire,0.0
Jesse Lingard,25.604882346927507
Bamidele Alli,7.08307842678591
Ashley Young,0.0
John Stones,11.339532618234319
Harry Maguire,8.800284086323579
Ashley Young,0.0
Jesse Lingard,0.0
Harry Maguire,8.626702730475882
Ashley Young,0.0
Harry Maguire,0.0
John Stones,12.021283209374946
Kieran Trippier,16.98300621209331
Ruben Loftus-Cheek,8.21218606705914
Marcus Rashford,0.0
Ashley Young,0.0
John Stones,0.0
Kieran Trippier,0.0
Kyle Walker,26.8311619204238
Ashley Young,45.397136473570654
Jordan Henderson,3.820994634908562
Ruben Loftus-Cheek,0.0
Kieran Trippier,23.08300240436672
Kieran Trippier,0.0
Kyle Walker,12.811127975318959
Ashley Young,8.893888350996994
Jesse Lingard,0.0
Harry Maguire,0.0
Ashley Young,0.0
Jordan Henderson,24.106041773796047
Ruben Loftus-Cheek,11.873605181241313
Marcus Rashford,37.45160210191282
Kieran Trippier,0.0
John Stones,20.45788356599969
Jesse Lingard,6.15721121937521
Ashley Young,0.0
John Stones,15.077508083234443
Kyle Walker,25.836626134230443
Kieran Trippier,66.55884614384479
Ruben Loftus-Cheek,41.13404915638625
John Stones,19.729197905642284
Kyle Walker,10.874741376235109
Kieran Trippier,22.332935319836484
Jordan Henderson,51.67475205552518
Ruben Loftus-Cheek,0.0
Kyle Walker,0.0
Jesse Lingard,5.979234900888238
Jordan Henderson,0.0
Harry Maguire,17.417842862995403
Ashley Young,0.0
John Stones,11.137380751325695
Kyle Walker,20.790863377935995
Kyle Walker,8.287641401508635
Kieran Trippier,0.0
Kyle Walker,11.049208116421738
John Stones,13.482581355215332
Jesse Lingard,0.0
Harry Maguire,0.0
John Stones,31.48817238265822
Kyle Walker,28.789060422320166
Marcus Rashford,40.040479517608205
John Stones,12.679560323607445
Kieran Trippier,0.0
Kyle Walker,6.039971026420574
John Stones,50.4079358831524
Kieran Trippier,64.01757571167468
Harry Kane,61.58993424253676
