,Player,Score
12,Paul Pogba,18.976501904519104
14,Raphael Varane,16.008208118140995
15,Samuel Umtiti,13.90013209541196
11,Ousmane Dembélé,13.787401313936632
0,Antoine Griezmann,13.55121316920183
17,Thomas Lemar,13.323504883869624
6,Kylian Mbappé,13.239983661236653
10,Olivier Giroud,13.21384234477719
9,Nabil Fekir,12.30645130520843
4,Corentin Tolisso,11.96844344374527
16,Steven N'Zonzi,11.796944794266
13,Presnel Kimpembe,11.687169317327193
2,Benjamin Pavard,10.592866464421991
5,Djibril Sidibe,10.370277662013816
8,N'Golo Kanté,10.36699341023813
3,Blaise Matuidi,9.259467459629944
1,Benjamin Mendy,9.05722872755448
7,Lucas Hernández,7.079930188369452
