,Player,Score
14,Megan Rapinoe,22.420789722026615
3,Amy Rodriguez,20.589746145852526
13,Lori Chalupny,19.785668642230604
10,Julie Ertz,18.906613120287357
15,Meghan Klingenberg,18.889640137351094
2,Ali Krieger,17.668477144415608
18,Tobin Heath,16.87349427720221
17,Sydney Leroux,16.857220217087317
11,Kelley O'Hara,16.532248016227793
16,Morgan Brian,16.43807658622478
6,Christen Press,16.39328972205782
5,Carli Lloyd,16.133028265683166
12,Lauren Holiday,16.06889916679249
1,Alex Morgan,15.297663823299013
7,Christie Pearce,14.69774690175087
4,Becky Sauerbrunn,14.285311186142561
0,Abby Wambach,12.075271685256423
8,Heather O'Reilly,10.110019782374323
