Player,Score
Hugo Lloris,57.29896220383931
Steve Mandanda,34.63847908115895
Raphael Varane,16.43348195781639
Paul Pogba,16.15383906155986
Samuel Umtiti,15.307048859234316
Presnel Kimpembe,11.775994380796533
Benjamin Pavard,8.249719898587857
Blaise Matuidi,7.68930686521398
Steven N'Zonzi,7.672211658353267
Nabil Fekir,7.571254666576296
N'Golo Kanté,7.420514305146838
Ousmane Dembélé,6.540438303896839
Benjamin Mendy,6.470022735375548
Antoine Griezmann,6.434664292726683
Djibril Sidibe,6.156541624045033
Thomas Lemar,6.077892634399975
Corentin Tolisso,6.003807900446052
Lucas Hernández,3.934311402601591
Kylian Mbappé,3.885034604697091
Olivier Giroud,3.6104287642677027
Florian Thauvin,-24.89015869776647
