,Player,Score
17,Youri Tielemans,35.9024846743281
13,Thorgan Hazard,23.540739856521984
3,Eden Hazard,21.078847001227544
5,Kevin De Bruyne,20.750141875112114
2,Dries Mertens,18.877308302512915
10,Romelu Lukaku,14.060351752427477
11,Thomas Meunier,12.928343591178063
16,Yannick Carrasco,12.227403672887796
15,Vincent Kompany,12.053135731721843
8,Mousa Dembélé,11.161373106140559
4,Jan Vertonghen,10.538591928462424
14,Toby Alderweireld,10.21231824377757
1,Dedryck Boyata,9.633282371173404
6,Marouane Fellaini,9.39391641555989
0,Axel Witsel,8.316966301349508
12,Thomas Vermaelen,6.226324642504409
9,Nacer Chadli,5.888302963563987
7,Michy Batshuayi,4.927506225239823
