Player,Score
Antoine Griezmann,0.0
Raphael Varane,9.027458113998646
Benjamin Pavard,20.745632070390144
Kylian Mbappé,40.299007431945505
Benjamin Pavard,44.08355702526737
Benjamin Pavard,0.0
Raphael Varane,0.0
Samuel Umtiti,13.08147545195113
Lucas Hernández,0.0
Samuel Umtiti,0.0
Raphael Varane,34.680830439884225
Benjamin Pavard,0.0
Paul Pogba,0.0
Benjamin Pavard,0.0
Raphael Varane,0.0
N'Golo Kanté,0.0
Raphael Varane,20.239194648009097
Benjamin Pavard,9.762171889492613
Kylian Mbappé,0.0
Raphael Varane,0.0
N'Golo Kanté,12.085993959952157
Samuel Umtiti,0.0
N'Golo Kanté,7.311720043874764
Raphael Varane,0.0
N'Golo Kanté,18.31833098292527
Benjamin Pavard,0.0
Raphael Varane,0.0
Raphael Varane,10.778218776773832
Benjamin Pavard,23.161201393710126
N'Golo Kanté,20.496127683052716
Lucas Hernández,0.0
N'Golo Kanté,0.0
Samuel Umtiti,0.0
Raphael Varane,0.0
N'Golo Kanté,33.54526792261466
Samuel Umtiti,0.0
Raphael Varane,161.92158596061245
Benjamin Pavard,23.235129653178184
Blaise Matuidi,8.038734353118036
Antoine Griezmann,88.66075794848582
Blaise Matuidi,0.0
N'Golo Kanté,7.083784299369935
Paul Pogba,105.34894399091056
Benjamin Pavard,0.0
Samuel Umtiti,13.620618561577887
N'Golo Kanté,6.7745848581296855
Antoine Griezmann,5.797844427026307
Lucas Hernández,13.96142005671343
Samuel Umtiti,0.0
Raphael Varane,10.54330356197715
Benjamin Pavard,8.313919051807034
Kylian Mbappé,18.34206231589022
Paul Pogba,0.0
Benjamin Pavard,0.0
Samuel Umtiti,17.347081887164766
Blaise Matuidi,0.0
Lucas Hernández,0.0
Antoine Griezmann,0.0
N'Golo Kanté,17.14704785086925
Blaise Matuidi,16.76305461424021
Raphael Varane,9.382497002397603
Lucas Hernández,0.0
Samuel Umtiti,8.997291259040134
Lucas Hernández,4.900000000000002
Blaise Matuidi,0.0
Paul Pogba,0.0
Raphael Varane,0.0
Olivier Giroud,34.09398773977604
Raphael Varane,9.80076527624246
N'Golo Kanté,0.0
Raphael Varane,14.75876858006792
Samuel Umtiti,16.886125961865847
Blaise Matuidi,49.26347531386719
Olivier Giroud,39.36000508130051
Lucas Hernández,12.806248474865697
Antoine Griezmann,0.0
Paul Pogba,22.30560467685195
Benjamin Pavard,11.976278637373138
Benjamin Pavard,31.126194756185665
N'Golo Kanté,12.907362240210047
Benjamin Pavard,9.279614754934604
Samuel Umtiti,6.918092222571191
N'Golo Kanté,0.0
Samuel Umtiti,0.0
Raphael Varane,11.280292549397824
Benjamin Pavard,16.937679888343617
Kylian Mbappé,9.787300444964378
Olivier Giroud,0.0
Benjamin Pavard,6.930458137814557
Paul Pogba,0.0
Benjamin Pavard,22.73678187431106
Kylian Mbappé,0.0
Benjamin Pavard,5.1450218658427485
N'Golo Kanté,0.0
Raphael Varane,0.0
Samuel Umtiti,169.13334975692996
Benjamin Pavard,0.0
Olivier Giroud,35.759334445708035
N'Golo Kanté,11.82285921425101
Kylian Mbappé,15.710187777362808
Benjamin Pavard,0.0
Kylian Mbappé,0.0
N'Golo Kanté,0.0
Raphael Varane,11.776300352827283
Samuel Umtiti,0.0
Raphael Varane,17.551780536458402
Benjamin Pavard,6.757588327206681
Paul Pogba,0.0
N'Golo Kanté,28.18865019826243
Blaise Matuidi,15.885842753848493
Olivier Giroud,24.25283488584374
Lucas Hernández,0.0
Antoine Griezmann,8.075270893288968
Lucas Hernández,0.0
Lucas Hernández,6.930367955599471
Benjamin Pavard,9.534739115466138
Raphael Varane,17.771360386869656
Samuel Umtiti,13.354212818432993
Lucas Hernández,0.0
N'Golo Kanté,0.0
Samuel Umtiti,14.312232530251876
Raphael Varane,37.884099566968736
Benjamin Pavard,0.0
Kylian Mbappé,0.0
Raphael Varane,25.201810450838646
Blaise Matuidi,0.0
Paul Pogba,0.0
Benjamin Pavard,104.2888296990622
Samuel Umtiti,11.598491281196871
N'Golo Kanté,12.2225713333979
Antoine Griezmann,18.85205559083676
Benjamin Pavard,75.88306794008791
Lucas Hernández,0.0
Samuel Umtiti,8.563585697591867
Olivier Giroud,94.02127418834527
Antoine Griezmann,12.145781160551183
Blaise Matuidi,0.0
Antoine Griezmann,0.0
Lucas Hernández,13.207668227208007
Antoine Griezmann,7.307701416998367
Antoine Griezmann,129.3845431262947
Kylian Mbappé,30.05395148728366
Paul Pogba,25.675109542122698
Lucas Hernández,0.0
N'Golo Kanté,0.0
Raphael Varane,26.44862945409458
Samuel Umtiti,4.657789175134487
N'Golo Kanté,3.4007352146263923
Blaise Matuidi,6.476978462215231
N'Golo Kanté,0.0
Antoine Griezmann,7.274957044546726
Olivier Giroud,21.835550141913078
Paul Pogba,23.96132300187115
Kylian Mbappé,28.988273491189485
Benjamin Pavard,22.135040094836054
Kylian Mbappé,71.0724278465285
Benjamin Pavard,46.30604712129936
Paul Pogba,0.0
Lucas Hernández,47.31553656041533
N'Golo Kanté,7.670153192733502
Antoine Griezmann,13.30939517784336
Paul Pogba,28.030184623009536
Blaise Matuidi,19.28004149373129
Lucas Hernández,0.0
N'Golo Kanté,10.738307594774888
Paul Pogba,80.92490345993623
Olivier Giroud,0.0
Blaise Matuidi,0.0
Lucas Hernández,0.0
N'Golo Kanté,0.0
Raphael Varane,25.951011540978513
Benjamin Pavard,0.0
Raphael Varane,12.38163963294038
Samuel Umtiti,14.090111780961847
Antoine Griezmann,30.691224315755136
N'Golo Kanté,0.0
Benjamin Pavard,3.7230699697964407
Antoine Griezmann,0.0
N'Golo Kanté,16.825427186255926
Antoine Griezmann,17.900034916167066
Benjamin Pavard,3.3324165405903248
Paul Pogba,16.060238167598886
Samuel Umtiti,10.421672130709162
Lucas Hernández,0.0
Samuel Umtiti,0.0
Raphael Varane,14.01396624799703
Benjamin Pavard,21.114568430351596
Samuel Umtiti,10.100061880998553
Blaise Matuidi,0.0
Samuel Umtiti,0.0
Raphael Varane,9.932522338258297
N'Golo Kanté,0.0
Samuel Umtiti,34.168991790803545
Lucas Hernández,23.32380757938121
Blaise Matuidi,25.40728242059748
Antoine Griezmann,41.26414908852478
Antoine Griezmann,10.457592935279129
N'Golo Kanté,0.0
Samuel Umtiti,9.617692030835668
N'Golo Kanté,11.104053313993052
Lucas Hernández,35.92384305722316
Antoine Griezmann,0.0
Blaise Matuidi,7.889233169326407
Antoine Griezmann,0.0
N'Golo Kanté,16.382650884395968
Benjamin Pavard,14.940716180959997
Paul Pogba,0.0
Benjamin Pavard,1.3946325680981349
Paul Pogba,0.0
Raphael Varane,6.846988389065665
Paul Pogba,17.655735611976066
N'Golo Kanté,7.850159234053789
Raphael Varane,11.181290176003843
Kylian Mbappé,6.958807369082721
Paul Pogba,22.294842452908256
Kylian Mbappé,49.1564848214353
Lucas Hernández,30.402631465055798
Blaise Matuidi,5.614267539047277
Kylian Mbappé,21.189620100417105
Lucas Hernández,0.0
N'Golo Kanté,0.0
Paul Pogba,0.0
Raphael Varane,29.821489734753367
Benjamin Pavard,50.870915069418615
Samuel Umtiti,30.965868306895572
Olivier Giroud,0.0
Antoine Griezmann,0.0
Kylian Mbappé,17.64433336796828
Antoine Griezmann,0.0
Benjamin Pavard,4.396020928066649
Kylian Mbappé,0.0
Benjamin Pavard,0.0
N'Golo Kanté,22.64155471693585
Lucas Hernández,0.0
N'Golo Kanté,0.0
Samuel Umtiti,17.78429784950758
Benjamin Pavard,0.0
N'Golo Kanté,0.0
Lucas Hernández,4.701196656171706
Raphael Varane,5.247975800249084
Paul Pogba,11.4909203286769
Benjamin Pavard,15.83923135761329
Kylian Mbappé,3.2297445719437348
Benjamin Pavard,3.9257164951127077
Lucas Hernández,5.400115739500411
Antoine Griezmann,3.51016381384117
Blaise Matuidi,0.0
Samuel Umtiti,0.0
Raphael Varane,0.0
Kylian Mbappé,67.45932107574164
Antoine Griezmann,32.671853329739335
Blaise Matuidi,7.659716052178436
Paul Pogba,0.0
Lucas Hernández,6.632589991850851
N'Golo Kanté,5.077400909914441
Paul Pogba,40.259408838183404
Kylian Mbappé,10.184547118060777
Benjamin Pavard,0.0
Kylian Mbappé,7.731106001084171
Antoine Griezmann,63.4067031156801
Lucas Hernández,0.0
Olivier Giroud,0.0
N'Golo Kanté,3.8347098977628025
Blaise Matuidi,5.256543541149456
Antoine Griezmann,0.0
Paul Pogba,16.12393407329613
Kylian Mbappé,0.0
Antoine Griezmann,0.0
Paul Pogba,0.0
Steven N'Zonzi,10.169623886850484
Lucas Hernández,28.996917939670762
Benjamin Pavard,60.67124524847006
Antoine Griezmann,0.0
Steven N'Zonzi,5.7992456405984445
Paul Pogba,41.606249530569315
N'Golo Kanté,9.610671152422185
Corentin Tolisso,15.867734557900821
Antoine Griezmann,3.671852393547453
Antoine Griezmann,21.845136758555633
N'Golo Kanté,16.039950124610744
Paul Pogba,36.78709012683662
Kylian Mbappé,26.659519875646716
Corentin Tolisso,15.415576538034511
Raphael Varane,47.5262164494503
Antoine Griezmann,0.0
Benjamin Pavard,0.0
Raphael Varane,17.12352183401534
Antoine Griezmann,5.062114182829147
Benjamin Pavard,6.476206451310833
Paul Pogba,6.227459353540583
Antoine Griezmann,0.0
Paul Pogba,52.48247326489099
Kylian Mbappé,0.0
Benjamin Pavard,0.0
Raphael Varane,8.429190352578354
Benjamin Pavard,7.924645102463582
Kylian Mbappé,4.2873360026944525
N'Golo Kanté,24.354157755915107
Olivier Giroud,0.0
Benjamin Pavard,0.0
N'Golo Kanté,0.0
Samuel Umtiti,25.030206751043828
Lucas Hernández,0.0
Corentin Tolisso,0.0
Samuel Umtiti,28.485083815920213
Lucas Hernández,0.0
N'Golo Kanté,0.0
Raphael Varane,21.12631652702383
Benjamin Pavard,9.016720579013183
Paul Pogba,38.22054421381255
N'Golo Kanté,0.0
Lucas Hernández,8.114262135277617
Antoine Griezmann,0.0
Corentin Tolisso,20.028230076569436
Lucas Hernández,0.0
Corentin Tolisso,0.0
N'Golo Kanté,4.377784827969505
Corentin Tolisso,18.800033244651452
Lucas Hernández,9.656345064256964
Paul Pogba,8.316925513673908
N'Golo Kanté,0.0
Benjamin Pavard,13.731396505818335
N'Golo Kanté,0.0
Paul Pogba,9.484263281879093
Kylian Mbappé,4.052159917870961
Antoine Griezmann,0.0
Paul Pogba,10.279165822186156
Benjamin Pavard,33.670313333855404
Kylian Mbappé,0.0
Benjamin Pavard,20.938003725283828
Antoine Griezmann,33.60133925902361
Corentin Tolisso,13.5059246258818
Antoine Griezmann,0.0
Corentin Tolisso,0.0
N'Golo Kanté,60.11197883949587
Benjamin Pavard,13.932874793092783
Kylian Mbappé,0.0
Raphael Varane,33.95305582712696
Corentin Tolisso,0.0
N'Golo Kanté,15.621779668142805
Benjamin Pavard,0.0
Paul Pogba,5.649999999999992
Benjamin Pavard,0.0
Corentin Tolisso,0.0
Lucas Hernández,4.2674641181854085
N'Golo Kanté,0.0
Samuel Umtiti,31.246839840214243
Lucas Hernández,16.150270895560862
Antoine Griezmann,0.0
Lucas Hernández,25.841246099985216
Antoine Griezmann,0.0
Antoine Griezmann,66.46863922181649
Raphael Varane,6.5338541459080615
Benjamin Pavard,14.389753298788698
Benjamin Pavard,7.796233064756348
Kylian Mbappé,0.0
Raphael Varane,11.83854931991247
Benjamin Pavard,11.190397669430705
Kylian Mbappé,0.0
Benjamin Pavard,23.40750413863041
Kylian Mbappé,0.0
Paul Pogba,24.71904630037332
Lucas Hernández,18.085353189805282
Corentin Tolisso,73.4792487713368
Benjamin Pavard,61.80622945949705
Olivier Giroud,25.44032232500208
Samuel Umtiti,7.308556629047899
Corentin Tolisso,0.0
Lucas Hernández,9.076411735922964
Corentin Tolisso,0.0
Antoine Griezmann,0.0
Kylian Mbappé,22.770649968764616
Antoine Griezmann,0.0
Kylian Mbappé,0.0
Raphael Varane,27.597463651574937
Lucas Hernández,19.68857536745614
Corentin Tolisso,13.09694620894507
Lucas Hernández,9.286684015298459
Olivier Giroud,0.0
Corentin Tolisso,27.84546641735418
Lucas Hernández,22.837359742316977
Olivier Giroud,0.0
Corentin Tolisso,10.220812100806866
Olivier Giroud,8.06225774829855
Corentin Tolisso,9.43318610014665
N'Golo Kanté,0.0
Raphael Varane,8.727256155287296
N'Golo Kanté,16.012495120998473
Olivier Giroud,0.0
Corentin Tolisso,0.0
N'Golo Kanté,8.178095744120386
Corentin Tolisso,0.0
N'Golo Kanté,35.115879598836756
Benjamin Pavard,0.0
Paul Pogba,35.60505582076795
Kylian Mbappé,32.63387810236473
Paul Pogba,30.23640190234282
Antoine Griezmann,22.000000000000014
Kylian Mbappé,13.994641831786929
N'Golo Kanté,8.195196763958752
Kylian Mbappé,0.0
Kylian Mbappé,69.48733697588357
Olivier Giroud,46.1861451086795
Lucas Hernández,7.244308110509921
Corentin Tolisso,35.58201793040974
Paul Pogba,19.599999999999966
Raphael Varane,13.69968065321233
Benjamin Pavard,9.393880987110705
Paul Pogba,60.146570974578395
Samuel Umtiti,12.182364302548171
Lucas Hernández,10.933663612897556
Corentin Tolisso,0.0
Lucas Hernández,0.0
Benjamin Pavard,7.538235867893753
Benjamin Pavard,10.75383652470131
Paul Pogba,0.0
Benjamin Pavard,0.0
Raphael Varane,50.82756388024121
Olivier Giroud,0.0
Lucas Hernández,0.0
Samuel Umtiti,0.0
Raphael Varane,12.2196562963121
Kylian Mbappé,0.0
Benjamin Pavard,0.0
Raphael Varane,17.001323477894303
Kylian Mbappé,17.582946283259812
Benjamin Pavard,29.89648808806812
N'Golo Kanté,49.69195105849639
Paul Pogba,32.67707529752319
Lucas Hernández,0.0
Samuel Umtiti,9.326574934025885
N'Golo Kanté,25.55621255194127
Corentin Tolisso,25.941665328193544
Antoine Griezmann,48.425716308589564
Antoine Griezmann,0.0
Kylian Mbappé,0.0
N'Golo Kanté,23.970815588961518
Lucas Hernández,21.512845000138856
Olivier Giroud,15.80098889310413
Antoine Griezmann,0.0
Benjamin Pavard,20.32646058712633
Benjamin Pavard,9.0
Kylian Mbappé,0.0
Raphael Varane,23.648916465664975
Corentin Tolisso,0.0
N'Golo Kanté,17.519132398609244
Paul Pogba,5.285002365183952
Benjamin Pavard,0.0
Antoine Griezmann,9.739160641451603
Antoine Griezmann,12.8763348822559
Kylian Mbappé,0.0
Paul Pogba,8.433341567848409
Antoine Griezmann,0.0
Paul Pogba,0.0
N'Golo Kanté,5.984250161883277
Paul Pogba,19.37588707646698
Antoine Griezmann,29.350298124550626
N'Golo Kanté,20.003280980879104
Benjamin Pavard,53.25044600752182
N'Golo Kanté,21.37007253146325
Antoine Griezmann,4.707440918375925
Olivier Giroud,51.693036281495424
Antoine Griezmann,33.06478489269212
Corentin Tolisso,0.0
Raphael Varane,33.793268560469265
Olivier Giroud,0.0
Benjamin Pavard,12.55552667154986
Paul Pogba,162.48322990388886
Corentin Tolisso,0.0
N'Golo Kanté,0.0
Raphael Varane,15.483378184362738
Lucas Hernández,0.0
Antoine Griezmann,10.401922899156673
Benjamin Pavard,13.929106216839616
Kylian Mbappé,0.0
Paul Pogba,0.0
Benjamin Pavard,0.0
Raphael Varane,13.046120112891803
N'Golo Kanté,23.591523901605004
Lucas Hernández,0.0
Corentin Tolisso,0.0
N'Golo Kanté,0.0
Samuel Umtiti,21.94427601904424
Corentin Tolisso,26.685014521262673
Antoine Griezmann,21.830740940242944
Lucas Hernández,18.159295140505865
Lucas Hernández,0.0
Raphael Varane,0.0
Benjamin Pavard,0.0
Paul Pogba,0.0
N'Golo Kanté,0.0
Samuel Umtiti,0.0
Raphael Varane,13.218925826253809
Paul Pogba,8.861433292645161
Benjamin Pavard,25.877403270034648
N'Golo Kanté,83.2663197217218
Lucas Hernández,18.564751546950443
Corentin Tolisso,40.83331972788887
Paul Pogba,19.38891435846782
Antoine Griezmann,23.654386485385757
Paul Pogba,20.665188119153406
Antoine Griezmann,21.366328650472465
Paul Pogba,52.21197180723976
Raphael Varane,46.13296001775734
Paul Pogba,32.64720508711274
Benjamin Pavard,0.0
Antoine Griezmann,61.96160101223983
Benjamin Pavard,24.748964624808046
Antoine Griezmann,0.0
Benjamin Pavard,0.0
N'Golo Kanté,23.218769347232854
Lucas Hernández,0.0
Corentin Tolisso,0.0
N'Golo Kanté,16.53696616674292
Lucas Hernández,15.130267677737894
Lucas Hernández,20.74222745994268
Benjamin Pavard,10.83881912387138
N'Golo Kanté,6.400390613079797
Antoine Griezmann,0.0
Raphael Varane,15.955563293096235
N'Golo Kanté,8.607264373771729
Antoine Griezmann,0.0
Paul Pogba,26.880313428232192
Olivier Giroud,6.550190836914605
Benjamin Pavard,9.83793677556427
Paul Pogba,77.63427078294741
Lucas Hernández,0.0
N'Golo Kanté,12.418182234127505
Corentin Tolisso,0.0
Paul Pogba,12.709887883061754
Benjamin Pavard,7.5512416197602885
Kylian Mbappé,12.163880959627981
Raphael Varane,0.0
N'Golo Kanté,13.822445514452214
Corentin Tolisso,6.4404968752418466
Paul Pogba,0.0
Benjamin Pavard,0.0
Paul Pogba,11.387054052739021
Benjamin Pavard,0.0
Paul Pogba,0.0
Benjamin Pavard,0.0
Raphael Varane,14.976022502654034
N'Golo Kanté,13.206059215375344
Kylian Mbappé,0.0
Benjamin Pavard,6.520927848090324
Lucas Hernández,32.92480068276798
Lucas Hernández,0.0
Corentin Tolisso,16.12327510154184
Raphael Varane,0.0
N'Golo Kanté,5.907622195096771
Corentin Tolisso,0.0
Samuel Umtiti,14.243770568216831
Benjamin Pavard,5.9220984456525185
Paul Pogba,114.93650420993325
Paul Pogba,40.30595489502763
Antoine Griezmann,38.1755157136089
Lucas Hernández,66.80067364929789
Paul Pogba,4.952903189039741
Corentin Tolisso,0.0
Lucas Hernández,0.0
N'Golo Kanté,13.764446955835162
Corentin Tolisso,0.0
Raphael Varane,26.03653682808065
Benjamin Pavard,0.0
Kylian Mbappé,10.99022292767531
N'Golo Kanté,8.00882325938087
Olivier Giroud,0.0
Benjamin Pavard,35.89070213857625
Olivier Giroud,0.0
N'Golo Kanté,5.00849278725646
Benjamin Pavard,27.406294897340644
Olivier Giroud,0.0
Benjamin Pavard,13.200426129485356
Raphael Varane,0.0
Olivier Giroud,0.0
Paul Pogba,16.492422502470625
Corentin Tolisso,18.315294155431953
Paul Pogba,6.430493760202245
Antoine Griezmann,0.0
Benjamin Pavard,0.0
N'Golo Kanté,34.31792534521864
Olivier Giroud,7.72601126067002
Antoine Griezmann,8.229899756376133
Kylian Mbappé,4.25205832509386
Corentin Tolisso,3.500178566873409
N'Golo Kanté,2.773986301336038
Corentin Tolisso,14.05507025951845
Olivier Giroud,0.0
Antoine Griezmann,14.61305067396949
Paul Pogba,67.43411599479899
Benjamin Pavard,11.7643529358822
Kylian Mbappé,37.06696642564641
Paul Pogba,19.55326059765993
Antoine Griezmann,30.831153076069032
Benjamin Pavard,0.0
Antoine Griezmann,0.0
Benjamin Pavard,11.03199891225521
Paul Pogba,0.0
Benjamin Pavard,47.23473298326138
Paul Pogba,9.607874374699124
Benjamin Pavard,0.0
Paul Pogba,11.875657876513637
Benjamin Pavard,0.0
Paul Pogba,0.0
Samuel Umtiti,9.000069444176527
Corentin Tolisso,0.0
Lucas Hernández,0.0
Samuel Umtiti,0.0
Benjamin Pavard,6.576853350957432
Paul Pogba,0.0
N'Golo Kanté,18.67859737774761
Lucas Hernández,0.0
Corentin Tolisso,17.38192308117833
Olivier Giroud,0.0
Antoine Griezmann,23.55896856825443
Benjamin Pavard,32.44441400302988
Kylian Mbappé,0.0
Benjamin Pavard,0.0
Antoine Griezmann,0.0
Paul Pogba,38.40052082980126
Lucas Hernández,3.8303067762256333
Samuel Umtiti,0.0
N'Golo Kanté,4.78905001017947
Benjamin Pavard,6.303570416835205
Paul Pogba,0.0
Benjamin Pavard,24.247706077070468
Corentin Tolisso,4.778205730187846
Antoine Griezmann,14.152075819469026
Lucas Hernández,0.0
N'Golo Kanté,11.321660655575224
Corentin Tolisso,0.0
Antoine Griezmann,0.0
Lucas Hernández,0.0
Samuel Umtiti,11.169209909389293
Paul Pogba,23.815567387740312
Benjamin Pavard,0.0
Paul Pogba,9.678907479669382
Antoine Griezmann,0.0
Benjamin Pavard,0.0
Paul Pogba,54.86647428074815
Olivier Giroud,72.20145427898247
Antoine Griezmann,0.0
Benjamin Pavard,0.0
Paul Pogba,19.7020303522251
Benjamin Pavard,19.8030300711785
Antoine Griezmann,40.3832886228945
Corentin Tolisso,68.82332453463724
Lucas Hernández,17.613914953808575
N'Golo Kanté,3.3113441379596895
Lucas Hernández,0.0
Corentin Tolisso,5.311779362887731
Lucas Hernández,11.0458702690191
N'Golo Kanté,7.886142910193805
N'Golo Kanté,3.000208326100042
Benjamin Pavard,7.551903733496608
Steven N'Zonzi,0.0
Benjamin Pavard,26.870895035335163
Kylian Mbappé,0.0
Antoine Griezmann,0.0
Paul Pogba,0.0
Lucas Hernández,6.8249542123006215
Steven N'Zonzi,0.0
Samuel Umtiti,0.0
Lucas Hernández,6.600000000000001
Samuel Umtiti,11.189504010455511
N'Golo Kanté,12.865506208463
Benjamin Pavard,9.919929435232893
Paul Pogba,9.160308400921885
Steven N'Zonzi,6.307138812488591
Benjamin Pavard,17.655735611976077
Olivier Giroud,0.0
Benjamin Pavard,0.0
Paul Pogba,17.394970537485825
Benjamin Pavard,0.0
Steven N'Zonzi,14.80274467793051
Paul Pogba,0.0
Steven N'Zonzi,7.392902001244165
Antoine Griezmann,24.32950883186917
Lucas Hernández,5.756843753307886
N'Golo Kanté,0.0
Samuel Umtiti,8.843147064252635
Steven N'Zonzi,12.309803004110185
Antoine Griezmann,0.0
Raphael Varane,8.658593996717935
Benjamin Pavard,22.863316688529682
Paul Pogba,0.0
Benjamin Pavard,8.402380615040007
Steven N'Zonzi,0.0
Raphael Varane,16.764247671756703
N'Golo Kanté,0.0
Lucas Hernández,0.0
Steven N'Zonzi,0.0
Samuel Umtiti,0.0
Paul Pogba,0.0
Raphael Varane,22.532226920568682
N'Golo Kanté,1.5560366319595456
Antoine Griezmann,15.010829424119109
Lucas Hernández,15.185519418182567
Olivier Giroud,0.0
Antoine Griezmann,0.0
Steven N'Zonzi,73.54590403278758
Paul Pogba,12.533255762171276
Benjamin Pavard,0.0
Steven N'Zonzi,21.301643129110957
Antoine Griezmann,42.56395188419422
N'Golo Kanté,0.0
Lucas Hernández,9.108786966440695
Antoine Griezmann,14.048843368761688
Lucas Hernández,0.0
N'Golo Kanté,0.0
Steven N'Zonzi,0.0
Benjamin Pavard,0.0
N'Golo Kanté,13.318455240755215
Paul Pogba,39.7543708288787
Antoine Griezmann,9.454099639838793
Ousmane Dembélé,0.0
Lucas Hernández,0.0
Ousmane Dembélé,0.0
Raphael Varane,0.0
Paul Pogba,7.773351915358011
Nabil Fekir,5.656854249492384
Paul Pogba,18.811166896287975
Raphael Varane,23.664530420018906
Paul Pogba,0.0
Antoine Griezmann,0.0
Paul Pogba,3.700168915063202
Kylian Mbappé,0.0
Benjamin Pavard,0.0
Samuel Umtiti,13.198532115352828
Raphael Varane,10.500535700620233
Benjamin Pavard,21.51142138492944
Kylian Mbappé,0.0
N'Golo Kanté,9.12585612422199
Benjamin Pavard,0.0
Raphael Varane,6.743886120034945
N'Golo Kanté,0.0
Samuel Umtiti,7.732399368889325
Blaise Matuidi,0.0
N'Golo Kanté,7.486320858739628
Paul Pogba,0.0
N'Golo Kanté,14.746864073422527
Raphael Varane,34.42854919975571
Olivier Giroud,16.743058263053413
Raphael Varane,5.407517914903294
Olivier Giroud,10.186265262597473
Samuel Umtiti,0.0
Antoine Griezmann,21.216061133019014
Lucas Hernández,2.4093567606313537
Raphael Varane,11.391663618629194
Paul Pogba,17.08230078180337
Lucas Hernández,0.0
Samuel Umtiti,0.0
Samuel Umtiti,14.60038526888931
Paul Pogba,201.34467959198722
Blaise Matuidi,8.831265481232005
N'Golo Kanté,27.456169616317563
Benjamin Pavard,9.109953347849814
Paul Pogba,58.92202474457239
Samuel Umtiti,6.333344298236123
N'Golo Kanté,0.0
Raphael Varane,20.066670127352968
Paul Pogba,20.342074623793906
Benjamin Pavard,11.172343084599577
Kylian Mbappé,0.0
Blaise Matuidi,6.413364951412013
N'Golo Kanté,4.238513890504548
Paul Pogba,2.60768096208106
N'Golo Kanté,14.673104647619732
Kylian Mbappé,60.06130201718907
Samuel Umtiti,0.0
Raphael Varane,9.831836044198456
N'Golo Kanté,0.0
Paul Pogba,8.778382538941898
N'Golo Kanté,0.0
Samuel Umtiti,2.7552223140792127
N'Golo Kanté,0.0
Samuel Umtiti,4.808326112068521
Lucas Hernández,12.955886692928429
Paul Pogba,10.956276739841867
Samuel Umtiti,4.616275555033518
N'Golo Kanté,0.0
Blaise Matuidi,7.689034399714961
Antoine Griezmann,16.3413585726524
Paul Pogba,60.032074760081336
Samuel Umtiti,2.3476051627136956
Samuel Umtiti,0.0
N'Golo Kanté,0.0
N'Golo Kanté,3.2743319929414603
Raphael Varane,20.088087265839917
Blaise Matuidi,0.0
N'Golo Kanté,0.0
Samuel Umtiti,7.57000660501693
N'Golo Kanté,0.0
Samuel Umtiti,22.356906091854487
Olivier Giroud,0.0
Lucas Hernández,0.0
Samuel Umtiti,70.99423392079105
Benjamin Pavard,0.0
Raphael Varane,0.0
N'Golo Kanté,29.55875504820865
Blaise Matuidi,0.0
N'Golo Kanté,0.0
Paul Pogba,149.0168111321672
Olivier Giroud,7.912016177940982
Antoine Griezmann,77.50928976580808
Antoine Griezmann,10.810238202740953
Paul Pogba,19.022223844755903
Blaise Matuidi,0.0
Benjamin Pavard,17.77670526278703
Antoine Griezmann,5.188569166928394
Blaise Matuidi,0.0
Paul Pogba,8.000703094103667
Blaise Matuidi,6.227760432129672
Lucas Hernández,0.0
Blaise Matuidi,0.0
Paul Pogba,0.0
Raphael Varane,53.055442699123724
Kylian Mbappé,18.50432381904294
Benjamin Pavard,0.0
Paul Pogba,0.0
N'Golo Kanté,7.151223671512453
Blaise Matuidi,0.0
N'Golo Kanté,10.418493173199284
Paul Pogba,8.022468448052637
Benjamin Pavard,0.0
Raphael Varane,13.925695673825418
Samuel Umtiti,0.0
Raphael Varane,15.965587994182986
Paul Pogba,15.579473675320358
Benjamin Pavard,39.063057996014585
Antoine Griezmann,5.5650696311906085
Olivier Giroud,0.0
N'Golo Kanté,10.870200090154736
Blaise Matuidi,15.446682491719702
Paul Pogba,7.211882555893432
Benjamin Pavard,0.0
Paul Pogba,0.0
Samuel Umtiti,8.827867805988035
N'Golo Kanté,12.416571588002865
Benjamin Pavard,0.0
Raphael Varane,11.733712115098104
Raphael Varane,8.672081641682112
Paul Pogba,15.13708195128771
Kylian Mbappé,14.94824404403406
Samuel Umtiti,11.623306328235525
N'Golo Kanté,0.0
Lucas Hernández,0.0
Samuel Umtiti,15.576905982896607
Raphael Varane,7.237489205518725
Paul Pogba,0.0
Benjamin Pavard,9.283385697039632
Samuel Umtiti,13.510412650988863
Antoine Griezmann,0.0
Raphael Varane,10.95542103252997
Samuel Umtiti,0.0
Raphael Varane,9.272809714428526
Benjamin Pavard,0.0
Raphael Varane,17.039219465691495
Samuel Umtiti,13.583997938751311
Benjamin Pavard,0.0
Raphael Varane,24.185946332529554
Benjamin Pavard,0.0
Olivier Giroud,0.0
N'Golo Kanté,13.819732269476129
Paul Pogba,18.580769628839384
Antoine Griezmann,89.2807370041265
Benjamin Pavard,0.0
N'Golo Kanté,0.0
Raphael Varane,0.0
Samuel Umtiti,31.65635797118803
Samuel Umtiti,6.940100863820352
N'Golo Kanté,10.828723378127266
Raphael Varane,10.155355729859982
Benjamin Pavard,0.0
Raphael Varane,13.073302949140281
Blaise Matuidi,0.0
Samuel Umtiti,8.936721994109465
Blaise Matuidi,12.001666550942007
N'Golo Kanté,25.304742638485763
Antoine Griezmann,38.815589651581995
Lucas Hernández,0.0
N'Golo Kanté,0.0
Raphael Varane,11.109511690438971
Kylian Mbappé,22.99412968563934
N'Golo Kanté,10.701927396501997
Samuel Umtiti,13.400186565865418
N'Golo Kanté,8.3779472426126
Raphael Varane,28.06920020235702
Kylian Mbappé,4.294182110716767
Benjamin Pavard,0.0
Raphael Varane,14.543082548070752
Raphael Varane,21.232286735064594
Kylian Mbappé,0.0
N'Golo Kanté,0.0
Benjamin Pavard,0.0
N'Golo Kanté,0.0
Samuel Umtiti,9.802104365900217
Samuel Umtiti,0.0
Raphael Varane,14.30961215407322
N'Golo Kanté,9.362958934012259
Blaise Matuidi,50.35256944784447
Lucas Hernández,80.14143747151032
Raphael Varane,23.046067994345584
Lucas Hernández,0.0
Samuel Umtiti,0.0
Raphael Varane,19.948558845189797
Benjamin Pavard,0.0
Paul Pogba,21.360506782377612
Benjamin Pavard,4.841745553000481
Kylian Mbappé,0.0
Samuel Umtiti,10.622676216472005
N'Golo Kanté,15.366888103972126
Raphael Varane,3.510163813841172
Paul Pogba,6.047416803892385
Raphael Varane,14.413882197381806
Benjamin Pavard,0.0
Raphael Varane,0.0
Samuel Umtiti,10.295630140987
Paul Pogba,29.78508435442143
Lucas Hernández,37.324656729834764
Samuel Umtiti,0.0
N'Golo Kanté,19.14445089314394
Antoine Griezmann,11.964113005150033
Blaise Matuidi,64.58490535721175
Olivier Giroud,62.607347811578784
Lucas Hernández,0.0
Samuel Umtiti,26.803357998579205
Olivier Giroud,7.071421356417675
Kylian Mbappé,4.827007354458876
Paul Pogba,76.96752561957544
Paul Pogba,6.778274116617002
Blaise Matuidi,0.0
Kylian Mbappé,7.925354881644102
Blaise Matuidi,0.0
Kylian Mbappé,15.594390016925958
Antoine Griezmann,0.0
Samuel Umtiti,23.177683231936705
Blaise Matuidi,0.0
Paul Pogba,12.354756169184405
Antoine Griezmann,11.62110149684615
Paul Pogba,0.0
N'Golo Kanté,0.0
Lucas Hernández,0.0
Samuel Umtiti,0.0
Olivier Giroud,7.653757247260987
Paul Pogba,0.0
Samuel Umtiti,7.005801167603892
N'Golo Kanté,63.44832543101512
Kylian Mbappé,0.0
Blaise Matuidi,13.124452369527653
Antoine Griezmann,0.0
Blaise Matuidi,9.521817053483018
Samuel Umtiti,1.53663593606293
Blaise Matuidi,0.0
N'Golo Kanté,0.0
Raphael Varane,9.049930938963016
N'Golo Kanté,0.0
Samuel Umtiti,17.791606166954125
Blaise Matuidi,0.0
Lucas Hernández,6.2226401149351345
N'Golo Kanté,9.749935897225171
Kylian Mbappé,8.58843699400537
Antoine Griezmann,0.0
Benjamin Pavard,0.0
Paul Pogba,0.0
Corentin Tolisso,0.0
N'Golo Kanté,10.318914671611541
Corentin Tolisso,0.0
N'Golo Kanté,0.0
Lucas Hernández,6.580273550544842
N'Golo Kanté,0.0
Corentin Tolisso,5.384352328739271
N'Golo Kanté,7.518726620911283
Paul Pogba,6.230971031869752
Kylian Mbappé,9.878322225965299
Antoine Griezmann,0.0
Corentin Tolisso,0.0
N'Golo Kanté,0.0
Samuel Umtiti,3.8159205966581626
N'Golo Kanté,7.664202502543887
Corentin Tolisso,0.0
Samuel Umtiti,0.0
N'Golo Kanté,13.28570660522051
Lucas Hernández,11.160253133329899
Benjamin Pavard,33.707269245668655
Paul Pogba,4.725595200607005
Kylian Mbappé,0.0
Paul Pogba,34.64839462370515
N'Golo Kanté,12.06570553262427
Olivier Giroud,0.0
Paul Pogba,0.0
Benjamin Pavard,0.0
Nabil Fekir,13.624610086163932
Olivier Giroud,0.0
Corentin Tolisso,12.351973526526036
Nabil Fekir,2.7805125426798543
Samuel Umtiti,157.21030500574702
Antoine Griezmann,0.0
Steven N'Zonzi,0.0
Raphael Varane,10.810238202740956
Djibril Sidibe,0.0
Raphael Varane,0.0
Presnel Kimpembe,0.0
Raphael Varane,0.0
Djibril Sidibe,0.0
Raphael Varane,0.0
Presnel Kimpembe,12.410680883819394
Steven N'Zonzi,0.0
Presnel Kimpembe,30.606616931637515
Lucas Hernández,2.8950388598428147
Thomas Lemar,0.0
N'Golo Kanté,15.247335832859452
Djibril Sidibe,3.191002977121793
Ousmane Dembélé,0.0
Djibril Sidibe,0.0
N'Golo Kanté,0.0
Raphael Varane,11.575026997808687
Presnel Kimpembe,11.909659944767522
Steven N'Zonzi,13.406015440838488
Presnel Kimpembe,14.11187443254793
Lucas Hernández,0.0
Presnel Kimpembe,0.0
Raphael Varane,10.049875621120892
N'Golo Kanté,27.540878707840815
Ousmane Dembélé,0.0
N'Golo Kanté,0.0
Djibril Sidibe,13.38025597662466
Antoine Griezmann,5.715002187226179
Ousmane Dembélé,3.5227829907617076
Antoine Griezmann,35.07263890841408
N'Golo Kanté,9.12749965762804
Presnel Kimpembe,8.688570077981765
Olivier Giroud,11.715161117116573
Djibril Sidibe,0.0
Djibril Sidibe,10.041476485059349
Ousmane Dembélé,0.0
Djibril Sidibe,19.374758063005583
Antoine Griezmann,0.0
Raphael Varane,7.860741059213182
Djibril Sidibe,11.202008748434366
Ousmane Dembélé,0.0
Djibril Sidibe,0.0
Raphael Varane,0.0
Presnel Kimpembe,31.56263613832027
Lucas Hernández,0.0
Thomas Lemar,6.625896165802783
Lucas Hernández,0.0
Presnel Kimpembe,0.0
Raphael Varane,9.629901349442784
Djibril Sidibe,0.0
Raphael Varane,24.111822826157297
Ousmane Dembélé,38.46764874540684
Djibril Sidibe,0.0
Lucas Hernández,9.486898861060977
Lucas Hernández,0.0
Presnel Kimpembe,8.602615881230545
Steven N'Zonzi,4.754077197522142
Presnel Kimpembe,0.0
Raphael Varane,36.02820075996024
Ousmane Dembélé,28.019301383153717
Thomas Lemar,0.0
Presnel Kimpembe,0.0
Raphael Varane,12.426232333253717
Djibril Sidibe,0.0
N'Golo Kanté,11.536951503755226
Djibril Sidibe,0.0
N'Golo Kanté,13.427630096185998
Thomas Lemar,0.0
N'Golo Kanté,8.178095744120387
Djibril Sidibe,0.0
Raphael Varane,14.895007552868178
Presnel Kimpembe,26.715164233071814
Lucas Hernández,4.8582404222104945
Antoine Griezmann,0.0
Steven N'Zonzi,4.40454310910905
Antoine Griezmann,0.0
Steven N'Zonzi,10.659502802663921
Lucas Hernández,0.0
Thomas Lemar,6.351574607922024
Antoine Griezmann,0.0
Steven N'Zonzi,5.834595101633024
Thomas Lemar,0.0
Raphael Varane,17.52145113853302
Ousmane Dembélé,0.0
Djibril Sidibe,5.21943483530544
Djibril Sidibe,0.0
Raphael Varane,0.0
Presnel Kimpembe,28.25917992440686
Steven N'Zonzi,16.912458425669517
Lucas Hernández,0.0
Steven N'Zonzi,0.0
Thomas Lemar,0.0
Raphael Varane,9.399534562945131
Raphael Varane,7.569015788066504
Djibril Sidibe,2.939387691339828
Ousmane Dembélé,0.0
Raphael Varane,5.308483775994796
Antoine Griezmann,17.23513852569801
Thomas Lemar,21.897945109073614
Steven N'Zonzi,35.55588910433825
Lucas Hernández,23.00347799790284
Olivier Giroud,15.23154621172783
Lucas Hernández,12.924395537122809
Thomas Lemar,56.83176928444161
Steven N'Zonzi,10.22594738887307
Raphael Varane,7.366817494685206
Djibril Sidibe,8.56679636737094
Olivier Giroud,0.0
Raphael Varane,11.034944494649709
Djibril Sidibe,0.0
N'Golo Kanté,39.457128633492836
Lucas Hernández,0.0
Thomas Lemar,0.0
Steven N'Zonzi,5.788350369492161
Lucas Hernández,0.0
Presnel Kimpembe,0.0
Raphael Varane,43.16676962664682
Antoine Griezmann,45.97782074000461
Thomas Lemar,5.739446837457418
Antoine Griezmann,8.547514258543243
Thomas Lemar,47.42109235350869
Lucas Hernández,0.0
Thomas Lemar,43.11101947298394
Lucas Hernández,0.0
Presnel Kimpembe,0.0
Djibril Sidibe,8.702011261771602
Ousmane Dembélé,85.33533851810746
N'Golo Kanté,12.432618388738563
Antoine Griezmann,20.002249873451735
Ousmane Dembélé,21.83048327454068
Djibril Sidibe,79.83407793668066
Raphael Varane,5.805277771132059
N'Golo Kanté,6.810378109914311
Antoine Griezmann,0.0
Raphael Varane,0.0
N'Golo Kanté,4.701063709417262
Lucas Hernández,5.115173506343648
Steven N'Zonzi,0.0
Lucas Hernández,7.828234155925594
Antoine Griezmann,0.0
Steven N'Zonzi,0.0
Lucas Hernández,0.0
Presnel Kimpembe,0.0
Djibril Sidibe,15.929846201391895
Ousmane Dembélé,9.674257077419432
Lucas Hernández,7.697483354967392
Antoine Griezmann,6.539973241535464
Steven N'Zonzi,5.529127417594929
Olivier Giroud,0.0
Antoine Griezmann,0.0
Presnel Kimpembe,0.0
Raphael Varane,14.903732753911013
Djibril Sidibe,19.799021440465182
Ousmane Dembélé,0.0
Djibril Sidibe,0.0
Raphael Varane,16.894118799156114
Presnel Kimpembe,29.98701802447186
Lucas Hernández,0.0
Antoine Griezmann,0.0
Thomas Lemar,0.0
Raphael Varane,16.26099627944119
N'Golo Kanté,11.361833038731028
Djibril Sidibe,3.477247474655777
N'Golo Kanté,9.266134577049925
Ousmane Dembélé,27.821035207195315
Olivier Giroud,49.653297977073
Raphael Varane,0.0
Raphael Varane,11.112661697361256
N'Golo Kanté,13.209844813622912
Steven N'Zonzi,0.0
N'Golo Kanté,4.307116204608367
Steven N'Zonzi,0.0
Thomas Lemar,12.963458257733542
Lucas Hernández,0.0
Presnel Kimpembe,18.365728953678918
N'Golo Kanté,5.550225220655461
Ousmane Dembélé,113.2828318855068
Raphael Varane,6.777259770733307
Steven N'Zonzi,15.771215869424918
Lucas Hernández,0.0
Steven N'Zonzi,0.0
Antoine Griezmann,12.12940641581443
Lucas Hernández,0.0
N'Golo Kanté,0.0
Raphael Varane,16.38078142214223
Presnel Kimpembe,8.86002257333467
Steven N'Zonzi,0.0
Presnel Kimpembe,17.052602440683362
N'Golo Kanté,19.707390745606084
Antoine Griezmann,10.630145812734629
Thomas Lemar,0.0
Ousmane Dembélé,0.0
Thomas Lemar,13.934310173094325
Ousmane Dembélé,26.055517649818434
Thomas Lemar,34.41177124182942
N'Golo Kanté,10.063361764340971
Raphael Varane,12.542328332490742
Presnel Kimpembe,15.730861387730814
Steven N'Zonzi,0.0
Raphael Varane,19.95698499272874
N'Golo Kanté,9.391485505499112
Djibril Sidibe,0.0
Steven N'Zonzi,5.217278984298236
N'Golo Kanté,0.0
Antoine Griezmann,0.0
Lucas Hernández,25.03407677546748
Lucas Hernández,0.0
Antoine Griezmann,61.878671608236694
Djibril Sidibe,15.897523392025555
Steven N'Zonzi,21.899800227399336
Lucas Hernández,9.936863187143114
Djibril Sidibe,17.128083663971285
Ousmane Dembélé,23.173071656558626
Olivier Giroud,0.0
Djibril Sidibe,0.0
Presnel Kimpembe,4.967016206939537
N'Golo Kanté,24.72003236243836
Lucas Hernández,0.0
N'Golo Kanté,28.429737951659
Antoine Griezmann,16.704789732289324
N'Golo Kanté,7.1324084291352765
Steven N'Zonzi,0.0
N'Golo Kanté,0.0
Raphael Varane,16.704228506578804
Djibril Sidibe,0.0
Raphael Varane,14.732277488562314
Ousmane Dembélé,27.687542325024083
Raphael Varane,21.663910081054155
Djibril Sidibe,0.0
Steven N'Zonzi,0.0
Presnel Kimpembe,16.047585488166128
N'Golo Kanté,9.72008230417829
Lucas Hernández,3.8678159211627445
Thomas Lemar,0.0
N'Golo Kanté,24.76206776503126
Steven N'Zonzi,6.425048637948199
Ousmane Dembélé,9.818923057036343
Thomas Lemar,0.0
Steven N'Zonzi,20.308126452235822
Djibril Sidibe,0.0
Ousmane Dembélé,0.0
Steven N'Zonzi,6.592419889539809
Ousmane Dembélé,28.76734259538062
Raphael Varane,0.0
Presnel Kimpembe,13.826830801018716
N'Golo Kanté,18.3924237119527
Lucas Hernández,0.0
Lucas Hernández,0.0
N'Golo Kanté,18.390282760197028
Thomas Lemar,0.0
N'Golo Kanté,0.0
Raphael Varane,27.35415873317985
Djibril Sidibe,0.0
Raphael Varane,0.0
Presnel Kimpembe,12.110326172320882
N'Golo Kanté,19.84363877921588
Steven N'Zonzi,44.529989894452044
Djibril Sidibe,0.0
Antoine Griezmann,0.0
Djibril Sidibe,9.344650876303504
Ousmane Dembélé,13.606248564538273
Antoine Griezmann,0.0
Presnel Kimpembe,16.928230858539234
Steven N'Zonzi,12.669648771769484
Lucas Hernández,0.0
Presnel Kimpembe,0.0
Raphael Varane,18.933568073662187
N'Golo Kanté,8.773895941940495
Thomas Lemar,14.825021079243022
Djibril Sidibe,18.109700439267357
Ousmane Dembélé,50.57469723092762
Raphael Varane,16.614150595200467
Djibril Sidibe,44.67683963755719
Raphael Varane,4.532245580283576
N'Golo Kanté,6.574191965557441
Djibril Sidibe,0.0
Raphael Varane,0.0
Presnel Kimpembe,16.48275614088857
Lucas Hernández,0.0
Presnel Kimpembe,0.0
Raphael Varane,0.0
Djibril Sidibe,20.79002164501038
N'Golo Kanté,0.0
Steven N'Zonzi,14.665094612718997
Thomas Lemar,33.99426422207135
Lucas Hernández,40.352571169629336
Antoine Griezmann,0.0
Thomas Lemar,0.0
Steven N'Zonzi,7.297345407749313
Antoine Griezmann,0.0
Steven N'Zonzi,14.805742129322672
Lucas Hernández,0.0
Presnel Kimpembe,0.0
Raphael Varane,22.389729788454357
Djibril Sidibe,0.0
N'Golo Kanté,0.0
Raphael Varane,13.830446485923728
Djibril Sidibe,0.0
N'Golo Kanté,0.0
Raphael Varane,15.623419920107118
Raphael Varane,9.60995577513237
N'Golo Kanté,7.381395532011549
Antoine Griezmann,0.0
N'Golo Kanté,0.0
Presnel Kimpembe,25.489213404889526
Lucas Hernández,0.0
Presnel Kimpembe,0.0
Raphael Varane,15.389119532968733
Ousmane Dembélé,33.23988567970714
Steven N'Zonzi,24.044126101815355
N'Golo Kanté,2.4135036772294276
Antoine Griezmann,7.965001569365824
Djibril Sidibe,11.32265428245515
Ousmane Dembélé,11.288157511303597
Steven N'Zonzi,0.0
Raphael Varane,9.198641204003989
Antoine Griezmann,17.172798257709783
Ousmane Dembélé,5.461226968365258
N'Golo Kanté,0.0
Lucas Hernández,11.049208116421733
Thomas Lemar,18.181584089402097
Raphael Varane,0.0
Djibril Sidibe,0.0
Presnel Kimpembe,11.562655404361061
N'Golo Kanté,10.891510455395984
Djibril Sidibe,0.0
N'Golo Kanté,0.0
Presnel Kimpembe,10.601886624558865
Steven N'Zonzi,7.051595564125892
Lucas Hernández,0.0
Presnel Kimpembe,10.859327787667155
N'Golo Kanté,24.0816320044967
Djibril Sidibe,6.093541663105291
Ousmane Dembélé,22.854430642656578
Thomas Lemar,0.0
Lucas Hernández,5.242256193663186
Thomas Lemar,2.7166155414412274
Lucas Hernández,0.0
Steven N'Zonzi,7.7743970827325235
Raphael Varane,8.183596397672604
Ousmane Dembélé,13.219351345659891
N'Golo Kanté,13.971801959661471
Ousmane Dembélé,16.702694393420483
Djibril Sidibe,20.387036322133728
Raphael Varane,0.0
Presnel Kimpembe,19.17550520846844
Benjamin Mendy,0.0
Presnel Kimpembe,12.091784400988963
Steven N'Zonzi,17.819090885901
N'Golo Kanté,13.303383028387927
Djibril Sidibe,41.944725532538634
Presnel Kimpembe,13.566318586853246
Raphael Varane,30.929940995740676
Djibril Sidibe,27.836846085718843
Benjamin Mendy,1.4071247279470322
Thomas Lemar,0.0
Presnel Kimpembe,6.427285585688562
N'Golo Kanté,11.892907550300725
Ousmane Dembélé,31.269314031490985
Thomas Lemar,13.875202701222069
Benjamin Mendy,59.78360979398953
Raphael Varane,6.925676862227981
Djibril Sidibe,0.0
Raphael Varane,19.488586403328487
N'Golo Kanté,18.86120356711098
Benjamin Mendy,8.76840920577957
Ousmane Dembélé,37.232378382262944
Olivier Giroud,6.095900261651269
Benjamin Mendy,12.313610356024746
Ousmane Dembélé,0.0
N'Golo Kanté,0.0
Steven N'Zonzi,20.957218326867714
Djibril Sidibe,20.472664701987345
Thomas Lemar,65.27242909529257
Presnel Kimpembe,13.145008558384438
Benjamin Mendy,4.475628447492026
Ousmane Dembélé,0.0
N'Golo Kanté,17.200290695217905
Steven N'Zonzi,28.040149785619906
Presnel Kimpembe,0.0
Raphael Varane,12.229932542741189
Steven N'Zonzi,0.0
Raphael Varane,19.912307751739878
N'Golo Kanté,13.91442596731895
Benjamin Mendy,0.0
N'Golo Kanté,0.0
Benjamin Mendy,0.0
N'Golo Kanté,1.9962464777677096
Djibril Sidibe,0.0
Presnel Kimpembe,33.65339878823535
Thomas Lemar,0.0
Benjamin Mendy,0.0
Steven N'Zonzi,5.481902042174778
Benjamin Mendy,15.882104709389122
Thomas Lemar,9.125787637239846
Antoine Griezmann,18.518504259253774
Steven N'Zonzi,8.731551981177232
N'Golo Kanté,23.664979399948777
Djibril Sidibe,5.204325124355699
Raphael Varane,9.311350600208328
Djibril Sidibe,0.0
Raphael Varane,12.519584657647394
Djibril Sidibe,0.0
Raphael Varane,18.369301837576735
Presnel Kimpembe,24.94356129344806
Benjamin Mendy,0.0
Presnel Kimpembe,15.45804806565176
Raphael Varane,9.6283435750912
Djibril Sidibe,8.965001394311104
N'Golo Kanté,0.0
Djibril Sidibe,28.494560884491612
Olivier Giroud,0.0
N'Golo Kanté,3.6443449342783127
Thomas Lemar,14.321138222920688
Raphael Varane,6.162791575252243
Djibril Sidibe,0.0
Raphael Varane,10.545615202537972
Steven N'Zonzi,10.5091031967528
Presnel Kimpembe,23.539780160400824
Benjamin Mendy,6.9155621608080375
Thomas Lemar,18.40573959394189
Raphael Varane,17.00356580250154
Presnel Kimpembe,14.892993319007433
Steven N'Zonzi,14.748601628629066
Nabil Fekir,0.0
Steven N'Zonzi,5.707998773650884
N'Golo Kanté,8.561541917201595
Djibril Sidibe,15.178973944242749
Nabil Fekir,3.709447398198282
Ousmane Dembélé,0.0
Djibril Sidibe,66.32435450119358
Presnel Kimpembe,8.300602387778849
Steven N'Zonzi,12.379872778021593
Thomas Lemar,24.754444045463853
Raphael Varane,16.033441614325977
Djibril Sidibe,10.468106323495189
Djibril Sidibe,8.049301211906533
Raphael Varane,16.616896521312274
Presnel Kimpembe,6.502403401819977
Benjamin Mendy,15.809016414691962
N'Golo Kanté,0.0
Djibril Sidibe,3.984971769034253
N'Golo Kanté,0.0
Djibril Sidibe,0.0
Raphael Varane,0.0
Presnel Kimpembe,15.221736103349048
N'Golo Kanté,13.298308163070972
Steven N'Zonzi,10.215918950344113
Benjamin Mendy,5.219674319342147
Thomas Lemar,44.436471507085244
N'Golo Kanté,9.280355596635292
Djibril Sidibe,12.194465957966344
Benjamin Mendy,0.0
Steven N'Zonzi,5.283937925449174
Thomas Lemar,14.464093473149262
Nabil Fekir,0.0
Thomas Lemar,16.25061537296359
Benjamin Mendy,53.81449618829484
Olivier Giroud,0.0
Ousmane Dembélé,8.203657720797468
Djibril Sidibe,0.0
Raphael Varane,0.0
Presnel Kimpembe,12.46495086231791
Benjamin Mendy,14.440221604947757
Thomas Lemar,11.75717865816455
N'Golo Kanté,13.20534929488804
Kylian Mbappé,19.500769215597632
Djibril Sidibe,25.587692353942362
N'Golo Kanté,37.47118893229836
Djibril Sidibe,19.260581507316985
Presnel Kimpembe,0.0
Raphael Varane,7.300342457720732
Raphael Varane,35.77976034016998
Steven N'Zonzi,6.82495421230062
Presnel Kimpembe,0.0
Steven N'Zonzi,18.33415528460474
Djibril Sidibe,13.2183584457375
Kylian Mbappé,0.0
Nabil Fekir,0.0
Djibril Sidibe,18.826112184941426
Kylian Mbappé,10.569768209379044
Djibril Sidibe,0.0
Kylian Mbappé,22.068982758613945
Benjamin Mendy,0.0
Presnel Kimpembe,14.53379681982654
Raphael Varane,15.527435396742113
Djibril Sidibe,5.097548430373169
Nabil Fekir,0.0
Djibril Sidibe,0.0
Raphael Varane,11.218957170789091
Presnel Kimpembe,20.761292108151654
Djibril Sidibe,0.0
Nabil Fekir,19.411594473406883
Djibril Sidibe,28.515960443232487
Kylian Mbappé,26.02844597743014
Steven N'Zonzi,15.558920271021387
Thomas Lemar,12.924782396620863
Steven N'Zonzi,32.753625753494845
N'Golo Kanté,55.99464260087742
Nabil Fekir,22.410934831014973
Djibril Sidibe,0.0
Raphael Varane,16.179655435144472
Presnel Kimpembe,25.538304563929067
Benjamin Mendy,0.0
Thomas Lemar,25.668852720758675
Benjamin Mendy,46.099999999999994
Benjamin Mendy,0.0
Presnel Kimpembe,0.0
Steven N'Zonzi,0.0
N'Golo Kanté,9.14993169373411
Djibril Sidibe,0.0
Steven N'Zonzi,10.105011133096292
Nabil Fekir,28.187430709449202
Benjamin Mendy,0.0
Thomas Lemar,21.93171219946131
Kylian Mbappé,7.144928271158497
Raphael Varane,9.378965827851168
Djibril Sidibe,32.3172554527763
Benjamin Mendy,8.672946442818622
Thomas Lemar,0.0
Nabil Fekir,6.103380210997836
Steven N'Zonzi,65.51610489032448
N'Golo Kanté,0.0
Raphael Varane,10.51189802081432
N'Golo Kanté,9.266067126888297
Nabil Fekir,25.7978681289753
Kylian Mbappé,18.46104005737486
Olivier Giroud,20.90382740074171
Djibril Sidibe,29.133185545010342
Nabil Fekir,0.0
Djibril Sidibe,0.0
N'Golo Kanté,0.0
Raphael Varane,21.332135383031872
Presnel Kimpembe,5.970343373709756
Thomas Lemar,11.261438629233831
Benjamin Mendy,0.0
Thomas Lemar,0.0
Steven N'Zonzi,6.876136269737535
Thomas Lemar,20.659380436015017
Djibril Sidibe,0.0
N'Golo Kanté,0.0
Djibril Sidibe,0.0
Raphael Varane,10.86237773233835
Presnel Kimpembe,13.629563455958532
Benjamin Mendy,0.0
Presnel Kimpembe,4.995122621117523
Thomas Lemar,0.0
Presnel Kimpembe,10.982941318244398
N'Golo Kanté,25.603124809288417
Presnel Kimpembe,17.123375835389446
Nabil Fekir,39.937075506351256
Benjamin Mendy,0.0
Thomas Lemar,8.736704184073092
N'Golo Kanté,27.095571593897073
Presnel Kimpembe,0.0
Raphael Varane,0.0
Djibril Sidibe,16.808963382671763
Kylian Mbappé,14.449913494550719
Steven N'Zonzi,29.241238003887567
Djibril Sidibe,42.67469976461464
Presnel Kimpembe,0.0
Presnel Kimpembe,14.996999699939987
Raphael Varane,11.787281281109736
Djibril Sidibe,27.141319975270182
Djibril Sidibe,0.0
Djibril Sidibe,0.0
Raphael Varane,0.0
Presnel Kimpembe,46.605149930023835
Presnel Kimpembe,10.15535572985998
Raphael Varane,20.511947737842938
Djibril Sidibe,39.47708195903036
Kylian Mbappé,34.09648075681713
Steven N'Zonzi,38.029593739612835
Benjamin Mendy,0.0
Steven N'Zonzi,24.3105429803614
Benjamin Mendy,0.0
Thomas Lemar,0.0
Presnel Kimpembe,0.0
Raphael Varane,7.757657507263385
Antoine Griezmann,0.0
Raphael Varane,44.03231767690635
Benjamin Pavard,0.0
Raphael Varane,19.742625205377323
Samuel Umtiti,18.528086787361506
Raphael Varane,23.896469404495715
Kylian Mbappé,0.0
Benjamin Pavard,4.876474136094645
N'Golo Kanté,0.0
Blaise Matuidi,5.014105104602417
Antoine Griezmann,10.300060679432914
Blaise Matuidi,7.0996478785922905
Raphael Varane,14.50155164111758
Benjamin Pavard,6.499230723708768
N'Golo Kanté,0.0
Benjamin Pavard,15.318004112807905
Kylian Mbappé,0.0
Benjamin Pavard,4.572882023407121
N'Golo Kanté,6.903260099402309
Antoine Griezmann,2.7260319147067937
Benjamin Pavard,0.0
Raphael Varane,22.975965703317023
Samuel Umtiti,10.906018980361262
Raphael Varane,5.161879502661796
Raphael Varane,9.718603294712672
Benjamin Pavard,10.24719473807344
N'Golo Kanté,0.0
Raphael Varane,8.205181289892382
Benjamin Pavard,14.002901485049454
Kylian Mbappé,0.0
Benjamin Pavard,0.0
Raphael Varane,40.12145622980303
Benjamin Pavard,10.016049620484115
Paul Pogba,17.547115147510713
Blaise Matuidi,0.0
Paul Pogba,0.0
Lucas Hernández,0.0
Samuel Umtiti,16.12761606685873
Raphael Varane,27.40367219917797
Benjamin Pavard,0.0
N'Golo Kanté,6.15721121937521
Benjamin Pavard,0.0
N'Golo Kanté,0.0
Raphael Varane,115.9332566608909
Olivier Giroud,18.15929514050587
Blaise Matuidi,30.002666548158683
Kylian Mbappé,18.216750533506264
N'Golo Kanté,30.500491799313654
Benjamin Pavard,17.0
Paul Pogba,0.0
N'Golo Kanté,11.260550608207396
Benjamin Pavard,12.89670500554309
Kylian Mbappé,0.0
Benjamin Pavard,10.075279152460244
Kylian Mbappé,11.95366052721925
Paul Pogba,35.135309874825346
Antoine Griezmann,24.708095839218355
N'Golo Kanté,0.0
Samuel Umtiti,8.505953797194056
Lucas Hernández,0.0
Paul Pogba,0.0
Benjamin Pavard,11.160701142849407
Kylian Mbappé,0.0
N'Golo Kanté,5.718500677625212
Kylian Mbappé,0.0
Paul Pogba,15.57502006419253
Antoine Griezmann,47.453661607930734
Raphael Varane,9.348863567300574
Raphael Varane,15.248647481006309
N'Golo Kanté,17.13654720181403
Kylian Mbappé,24.075090861718465
Raphael Varane,0.0
Samuel Umtiti,19.16507239746305
Paul Pogba,6.625047169643402
Blaise Matuidi,0.0
Paul Pogba,0.0
Raphael Varane,129.83451005029443
Olivier Giroud,10.866462165764911
Raphael Varane,6.986504848634974
Benjamin Pavard,5.813776741499455
Paul Pogba,0.0
Raphael Varane,0.0
Benjamin Pavard,0.0
Raphael Varane,195.04102132628412
Samuel Umtiti,10.032011263949018
N'Golo Kanté,22.388948166450337
Kylian Mbappé,9.98624053385457
Benjamin Pavard,0.0
N'Golo Kanté,13.109538512091104
Benjamin Pavard,4.572745346069469
Samuel Umtiti,9.056765427016426
Lucas Hernández,0.0
Samuel Umtiti,12.329233552820709
N'Golo Kanté,24.896586111352697
Benjamin Pavard,0.0
Raphael Varane,4.923540392847404
Paul Pogba,21.54065922853801
Kylian Mbappé,0.0
Benjamin Pavard,5.223145603944046
Paul Pogba,24.715000505765722
N'Golo Kanté,0.0
Paul Pogba,32.51124805355833
Lucas Hernández,0.0
Blaise Matuidi,10.279165822186162
Paul Pogba,0.0
N'Golo Kanté,21.275132197004083
Lucas Hernández,11.00568035152757
Samuel Umtiti,7.405403432629449
Antoine Griezmann,0.0
N'Golo Kanté,19.408020249371138
Benjamin Pavard,17.97442627735306
Kylian Mbappé,0.0
N'Golo Kanté,11.244554237496477
Benjamin Pavard,14.629422408283938
Antoine Griezmann,48.00710884858614
Antoine Griezmann,7.1505244562899
Paul Pogba,13.242025902406322
Blaise Matuidi,24.30434631912572
Antoine Griezmann,0.0
Blaise Matuidi,11.16982542388197
Paul Pogba,0.0
Samuel Umtiti,38.89860215997484
N'Golo Kanté,0.0
Benjamin Pavard,0.0
Samuel Umtiti,11.844196891305037
Paul Pogba,68.2051684258605
Samuel Umtiti,3.7378135319996897
Lucas Hernández,0.0
N'Golo Kanté,0.0
Raphael Varane,29.620790840218973
Benjamin Pavard,23.949217106202024
N'Golo Kanté,0.0
Paul Pogba,13.296616110875709
N'Golo Kanté,40.92529779977172
Blaise Matuidi,12.971121771072829
Paul Pogba,87.63292760144446
N'Golo Kanté,7.63708059404902
Antoine Griezmann,18.24280680158619
Paul Pogba,59.61207931283728
N'Golo Kanté,7.335189159115123
Antoine Griezmann,0.0
Samuel Umtiti,13.882362911262621
Lucas Hernández,8.360696741300929
Blaise Matuidi,0.0
Paul Pogba,8.413753621303629
Blaise Matuidi,0.0
Paul Pogba,3.6893427598964026
Antoine Griezmann,8.868553997129405
Blaise Matuidi,5.269843451185232
Paul Pogba,48.51217630657276
Kylian Mbappé,30.0587757568401
Benjamin Pavard,12.015458792738626
Blaise Matuidi,2.7892651361962697
Paul Pogba,9.440934805409896
N'Golo Kanté,13.755907821732453
Blaise Matuidi,0.0
Antoine Griezmann,26.548069609672194
Paul Pogba,12.379216453394779
Blaise Matuidi,0.0
Paul Pogba,0.0
Samuel Umtiti,12.716180637282566
N'Golo Kanté,0.0
Raphael Varane,15.000041666608789
Kylian Mbappé,0.0
Benjamin Pavard,0.0
Raphael Varane,23.617392955193
Paul Pogba,3.9976555629518615
Antoine Griezmann,0.0
Paul Pogba,9.878512033702238
N'Golo Kanté,0.0
Benjamin Pavard,8.514986788010889
N'Golo Kanté,17.14704785086925
Kylian Mbappé,17.270784579746266
N'Golo Kanté,29.502542263337265
Antoine Griezmann,29.0518501992558
Olivier Giroud,14.380890097626104
Samuel Umtiti,20.770291283465433
Antoine Griezmann,94.53232251457702
Samuel Umtiti,6.965629906907197
Lucas Hernández,4.669582422444213
Lucas Hernández,10.109648856414351
Benjamin Pavard,13.228378585450299
Kylian Mbappé,12.030793822520609
Antoine Griezmann,0.0
N'Golo Kanté,23.309252454765684
Lucas Hernández,0.0
Samuel Umtiti,10.120029644225358
Paul Pogba,33.994779010901084
Olivier Giroud,39.61022595239772
Blaise Matuidi,13.579396157414367
Antoine Griezmann,0.0
Paul Pogba,0.0
Samuel Umtiti,16.258074916791347
Benjamin Pavard,0.0
Raphael Varane,0.0
Benjamin Pavard,0.0
Paul Pogba,7.718889168785886
N'Golo Kanté,20.272641663088702
Antoine Griezmann,5.021951811795888
Kylian Mbappé,58.05273464704314
N'Golo Kanté,8.374440279803785
Blaise Matuidi,10.819022599107548
Olivier Giroud,0.0
Lucas Hernández,0.0
Paul Pogba,0.0
Lucas Hernández,0.0
Blaise Matuidi,1.5149257407543077
Lucas Hernández,5.504089388809015
Paul Pogba,0.0
Blaise Matuidi,5.326818938165629
Raphael Varane,2.923183196448689
Benjamin Pavard,11.902573251192363
Kylian Mbappé,3.099193443462347
N'Golo Kanté,24.839484696748453
Lucas Hernández,33.58846528199823
Olivier Giroud,7.764019577512676
Blaise Matuidi,5.361203223158004
Paul Pogba,12.744508621363163
Lucas Hernández,0.0
Lucas Hernández,0.0
Paul Pogba,6.0671245248470305
Blaise Matuidi,19.123349601991784
Lucas Hernández,0.0
N'Golo Kanté,13.903956271507775
Lucas Hernández,31.20128202494252
Kylian Mbappé,52.528087724568834
Benjamin Pavard,2.3730254950168588
Olivier Giroud,0.0
Paul Pogba,15.685064551987026
Lucas Hernández,8.010305861825763
Blaise Matuidi,20.38455297523101
Kylian Mbappé,20.163581031156138
Benjamin Pavard,21.084858311119852
Benjamin Pavard,4.901147824744732
N'Golo Kanté,8.246211251235318
Raphael Varane,0.0
Olivier Giroud,3.570014005574768
Antoine Griezmann,0.0
Olivier Giroud,0.0
Paul Pogba,0.0
Lucas Hernández,0.0
Paul Pogba,0.0
Raphael Varane,11.49527076671098
Benjamin Pavard,0.0
Paul Pogba,27.154465562776224
Olivier Giroud,65.45907118192252
Benjamin Pavard,25.044410554053744
N'Golo Kanté,8.246211251235318
Antoine Griezmann,5.770615218501411
Kylian Mbappé,0.0
Antoine Griezmann,0.0
Lucas Hernández,0.0
Blaise Matuidi,0.0
Samuel Umtiti,12.445079348883233
Paul Pogba,0.0
Samuel Umtiti,7.400084458977481
Antoine Griezmann,2.4093567606313524
N'Golo Kanté,9.554841704601914
Blaise Matuidi,8.821564487096378
Antoine Griezmann,7.502749496018107
Lucas Hernández,22.7821201822833
Lucas Hernández,8.802556446851112
Olivier Giroud,0.0
Paul Pogba,47.80483762131194
Benjamin Pavard,0.0
N'Golo Kanté,4.240577790820477
Kylian Mbappé,10.907336980216574
Antoine Griezmann,20.43624231604235
Paul Pogba,43.37107330929222
Lucas Hernández,41.59666452974326
Samuel Umtiti,0.0
Benjamin Pavard,0.0
Antoine Griezmann,0.0
Paul Pogba,0.0
N'Golo Kanté,23.92511755457013
Blaise Matuidi,0.0
Lucas Hernández,6.095900261651266
Lucas Hernández,45.90296831360692
N'Golo Kanté,0.0
Samuel Umtiti,0.0
Raphael Varane,8.929235689576123
Benjamin Pavard,0.0
Raphael Varane,22.300224214119456
Lucas Hernández,0.0
Paul Pogba,0.0
Raphael Varane,39.427972303936706
Raphael Varane,12.601785587764937
Benjamin Pavard,19.809215027355325
Ousmane Dembélé,0.0
Benjamin Pavard,12.063374320645108
N'Golo Kanté,0.0
Raphael Varane,0.0
Samuel Umtiti,7.7078693554055535
Paul Pogba,0.0
Raphael Varane,17.202943062162355
Ousmane Dembélé,0.0
Benjamin Pavard,27.201562455123778
Olivier Giroud,0.0
Lucas Hernández,0.0
Paul Pogba,0.0
Benjamin Pavard,15.515153882575577
Ousmane Dembélé,2.9832867780352603
Raphael Varane,123.91561644925952
Olivier Giroud,12.567020331009248
Samuel Umtiti,58.073918414379456
Olivier Giroud,6.771632004177427
N'Golo Kanté,0.0
Nabil Fekir,11.68465874555179
Blaise Matuidi,23.874777485874077
Nabil Fekir,12.896947313221068
Ousmane Dembélé,0.0
Lucas Hernández,11.137998024779854
N'Golo Kanté,0.0
Benjamin Pavard,18.963649437806005
Ousmane Dembélé,2.0
Nabil Fekir,24.793245047794763
N'Golo Kanté,25.80331858501925
Blaise Matuidi,9.805674377624415
Ousmane Dembélé,0.0
Benjamin Pavard,3.860051813123755
Corentin Tolisso,0.0
Corentin Tolisso,0.0
Corentin Tolisso,0.0
Benjamin Pavard,0.0
Raphael Varane,7.085548673179798
Benjamin Pavard,0.0
Samuel Umtiti,5.807000086102979
Paul Pogba,0.0
Samuel Umtiti,17.4213948924878
Raphael Varane,20.796634343085422
Benjamin Pavard,10.895182421602682
Antoine Griezmann,0.0
Benjamin Pavard,3.2804344224507824
Corentin Tolisso,9.632302424654247
N'Golo Kanté,11.250777750893485
Benjamin Pavard,109.16501271011698
Lucas Hernández,9.616782206122801
Paul Pogba,0.0
Lucas Hernández,0.0
Ousmane Dembélé,0.0
Raphael Varane,6.869133860975489
Corentin Tolisso,0.0
Samuel Umtiti,26.695341353876703
Raphael Varane,29.241494489851238
Benjamin Pavard,0.0
Corentin Tolisso,28.705073593356275
Lucas Hernández,0.0
Ousmane Dembélé,0.0
Corentin Tolisso,16.42988892232689
Benjamin Pavard,0.0
Corentin Tolisso,0.0
N'Golo Kanté,0.0
Samuel Umtiti,76.76066701117178
Benjamin Pavard,2.750454507895013
N'Golo Kanté,0.0
Kylian Mbappé,26.967781703358547
Paul Pogba,12.030378215168463
Samuel Umtiti,6.08943757665681
Paul Pogba,0.0
N'Golo Kanté,17.394826817189067
Benjamin Pavard,17.966392236617796
Antoine Griezmann,0.0
Raphael Varane,16.92114062349226
Samuel Umtiti,31.52173853073463
Lucas Hernández,0.0
Paul Pogba,0.0
Raphael Varane,11.69962606240046
N'Golo Kanté,0.0
Raphael Varane,23.561011226176184
Benjamin Pavard,0.0
Corentin Tolisso,14.54342635007308
Paul Pogba,16.653678272381747
Kylian Mbappé,50.21324526457136
Benjamin Pavard,0.0
Raphael Varane,0.0
Benjamin Pavard,0.0
Raphael Varane,14.340327750787287
Lucas Hernández,0.0
Paul Pogba,3.3286633954186486
Lucas Hernández,0.0
Samuel Umtiti,6.939830689577377
N'Golo Kanté,12.133476418570236
Raphael Varane,80.39328330152964
Raphael Varane,10.191172650877817
Benjamin Pavard,0.0
N'Golo Kanté,7.722774760408333
Benjamin Pavard,13.867948658687775
Samuel Umtiti,14.248333235856045
N'Golo Kanté,8.444598865547135
Corentin Tolisso,12.074767078498866
Paul Pogba,47.02786408077663
Antoine Griezmann,0.0
Benjamin Pavard,1.8069310999592583
Paul Pogba,6.66492685631284
Samuel Umtiti,11.06345334875146
Raphael Varane,13.175023719143732
Samuel Umtiti,37.03891534588994
Samuel Umtiti,0.0
Raphael Varane,12.139244210411126
Benjamin Pavard,0.0
Raphael Varane,8.376828158676766
Corentin Tolisso,0.0
Raphael Varane,6.30644511591118
Corentin Tolisso,0.0
Samuel Umtiti,12.031832778093284
Paul Pogba,16.538780184765745
Lucas Hernández,11.105010130567207
Ousmane Dembélé,0.0
Lucas Hernández,8.099999999999993
Raphael Varane,0.0
Samuel Umtiti,0.0
Samuel Umtiti,0.0
Raphael Varane,12.738524247337287
Benjamin Pavard,5.508175741568172
Corentin Tolisso,0.0
Samuel Umtiti,8.45488024752568
Paul Pogba,0.0
Samuel Umtiti,17.480310351935973
Corentin Tolisso,10.279165822186153
Benjamin Pavard,9.555692020989378
Corentin Tolisso,0.0
N'Golo Kanté,17.88186930944302
Benjamin Pavard,0.0
N'Golo Kanté,3.0594117081556678
Benjamin Pavard,3.9536375655843843
Corentin Tolisso,0.0
Paul Pogba,99.89719715787828
Raphael Varane,19.698730923589974
N'Golo Kanté,0.0
Corentin Tolisso,0.0
Samuel Umtiti,23.47597175837456
Paul Pogba,13.36155866656282
Lucas Hernández,6.55133574166369
Ousmane Dembélé,0.0
Paul Pogba,0.0
Samuel Umtiti,20.885910322511684
Corentin Tolisso,9.801275427208438
Kylian Mbappé,0.0
Paul Pogba,36.10207750254827
Ousmane Dembélé,17.20261608011992
Lucas Hernández,0.0
Samuel Umtiti,0.0
Raphael Varane,11.286274850454422
N'Golo Kanté,18.245033570810442
Lucas Hernández,8.63133825081604
Paul Pogba,0.0
Samuel Umtiti,0.0
N'Golo Kanté,14.764823060233397
Raphael Varane,34.806913824698675
Raphael Varane,0.0
Kylian Mbappé,0.0
Benjamin Pavard,3.3593154064481667
N'Golo Kanté,0.0
Benjamin Pavard,0.0
Raphael Varane,16.397560794215707
Samuel Umtiti,12.771256790151861
Paul Pogba,0.0
Samuel Umtiti,55.46102234903356
Antoine Griezmann,0.0
N'Golo Kanté,11.426723064816088
Antoine Griezmann,17.058722109231976
Corentin Tolisso,0.0
Paul Pogba,20.98761539575185
Benjamin Pavard,10.960953425683362
Corentin Tolisso,94.64676433983364
Lucas Hernández,0.0
Paul Pogba,0.0
Corentin Tolisso,26.04496112494698
Benjamin Pavard,0.0
Raphael Varane,18.373962555747173
Benjamin Pavard,44.72339991548048
Benjamin Pavard,14.433641259224915
N'Golo Kanté,6.413267497929579
Raphael Varane,9.272607508139227
Benjamin Pavard,6.935776813018145
N'Golo Kanté,6.978628088671871
Antoine Griezmann,31.311499485013467
Paul Pogba,0.0
Corentin Tolisso,0.0
Raphael Varane,17.911588427607416
Benjamin Pavard,5.318011846545662
Antoine Griezmann,0.0
N'Golo Kanté,14.517058930788979
Paul Pogba,0.0
Corentin Tolisso,27.402030034287602
Benjamin Pavard,15.98624408671407
Corentin Tolisso,38.35635540559087
Ousmane Dembélé,31.57530680769388
Lucas Hernández,18.673109007339942
Paul Pogba,0.0
Lucas Hernández,10.227475250520035
Raphael Varane,0.0
Benjamin Pavard,3.593048844644338
Corentin Tolisso,0.0
N'Golo Kanté,9.92471662063961
Samuel Umtiti,24.08651074771935
Lucas Hernández,0.0
Paul Pogba,0.0
N'Golo Kanté,14.022883084444516
Corentin Tolisso,62.32944729419637
Kylian Mbappé,14.598972566588394
Corentin Tolisso,37.704111181673554
Benjamin Pavard,0.0
Corentin Tolisso,28.174855811521017
Benjamin Pavard,0.0
N'Golo Kanté,0.0
Corentin Tolisso,0.0
Corentin Tolisso,7.1431785641967585
Corentin Tolisso,0.0
Lucas Hernández,0.0
Corentin Tolisso,0.0
Samuel Umtiti,20.502316942238505
Raphael Varane,8.856635930193802
Benjamin Pavard,0.0
Raphael Varane,0.0
Samuel Umtiti,15.294157381170104
Raphael Varane,24.05974334858957
Raphael Varane,9.708758932015975
Samuel Umtiti,10.752267202781002
Lucas Hernández,11.52432210587677
N'Golo Kanté,9.74121399005278
Raphael Varane,27.751036016696748
Paul Pogba,31.890829402823623
Lucas Hernández,nan
Corentin Tolisso,0.0
N'Golo Kanté,4.80637597364168
Corentin Tolisso,0.0
Benjamin Pavard,8.403645042480077
Ousmane Dembélé,0.0
N'Golo Kanté,20.42134300186939
Lucas Hernández,0.0
Corentin Tolisso,33.752036975566384
Antoine Griezmann,33.25672864248675
Samuel Umtiti,11.605386680330817
N'Golo Kanté,8.411896337925231
Corentin Tolisso,17.934917061419604
Lucas Hernández,10.513087082298894
Kylian Mbappé,0.0
Corentin Tolisso,6.980329505116502
Lucas Hernández,2.720294101747086
Corentin Tolisso,0.0
N'Golo Kanté,0.0
Samuel Umtiti,16.012495120998476
Raphael Varane,24.027172118249787
Benjamin Pavard,46.716271255313174
Samuel Umtiti,0.0
Raphael Varane,0.0
Samuel Umtiti,11.71558790671642
N'Golo Kanté,5.227332015474049
Paul Pogba,38.24880717094326
Lucas Hernández,0.0
Corentin Tolisso,0.0
N'Golo Kanté,4.726520919238584
Raphael Varane,10.855643693489577
N'Golo Kanté,5.614712815451908
Raphael Varane,0.0
Samuel Umtiti,12.755440015930455
Corentin Tolisso,8.363088544311838
Samuel Umtiti,0.0
Raphael Varane,35.37232322028057
Benjamin Pavard,29.701178427799796
Samuel Umtiti,15.72895419282541
Corentin Tolisso,2.6983791431153628
Samuel Umtiti,17.195384555164797
Raphael Varane,18.11466946979712
Ousmane Dembélé,0.0
Lucas Hernández,0.0
Antoine Griezmann,0.0
Raphael Varane,9.103364762547965
Benjamin Pavard,8.35890243991399
Corentin Tolisso,21.93672719436516
Corentin Tolisso,4.398295124249851
Benjamin Pavard,0.0
Corentin Tolisso,0.0
N'Golo Kanté,14.234509123956476
Samuel Umtiti,9.591923686101756
Kylian Mbappé,0.0
Samuel Umtiti,5.280151512977635
N'Golo Kanté,0.0
Samuel Umtiti,16.16972479666862
Kylian Mbappé,0.0
Paul Pogba,3.4556113786130482
Lucas Hernández,0.0
N'Golo Kanté,0.0
Paul Pogba,31.363673254260245
Corentin Tolisso,79.92903102127539
Benjamin Pavard,0.0
Corentin Tolisso,6.895288246331693
N'Golo Kanté,22.357325421436222
Paul Pogba,50.66162255593479
Lucas Hernández,12.165525060596442
Kylian Mbappé,0.0
Paul Pogba,0.0
Lucas Hernández,0.0
Paul Pogba,0.0
Raphael Varane,19.275145913844597
Benjamin Pavard,0.0
Raphael Varane,0.0
Samuel Umtiti,33.299418163085065
Paul Pogba,7.287746565297119
Benjamin Pavard,0.0
Samuel Umtiti,0.0
N'Golo Kanté,16.14496825639494
Corentin Tolisso,27.615665843864782
Lucas Hernández,0.0
Benjamin Pavard,26.73053029777
Ousmane Dembélé,3.6503424496887935
Raphael Varane,5.890246174821554
Corentin Tolisso,23.527430798963156
Benjamin Pavard,0.0
Corentin Tolisso,2.3409399821439174
Raphael Varane,3.2503845926290005
Benjamin Pavard,3.7604853410165
N'Golo Kanté,19.044717115252723
Paul Pogba,99.268172139916
N'Golo Kanté,17.726004908044
Kylian Mbappé,30.01216420053708
Antoine Griezmann,0.0
Samuel Umtiti,11.954078801814891
Paul Pogba,15.286104801420146
Lucas Hernández,0.0
Samuel Umtiti,0.0
N'Golo Kanté,8.056131205485672
Corentin Tolisso,11.879814813371459
Raphael Varane,10.107670354735557
Benjamin Pavard,7.121183188206858
Corentin Tolisso,0.0
Paul Pogba,8.138872772073535
Lucas Hernández,0.0
Paul Pogba,0.0
N'Golo Kanté,11.672671073923055
Corentin Tolisso,16.17420786313816
Benjamin Pavard,0.0
Raphael Varane,8.521223503699455
Benjamin Pavard,0.0
N'Golo Kanté,33.49434653788607
Lucas Hernández,0.0
Antoine Griezmann,0.0
Paul Pogba,0.0
Raphael Varane,10.958216095697336
Benjamin Pavard,0.0
Ousmane Dembélé,0.0
Corentin Tolisso,31.529668567874275
Corentin Tolisso,0.0
Raphael Varane,20.87297894407983
Paul Pogba,14.325545364836907
Lucas Hernández,0.0
Paul Pogba,10.522832318344722
N'Golo Kanté,2.4020824298928534
Lucas Hernández,4.783565615730598
Kylian Mbappé,17.624982269494613
N'Golo Kanté,43.22961947554017
Corentin Tolisso,11.759251676871278
Raphael Varane,10.897763532028042
Benjamin Pavard,67.38338074035767
Raphael Varane,0.0
Samuel Umtiti,9.748846085563153
Paul Pogba,20.07364565792671
Samuel Umtiti,6.995087561996631
Corentin Tolisso,11.273919016916878
N'Golo Kanté,0.0
Benjamin Pavard,0.0
Raphael Varane,24.031749832253173
Paul Pogba,8.642988487785916
Kylian Mbappé,0.0
Paul Pogba,0.0
Samuel Umtiti,18.37039057831923
Corentin Tolisso,22.18828519737388
Nabil Fekir,14.835430563350696
Corentin Tolisso,0.0
Corentin Tolisso,10.382738078175718
N'Golo Kanté,17.003565802501544
Paul Pogba,23.42882839580332
N'Golo Kanté,0.0
Lucas Hernández,0.0
Samuel Umtiti,7.95110055275369
N'Golo Kanté,13.977303030270184
Lucas Hernández,0.0
N'Golo Kanté,3.140063693621515
Lucas Hernández,12.120643547270912
Corentin Tolisso,22.500111110836762
Lucas Hernández,10.124290098569876
Paul Pogba,8.953281521319427
Blaise Matuidi,0.0
Lucas Hernández,0.0
Samuel Umtiti,15.66305366140332
Paul Pogba,13.082239869380166
Nabil Fekir,12.8604529469222
Benjamin Pavard,0.0
Raphael Varane,0.0
Paul Pogba,7.0615154180954605
Raphael Varane,10.033194904914385
Raphael Varane,12.623440497740699
Samuel Umtiti,31.337696947925195
Lucas Hernández,0.0
Blaise Matuidi,9.333876472291662
Kylian Mbappé,4.772970773009198
Lucas Hernández,0.0
Blaise Matuidi,0.0
Paul Pogba,13.88096718532249
Raphael Varane,10.660265006086856
Samuel Umtiti,13.431725503448915
N'Golo Kanté,15.600000000000003
Lucas Hernández,11.511733144926536
Olivier Giroud,9.17877987534291
N'Golo Kanté,0.0
Samuel Umtiti,13.642763649642255
Paul Pogba,35.53941473913158
Kylian Mbappé,14.533065746772083
Paul Pogba,25.37794317906791
Olivier Giroud,37.884561499375984
Nabil Fekir,0.0
N'Golo Kanté,17.939655793799393
Blaise Matuidi,22.784643951574065
Kylian Mbappé,0.0
N'Golo Kanté,0.0
Lucas Hernández,7.2567210226107
N'Golo Kanté,11.318182274552747
Kylian Mbappé,0.0
N'Golo Kanté,0.0
Lucas Hernández,0.0
Raphael Varane,0.0
Samuel Umtiti,12.986579611275637
Lucas Hernández,31.54142117914157
Blaise Matuidi,9.52181705348301
Paul Pogba,31.96310372914369
Blaise Matuidi,28.844410203711906
Nabil Fekir,45.528123176779424
Raphael Varane,0.0
Samuel Umtiti,14.457696912025787
Blaise Matuidi,18.969449122207003
Raphael Varane,33.39133495384694
Nabil Fekir,0.0
Benjamin Pavard,0.0
Raphael Varane,16.729614460590536
Samuel Umtiti,22.149068829185577
Lucas Hernández,0.0
Samuel Umtiti,4.536656257641741
N'Golo Kanté,0.0
Samuel Umtiti,36.06454283642036
Olivier Giroud,0.0
Benjamin Pavard,33.540497909243975
Raphael Varane,0.0
Samuel Umtiti,0.0
Raphael Varane,43.7981877478966
N'Golo Kanté,2.596391726993444
Blaise Matuidi,34.284836298282094
Kylian Mbappé,72.7473023554826
N'Golo Kanté,82.7545769127001
Kylian Mbappé,62.33979467402824
Nabil Fekir,16.171889190815023
Benjamin Pavard,18.543597277766793
Raphael Varane,17.773013250431116
Nabil Fekir,13.577278814254342
Benjamin Pavard,28.630228780084856
Nabil Fekir,0.0
Kylian Mbappé,0.0
Paul Pogba,13.514991675913087
Lucas Hernández,9.719632194687206
