Player,Score
Lovre Kalinic,52.5597909738893
Danijel Subasic,42.160969864101304
Luka Modric,13.902483706366457
Duje Caleta-Car,13.603148941063163
Ivan Rakitic,13.395140529184527
Domagoj Vida,13.198815140474345
Vedran Corluka,13.004875080168535
Dejan Lovren,11.154917010991017
Milan Badelj,10.639682570410852
Ante Rebic,9.458405189625529
Marcelo Brozovic,8.770093592680109
Josip Pivaric,8.499159933983858
Ivan Perisic,6.766401052602041
Ivan Strinic,6.690562291748682
Filip Bradaric,5.978959860387889
Sime Vrsaljko,5.580973876348985
Andrej Kramaric,5.335270927582491
Mario Mandzukic,3.85652195999788
Mateo Kovacic,2.761093838699449
Tin Jedvaj,2.3930612985206525
Marko Pjaca,1.6608737626138563
