,Player,Score
10,Geoff Cameron,20.424817605849405
8,DeAndre Yedlin,18.059749014217164
3,Christian Pulisic,17.47539276717308
12,Jermaine Jones,17.057877384559365
2,Bobby Wood,17.034164074168185
19,Matt Besler,16.634015182925836
20,Michael Bradley,15.86400116193425
17,Jozy Altidore,15.669575686412122
22,Paul Arriola,15.29760155753663
21,Omar González,15.058601043372173
13,John Brooks,14.75496957580691
14,Jordan Morris,14.329123979719935
4,Clint Dempsey,14.26324906296532
6,Darlington Nagbe,14.123740623026745
16,Jorge Villafaña,13.515456906592027
18,Kellyn Acosta,13.42364791593805
9,Fabian Johnson,12.966226686680686
7,Dax McCarty,12.406824223379349
15,Jorge Flores Villafaña,11.49123610853428
24,Timothy Chandler,10.654777679863482
11,Graham Zusi,10.140546619568429
0,Alejandro Bedoya,9.911206003508951
5,DaMarcus Beasley,9.704154761449704
23,Tim Ream,8.917359250933842
1,Benny Feilhaber,0.0
