Player,Score
Brad Guzan,50.66258693635934
Tim Howard,37.6661621489343
Bill Hamid,31.269272016613687
Alan Gordon,28.114021490378075
Geoff Cameron,20.852256151828342
Matt Hedges,19.786275069724837
Omar González,18.20691413640612
Matt Besler,15.957015137240298
Steve Birnbaum,15.51384414501624
Timothy Chandler,14.891615000490129
John Brooks,13.914152716911946
Michael Bradley,13.739541870511733
Eric Lichaj,13.45798065334482
Matt Miazga,13.253915621703491
Jermaine Jones,13.007700130296005
Justin Morrow,12.74851659525014
Ventura Alvarado,12.091486217390868
Kyle Beckerman,12.064294273716138
Sacha Kljestan,12.05300581791646
Michael Orozco,11.859432288496384
Brad Evans,11.612823295712511
Joe Corona,11.329993455992101
Kellyn Acosta,11.206669913613805
Dax McCarty,10.908705375097046
Juan Agudelo,10.860719913028563
Jorge Villafaña,9.96915892218822
DaMarcus Beasley,9.567480662183877
Édgar Castillo,9.523699668499889
Cristian Roldan,9.036565986524248
Jordan Morris,8.676161014059891
Christian Pulisic,8.526099630363495
Tim Ream,8.397303488575039
Graham Zusi,8.266563986469356
Aron Jóhannsson,8.222906860089498
Clint Dempsey,8.063870526754954
DeAndre Yedlin,7.541857242057272
Paul Arriola,6.931629301935275
Kelyn Rowe,6.844788317869876
Jozy Altidore,6.192616296169199
Mikkel Diskerud,6.137314978309497
Darlington Nagbe,5.906854597127102
Jorge Flores Villafaña,5.705583010811883
Fabian Johnson,5.446519048410695
Alejandro Bedoya,5.26943729072752
Benny Feilhaber,5.0666666666666655
Bobby Wood,4.5577428890071685
Gyasi Zardes,4.140235896501425
Alfredo Morales,4.111852391205937
Chris Pontius,2.403082001336584
Dominic Dwyer,1.4099923612120076
Chris Wondolowski,0.8571528389208856
Greg Garza,0.45608017849485544
