,Player,Score
30,Kasey Keller,41.00299080246123
23,Jimmy Conrad,16.353919854235958
29,Julian Green,15.833329460966537
36,Oguchi Onyewu,14.008129182156136
1,Aron Jóhannsson,13.80782322142328
32,Landon Donovan,12.993319293952853
40,Robbie Findley,12.650141948508804
9,Claudio Reyna,11.634876079406219
24,John Brooks,11.613568773234201
18,Geoff Cameron,11.510651140857284
28,Jozy Altidore,11.289746003433315
22,Jermaine Jones,11.216264013820089
4,Bobby Convey,11.176165904636195
3,Benny Feilhaber,10.552053355255804
13,Eddie Johnson,10.056099849327415
14,Eddie Lewis,10.00034883381438
7,Carlos Bocanegra,9.992712031567397
41,Steven Cherundolo,9.727416278478733
6,Brian McBride,9.721638370139663
37,Omar González,9.47594311344645
21,Jay DeMerit,9.201837576340948
8,Chris Wondolowski,8.895300610266817
35,Michael Bradley,8.873464091064942
39,Ricardo Clark,8.592533834804831
17,Fabian Johnson,8.24285164885698
15,Eddie Pope,8.200095617672291
34,Maurice Edu,7.8399177217140315
42,Stuart Holden,7.676765799256499
12,DeAndre Yedlin,7.626995281182924
19,Graham Zusi,6.998784691808451
25,Jonathan Bornstein,6.873157756302101
5,Brad Davis,6.267616141864848
20,Hérculez Gómez,6.24421786266643
10,Clint Dempsey,6.190532366428835
38,Pablo Mastroeni,6.126649628252786
33,Matt Besler,5.949940858398109
11,DaMarcus Beasley,5.636312100422523
26,Josh Wolff,4.674953531598507
0,Alejandro Bedoya,3.6741408866389587
16,Edson Buddle,3.6311985951342955
2,Ben Olsen,2.994782262347318
31,Kyle Beckerman,2.912947585868657
27,José Torres,0.3151335072919658
