Player,Score
Thomas Müller,23.799999999999997
Mesut Özil,-6.800000000000011
Sami Khedira,15.400000000000006
Manuel Neuer,10.182337649086284
Marvin Plattenhardt,9.475230867899736
Toni Kroos,-12.869343417595168
Jérôme Boateng,13.152186130069785
Jérôme Boateng,27.435743110038043
Timo Werner,-34.8
Jérôme Boateng,43.599999999999994
Marvin Plattenhardt,25.799999999999997
Julian Draxler,24.041630560342615
Mesut Özil,18.950461735799482
Manuel Neuer,4.949747468305833
Jérôme Boateng,35.400000000000006
Joshua Kimmich,-24.400000000000006
Jérôme Boateng,16.200000000000003
Joshua Kimmich,85.13565645486032
Sami Khedira,21.19999999999999
Thomas Müller,12.799999999999997
Timo Werner,-24.249948453553444
Joshua Kimmich,-32.599999999999994
Jérôme Boateng,13.199999999999989
Joshua Kimmich,7.799999999999997
Joshua Kimmich,-3.3999999999999915
Sami Khedira,29.60000000000001
Timo Werner,-13.717142559585819
Thomas Müller,-12.24744871391589
Sami Khedira,-19.799999999999997
Mats Hummels,-2.5999999999999943
Toni Kroos,17.599999999999994
Marvin Plattenhardt,-43.800000000000004
Manuel Neuer,15.273506473629428
Jérôme Boateng,2.8284271247461903
Mats Hummels,6.0
Jérôme Boateng,33.79999999999998
Joshua Kimmich,50.19999999999999
Joshua Kimmich,31.395541084682694
Mesut Özil,8.48528137423857
Sami Khedira,-27.189336144893264
Toni Kroos,-29.400000000000006
Jérôme Boateng,1.5999999999999943
Mats Hummels,-0.7999999999999972
Jérôme Boateng,-1.8000000000000114
Toni Kroos,-4.799999999999997
Jérôme Boateng,56.999999999999986
Marvin Plattenhardt,22.045407685048602
Julian Draxler,-19.84086691654373
Marvin Plattenhardt,-11.512601791080945
Julian Draxler,6.788225099390832
Sami Khedira,68.73077913133241
Joshua Kimmich,2.8284271247461903
Toni Kroos,-22.06173157302028
Mats Hummels,16.122034611053284
Marvin Plattenhardt,34.223968209428904
Julian Draxler,69.8621499812309
Thomas Müller,2.262741699796944
Toni Kroos,-31.598417681903012
Mesut Özil,31.11269837220809
Julian Draxler,18.667619023324878
Thomas Müller,23.758787847867975
Thomas Müller,14.424978336205594
Marvin Plattenhardt,10.399999999999991
Sami Khedira,25.799999999999997
Mesut Özil,-9.599999999999994
Toni Kroos,32.39999999999999
Thomas Müller,12.445079348883253
Sami Khedira,1.9798989873223412
Manuel Neuer,48.64894654563448
Jérôme Boateng,58.400000000000006
Manuel Neuer,22.48599564173221
Mats Hummels,8.768124086713183
Sami Khedira,-4.24264068711928
Jérôme Boateng,34.60000000000001
Joshua Kimmich,-26.400000000000006
Jérôme Boateng,31.39999999999999
Joshua Kimmich,10.182337649086268
Sami Khedira,1.1999999999999886
Mats Hummels,-33.0
Jérôme Boateng,90.79251070435271
Joshua Kimmich,63.07392488184007
Mesut Özil,63.35676759431463
Joshua Kimmich,0.8485281374238892
Jérôme Boateng,4.0
Julian Draxler,-1.1313708498984771
Julian Draxler,11.879393923934002
Manuel Neuer,17.394826817189067
Marvin Plattenhardt,-6.646803743153546
Jérôme Boateng,12.200000000000003
Sami Khedira,-16.400000000000006
Mats Hummels,36.8
Marvin Plattenhardt,11.0
Julian Draxler,-19.39999999999999
Sami Khedira,-14.0
Jérôme Boateng,31.0
Mesut Özil,31.39999999999999
Joshua Kimmich,-26.94438717061496
Mesut Özil,19.60000000000001
Thomas Müller,-17.636326148038872
Mesut Özil,-0.8000000000000114
Toni Kroos,30.264170234784242
Thomas Müller,5.939696961966983
Julian Draxler,40.44650788387051
Joshua Kimmich,31.11269837220809
Toni Kroos,21.77888886054567
Julian Draxler,3.0
Toni Kroos,59.2
Mesut Özil,7.353910524340078
Jérôme Boateng,52.60874452027914
Thomas Müller,-23.599999999999994
Sami Khedira,-20.0
Jérôme Boateng,31.799999999999997
Joshua Kimmich,41.60000000000001
Sami Khedira,24.465894629054546
Jérôme Boateng,6.788225099390853
Toni Kroos,1.4142135623730951
Sami Khedira,14.283556979968262
Joshua Kimmich,-8.799999999999997
Sami Khedira,36.599999999999994
Manuel Neuer,10.748023074035524
Mats Hummels,8.768124086713188
Sami Khedira,-8.399999999999999
Mats Hummels,17.0
Sami Khedira,32.2
Joshua Kimmich,69.01362184380702
Manuel Neuer,19.374725804511403
Sami Khedira,-9.475230867899741
Jérôme Boateng,8.9095454429505
Jérôme Boateng,18.667619023324857
Joshua Kimmich,-22.200000000000003
Jérôme Boateng,51.2
Mesut Özil,17.799999999999983
Joshua Kimmich,42.37617255014901
Thomas Müller,3.919183588453071
Joshua Kimmich,24.799999999999983
Timo Werner,-6.613622305514588
Mesut Özil,18.66761902332484
Julian Draxler,6.222539674441626
Mats Hummels,30.599999999999994
Timo Werner,-16.901479225203943
Julian Draxler,13.200000000000003
Timo Werner,-16.166632302368978
Julian Draxler,-3.1999999999999886
Toni Kroos,-31.60000000000001
Joshua Kimmich,21.920310216782976
Sami Khedira,-9.475230867899736
Toni Kroos,11.73797256769669
Mesut Özil,5.374011537017757
Thomas Müller,45.2
Manuel Neuer,23.61736649163069
Jérôme Boateng,34.506810921903515
Mesut Özil,18.200000000000003
Thomas Müller,5.599999999999994
Joshua Kimmich,-24.984795376388423
Joshua Kimmich,26.0
Toni Kroos,66.46803743153546
Mats Hummels,18.384776310850235
Manuel Neuer,11.879393923933998
Mats Hummels,9.616652224137047
Jérôme Boateng,17.819090885900994
Sami Khedira,-3.200000000000003
Jérôme Boateng,51.39999999999999
Joshua Kimmich,3.799999999999983
Mesut Özil,29.415642097360372
Sami Khedira,28.284271247461902
Julian Draxler,26.870057685088806
Sami Khedira,8.400000000000006
Mesut Özil,27.599999999999994
Joshua Kimmich,7.10352025407123
Joshua Kimmich,-25.229744350666728
Thomas Müller,-0.7348469228349465
Mesut Özil,0.5656854249492461
Jérôme Boateng,9.899494936611665
Sami Khedira,-4.6669047558312124
Manuel Neuer,21.637467504308354
Toni Kroos,23.617366491630683
Thomas Müller,-31.599999999999994
Jérôme Boateng,14.566399692442875
Joshua Kimmich,-16.4
Jérôme Boateng,21.200000000000003
Joshua Kimmich,27.60000000000001
Thomas Müller,-46.295356138602045
Jérôme Boateng,10.599999999999994
Marvin Plattenhardt,-12.400000000000006
Toni Kroos,10.199999999999989
Jérôme Boateng,80.8
Julian Draxler,-20.33076486510037
Marvin Plattenhardt,-11.512601791080945
Mesut Özil,6.222539674441626
Julian Draxler,23.515101530718496
Mesut Özil,-23.760050504996837
Julian Draxler,5.878775382679606
Toni Kroos,13.0
Sami Khedira,40.599999999999994
Joshua Kimmich,2.694438717061482
Joshua Kimmich,-30.61862178478974
Toni Kroos,34.0
Thomas Müller,-24.984795376388405
Joshua Kimmich,-37.19999999999999
Jérôme Boateng,37.20000000000002
Joshua Kimmich,-9.600000000000009
Sami Khedira,30.0
Joshua Kimmich,25.964591273501675
Thomas Müller,-0.7348469228349812
Mats Hummels,13.799999999999997
Toni Kroos,12.000000000000014
Mats Hummels,23.025203582161854
Jérôme Boateng,76.0846896556725
Toni Kroos,-10.889444430272832
Joshua Kimmich,74.38763338082481
Julian Draxler,-2.0
Toni Kroos,54.19999999999999
Manuel Neuer,43.27493500861671
Mesut Özil,26.39999999999999
Joshua Kimmich,-9.799999999999997
Mesut Özil,27.400000000000006
Thomas Müller,1.4000000000000057
Mesut Özil,-16.400000000000006
Toni Kroos,5.799999999999997
Sami Khedira,7.799999999999997
Joshua Kimmich,-22.799999999999997
Sami Khedira,-22.200000000000003
Jérôme Boateng,12.599999999999994
Toni Kroos,5.400000000000006
Mesut Özil,-14.599999999999994
Toni Kroos,-25.599999999999994
Jérôme Boateng,33.60000000000001
Marvin Plattenhardt,38.74945160902277
Mesut Özil,10.748023074035514
Joshua Kimmich,19.233304448274083
Toni Kroos,13.010764773832499
Joshua Kimmich,54.02295808265222
Thomas Müller,17.536248173426387
Sami Khedira,23.758787847868014
Timo Werner,18.10193359837559
Thomas Müller,1.1313708498984922
Mats Hummels,-0.565685424949236
Joshua Kimmich,10.4651803615609
Sami Khedira,2.9698484809835017
Joshua Kimmich,3.8183766184073558
Sami Khedira,-3.6769552621700465
Jérôme Boateng,-4.101219330881976
Mats Hummels,24.890158697766473
Marvin Plattenhardt,2.8284271247461903
Toni Kroos,5.515432893255069
Sami Khedira,20.400000000000006
Joshua Kimmich,-9.400000000000006
Sami Khedira,-15.600000000000009
Jérôme Boateng,31.400000000000006
Thomas Müller,-23.799999999999997
Sami Khedira,28.39999999999999
Joshua Kimmich,-17.0
Sami Khedira,16.999999999999986
Marvin Plattenhardt,29.63882588767644
Julian Draxler,-11.267652816802604
Thomas Müller,-18.126224096595497
Toni Kroos,3.1999999999999886
Jérôme Boateng,91.64103884177658
Toni Kroos,-37.199999999999996
Jérôme Boateng,2.8284271247461903
Mats Hummels,11.455129855222067
Toni Kroos,-3.200000000000003
Jérôme Boateng,43.39999999999999
Joshua Kimmich,0.28284271247464315
Mesut Özil,9.050966799187817
Julian Draxler,36.76955262170047
Joshua Kimmich,7.636753236814721
Manuel Neuer,10.889444430272832
Mats Hummels,29.13279938488576
Thomas Müller,31.19999999999999
Julian Draxler,24.041630560342615
Joshua Kimmich,48.36610383315983
Mesut Özil,26.021529547664958
Sami Khedira,18.384776310850235
Thomas Müller,-11.0
Manuel Neuer,7.353910524340098
Jérôme Boateng,9.899494936611665
Toni Kroos,22.60000000000001
Sami Khedira,9.600000000000009
Toni Kroos,39.400000000000006
Joshua Kimmich,24.890158697766466
Toni Kroos,18.66761902332484
Mesut Özil,5.091168824543134
Julian Draxler,43.2749350086167
Marvin Plattenhardt,-61.237243569579455
Manuel Neuer,41.43645737753168
Sami Khedira,-0.848528137423859
Toni Kroos,11.313708498984761
Mats Hummels,51.2
Mesut Özil,2.0
Timo Werner,13.600000000000023
Marvin Plattenhardt,12.982295636750838
Mesut Özil,-21.310560762213658
Marvin Plattenhardt,-2.449489742783178
Julian Draxler,-2.939387691339821
Mesut Özil,18.126224096595532
Julian Draxler,-33.313060501851226
Mats Hummels,9.600000000000009
Sami Khedira,-21.60000000000001
Jérôme Boateng,16.60000000000001
Joshua Kimmich,-26.0
Jérôme Boateng,-25.39999999999999
Joshua Kimmich,-18.400000000000006
Manuel Neuer,43.1335136523794
Marvin Plattenhardt,-29.0
Mats Hummels,25.400000000000006
Mesut Özil,-24.39999999999999
Toni Kroos,12.799999999999997
Sami Khedira,11.599999999999994
Toni Kroos,-19.200000000000003
Jérôme Boateng,54.8
Joshua Kimmich,-23.27015255644019
Jérôme Boateng,38.18376618407357
Joshua Kimmich,-17.60000000000001
Jérôme Boateng,-5.091168824543139
Mats Hummels,10.465180361560906
Jérôme Boateng,34.0
Joshua Kimmich,-13.0
Jérôme Boateng,26.599999999999994
Thomas Müller,25.738686835190315
Mats Hummels,-48.599999999999994
Manuel Neuer,15.697770542341358
Jérôme Boateng,20.0
Toni Kroos,33.599999999999994
Mesut Özil,7.799999999999997
Julian Draxler,2.545584412271547
Sami Khedira,17.253405460951786
Joshua Kimmich,27.43574311003801
Toni Kroos,1.4142135623730951
Sami Khedira,-7.0
Toni Kroos,16.000000000000014
Timo Werner,-15.000000000000014
Joshua Kimmich,-13.799999999999997
Jérôme Boateng,21.60000000000001
Sami Khedira,26.209540247780012
Thomas Müller,34.782754347521134
Jérôme Boateng,54.02295808265224
Jérôme Boateng,30.0
Manuel Neuer,31.536962440920014
Sami Khedira,19.599999999999994
Joshua Kimmich,-10.799999999999997
Sami Khedira,8.799999999999997
Thomas Müller,-11.0
Joshua Kimmich,-22.200000000000003
Jérôme Boateng,22.799999999999997
Julian Draxler,14.399999999999991
Toni Kroos,-12.200000000000003
Julian Draxler,-2.5999999999999943
Jérôme Boateng,87.11555544218267
Jérôme Boateng,-2.4000000000000057
Sami Khedira,35.60000000000001
Joshua Kimmich,7.103520254071196
Joshua Kimmich,-19.84086691654373
Joshua Kimmich,-30.373672810511405
Jérôme Boateng,19.0
Joshua Kimmich,10.748023074035514
Julian Draxler,11.879393923934007
Thomas Müller,20.364675298172575
Sami Khedira,37.335238046649714
Mats Hummels,-30.688434303496162
Manuel Neuer,13.293607486307094
Mats Hummels,7.6367532368147115
Jérôme Boateng,59.67981233214459
Marvin Plattenhardt,24.0
Mesut Özil,19.0
Mats Hummels,34.39999999999999
Thomas Müller,2.0
Timo Werner,10.182337649086309
Mesut Özil,25.738686835190315
Julian Draxler,-10.532805893967659
Toni Kroos,44.97199128346444
Mesut Özil,45.254833995939045
Julian Draxler,5.939696961966983
Sami Khedira,4.808326112068531
Toni Kroos,42.42640687119285
Jérôme Boateng,32.60000000000001
Julian Draxler,22.627416997969522
Mesut Özil,16.404877323527895
Toni Kroos,22.799999999999983
Joshua Kimmich,-48.49989690710692
Jérôme Boateng,59.27765177535288
Marvin Plattenhardt,-34.292856398964496
Julian Draxler,42.42640687119285
Sami Khedira,5.091168824543175
Mats Hummels,71.84204896855324
Manuel Neuer,39.59797974644666
Toni Kroos,16.546298679765215
Mesut Özil,-9.400000000000006
Julian Draxler,10.400000000000006
Julian Draxler,44.400000000000006
Thomas Müller,14.424978336205594
Mesut Özil,19.516147160748687
Julian Draxler,12.727922061357855
Manuel Neuer,24.041630560342615
Jérôme Boateng,2.200000000000003
Sami Khedira,27.435743110038054
Julian Draxler,63.35676759431463
Joshua Kimmich,5.939696961967023
Timo Werner,10.287856919689355
Sami Khedira,15.839191898578688
Joshua Kimmich,13.859292911256347
Toni Kroos,29.63882588767644
Sami Khedira,4.242640687119285
Joshua Kimmich,-29.393876913398156
Jérôme Boateng,31.39999999999999
Joshua Kimmich,1.469693845669893
Jérôme Boateng,-7.212489168102785
Manuel Neuer,54.16437943888955
Toni Kroos,-2.4041630560342604
Marvin Plattenhardt,-23.758787847867996
Manuel Neuer,24.18305191657992
Jérôme Boateng,29.839906166072304
Marco Reus,14.200000000000003
Joshua Kimmich,20.400000000000006
Marco Reus,-12.492397688194195
Joshua Kimmich,-6.599999999999994
Mesut Özil,23.193102422918766
Thomas Müller,28.001428534987298
Toni Kroos,33.94112549695428
Julian Draxler,11.399999999999991
Marco Reus,16.599999999999994
Mats Hummels,13.152186130069785
Mesut Özil,15.200000000000003
Marvin Plattenhardt,32.599999999999994
Julian Draxler,-14.451989482420748
Mesut Özil,30.19999999999999
Thomas Müller,12.16223663640861
Mesut Özil,36.486709909225866
Joshua Kimmich,-1.4000000000000057
Mesut Özil,13.599999999999994
Marco Reus,-13.717142559585819
Mesut Özil,31.961226509631942
Thomas Müller,7.636753236814721
Manuel Neuer,18.526197667087548
Joshua Kimmich,-15.800000000000011
Jérôme Boateng,37.335238046649714
Thomas Müller,14.142135623730951
Toni Kroos,8.768124086713172
Julian Draxler,3.1999999999999886
Mesut Özil,22.19999999999999
Marco Reus,19.233304448274083
Mesut Özil,4.242640687119285
Marco Reus,7.0710678118654755
Julian Draxler,33.658282784479674
Jérôme Boateng,77.4
Mesut Özil,-45.07061126721045
Jérôme Boateng,26.021529547664958
Marvin Plattenhardt,44.19999999999999
Mats Hummels,31.799999999999997
Mesut Özil,-6.3999999999999915
Toni Kroos,31.0
Timo Werner,0.0
Joshua Kimmich,28.200000000000003
Toni Kroos,13.400000000000006
Julian Draxler,-8.200000000000003
Toni Kroos,47.2
Timo Werner,-3.5999999999999943
Marco Reus,31.678383797157338
Thomas Müller,13.576450198781705
Toni Kroos,-44.82566229293215
Mesut Özil,29.698484809834994
Joshua Kimmich,50.2
Marco Reus,41.29503602129436
Jérôme Boateng,51.400000000000006
Julian Draxler,4.808326112068531
Jérôme Boateng,-35.0
Manuel Neuer,33.94112549695428
Joshua Kimmich,-15.0
Jérôme Boateng,41.577878733769005
Mesut Özil,13.962091533864122
Mesut Özil,-8.083316151184482
Manuel Neuer,46.24478348960021
Mesut Özil,30.599999999999994
Joshua Kimmich,-6.400000000000006
Mesut Özil,13.800000000000011
Marco Reus,-2.694438717061482
Mesut Özil,37.47719306458262
Joshua Kimmich,32.8231625532946
Marco Reus,5.091168824543175
Mesut Özil,19.39999999999999
Marco Reus,10.748023074035514
Mesut Özil,26.870057685088806
Thomas Müller,7.919595949289324
Mesut Özil,29.13279938488575
Joshua Kimmich,5.388877434122964
Toni Kroos,17.253405460951743
Julian Draxler,12.727922061357855
Toni Kroos,24.24994845355348
Mesut Özil,17.536248173426344
Toni Kroos,-23.60000000000001
Jérôme Boateng,45.82051942088829
Marco Reus,1.6970562748476978
Toni Kroos,25.200000000000003
Marco Reus,-22.19999999999999
Toni Kroos,14.399999999999991
Marco Reus,-22.39999999999999
Mats Hummels,-0.4000000000000057
Jérôme Boateng,46.95189027078674
Timo Werner,18.101933598375634
Julian Draxler,18.950461735799482
Toni Kroos,15.0
Marvin Plattenhardt,11.596551211459364
Toni Kroos,7.353910524340118
Jérôme Boateng,19.79898987322333
Joshua Kimmich,39.436784858809155
Thomas Müller,6.505382386916229
Julian Draxler,31.11269837220809
Jérôme Boateng,51.47737367038067
Mats Hummels,-38.8
Manuel Neuer,21.213203435596427
Toni Kroos,43.0
Marco Reus,8.0
Mesut Özil,14.199999999999989
Marco Reus,6.8585712797928915
Thomas Müller,-20.330764865100388
Marco Reus,-2.200000000000003
Mesut Özil,-0.8000000000000114
Jérôme Boateng,11.399999999999991
Julian Draxler,15.200000000000017
Marvin Plattenhardt,2.939387691339821
Julian Draxler,26.587214972614163
Toni Kroos,2.8284271247461903
Mesut Özil,13.859292911256308
Toni Kroos,22.34457428549488
Joshua Kimmich,1.6970562748476978
Toni Kroos,18.0
Toni Kroos,26.870057685088824
Thomas Müller,-11.800000000000011
Marco Reus,27.718585822512676
Toni Kroos,17.39999999999999
Joshua Kimmich,24.49489742783178
Thomas Müller,-15.921683328090658
Joshua Kimmich,24.60731598529182
Mesut Özil,1.9798989873223412
Mats Hummels,1.6970562748476978
Toni Kroos,57.41707063234765
Thomas Müller,4.525483399593928
Toni Kroos,-11.757550765359248
Marco Reus,-16.166632302368964
Toni Kroos,24.041630560342615
Thomas Müller,0.0
Marco Reus,-12.002499739637587
Marco Reus,34.50681092190353
Toni Kroos,-17.146428199482248
Manuel Neuer,31.53696244092002
Mesut Özil,8.343860018001264
Toni Kroos,59.000000000000014
Joshua Kimmich,-6.599999999999994
Toni Kroos,2.1999999999999886
Mats Hummels,30.200000000000003
Julian Draxler,-11.799999999999997
Marvin Plattenhardt,21.200000000000017
Julian Draxler,3.676955262170039
Toni Kroos,50.34600282048218
Joshua Kimmich,18.667619023324878
Toni Kroos,45.82051942088829
Marvin Plattenhardt,19.233304448274083
Thomas Müller,37.052395334175074
Joshua Kimmich,-19.0
Jérôme Boateng,-3.200000000000003
Mats Hummels,4.0
Mesut Özil,5.091168824543134
Toni Kroos,64.20529573173852
Toni Kroos,16.200000000000003
Julian Draxler,7.800000000000011
Mesut Özil,52.891587232753764
Thomas Müller,1.6970562748476978
Timo Werner,9.0
Toni Kroos,29.39999999999999
Julian Draxler,-16.4115812766473
Jérôme Boateng,-3.4000000000000057
Manuel Neuer,51.61879502661797
Toni Kroos,42.400000000000006
Julian Draxler,20.081832585697974
Thomas Müller,5.878775382679606
Mats Hummels,-4.400000000000006
Jérôme Boateng,6.800000000000011
Mesut Özil,12.445079348883253
Marco Reus,5.656854249492381
Mesut Özil,16.97056274847714
Thomas Müller,17.536248173426387
Marco Reus,27.15290039756341
Thomas Müller,-15.600000000000009
Jérôme Boateng,102.38906191581209
Mario Gomez,50.62884553295682
Timo Werner,-31.35346870762467
Julian Draxler,0.5656854249492059
Mats Hummels,12.869343417595163
Toni Kroos,6.200000000000003
Mesut Özil,41.2
Joshua Kimmich,-0.7999999999999972
Mesut Özil,30.618621784789728
Thomas Müller,-19.350968967987086
Marco Reus,20.33076486510037
Joshua Kimmich,-17.146428199482248
Marco Reus,-7.103520254071196
Mesut Özil,57.982756057296896
Toni Kroos,10.0
Mesut Özil,69.8621499812309
Manuel Neuer,84.28712831743647
Julian Brandt,-14.45198948242073
Toni Kroos,5.199999999999989
Joshua Kimmich,-17.88127512231719
Marco Reus,14.142135623730951
Mesut Özil,31.11269837220809
Joshua Kimmich,38.466608896548166
Manuel Neuer,5.939696961966998
Jérôme Boateng,22.203152929257588
Toni Kroos,44.2
Julian Brandt,29.698484809834994
Marco Reus,1.6970562748476978
Mario Gomez,46.38620484583749
Jérôme Boateng,13.200000000000003
Toni Kroos,47.0
Mats Hummels,30.86357075906803
Julian Brandt,4.6540305112880525
Julian Brandt,19.79898987322333
Joshua Kimmich,-28.903978964841496
Julian Brandt,23.334523779156065
Toni Kroos,-14.799999999999997
Jérôme Boateng,62.8
Mats Hummels,-20.820662813657012
Julian Brandt,-8.328265125462783
Jérôme Boateng,9.616652224137022
Joshua Kimmich,9.899494936611665
Joshua Kimmich,-14.207040508142427
Jérôme Boateng,-9.30806102257607
Mesut Özil,15.800000000000011
Thomas Müller,-28.16913204200655
Mesut Özil,2.8284271247461903
Toni Kroos,8.599999999999994
Mesut Özil,-16.4115812766473
Joshua Kimmich,18.384776310850235
Toni Kroos,18.95046173579944
Thomas Müller,9.33380951166242
Marco Reus,19.79898987322333
Mesut Özil,3.9597979746446823
Thomas Müller,55.154328932550705
Toni Kroos,8.343860018001259
Joshua Kimmich,12.0
Toni Kroos,20.39999999999999
Jérôme Boateng,47.8
Thomas Müller,30.264170234784242
Toni Kroos,28.849956672411146
Mesut Özil,-53.15392741839495
Joshua Kimmich,105.50033175303291
Toni Kroos,85.98418459228418
Antonio Rüdiger,13.435028842544403
Julian Draxler,-7.3999999999999915
Toni Kroos,-12.020815280171307
Jonas Hector,-14.28355697996826
Antonio Rüdiger,1.8384776310850222
Jérôme Boateng,13.859292911256333
Joshua Kimmich,-6.363961030678928
Jérôme Boateng,-1.5999999999999943
Toni Kroos,22.0
Sebastian Rudy,-26.799999999999997
Antonio Rüdiger,17.599999999999994
Jérôme Boateng,14.799999999999997
Jonas Hector,-6.368673331236284
Toni Kroos,27.189336144893296
Julian Draxler,-18.61612204515214
Toni Kroos,13.22724461102914
Marco Reus,-14.941887430977408
Toni Kroos,33.55800947612955
Thomas Müller,2.694438717061482
Sebastian Rudy,9.0
Marco Reus,18.384776310850235
Timo Werner,16.97056274847714
Marco Reus,-15.0
Toni Kroos,-11.200000000000003
Antonio Rüdiger,15.799999999999997
Jérôme Boateng,20.200000000000003
Joshua Kimmich,-15.399999999999991
Jérôme Boateng,87.96408357960651
Jonas Hector,14.142135623730951
Julian Draxler,0.5656854249492059
Joshua Kimmich,-32.578213579016264
Jérôme Boateng,42.13122357587067
Joshua Kimmich,25.173001410241067
Timo Werner,9.33380951166246
Timo Werner,12.16223663640861
Marco Reus,7.636753236814721
Marco Reus,-34.782754347521134
Toni Kroos,48.36610383315983
Julian Draxler,20.364675298172575
Marco Reus,8.328265125462819
Toni Kroos,24.249948453553444
Marco Reus,-19.84086691654373
Toni Kroos,23.760050504996798
Thomas Müller,-20.33076486510037
Marco Reus,-25.229744350666728
Antonio Rüdiger,7.400000000000006
Jérôme Boateng,9.616652224137022
Sebastian Rudy,19.233304448274083
Jérôme Boateng,62.508239456890784
Thomas Müller,9.33380951166242
Manuel Neuer,12.020815280171307
Jérôme Boateng,12.869343417595163
Toni Kroos,37.599999999999994
Julian Draxler,1.8000000000000114
Marco Reus,-14.000000000000014
Toni Kroos,-16.799999999999997
Jérôme Boateng,42.19999999999999
Joshua Kimmich,-23.39999999999999
Jérôme Boateng,28.400000000000006
Thomas Müller,14.599999999999994
Timo Werner,-28.16913204200655
Joshua Kimmich,-52.2
Jérôme Boateng,55.000000000000014
Jonas Hector,-22.0
Jérôme Boateng,51.599999999999994
Timo Werner,-27.434285119171584
Joshua Kimmich,39.880822458921266
Jonas Hector,3.959797974644642
Antonio Rüdiger,-17.799999999999997
Sebastian Rudy,8.0
Jérôme Boateng,35.2
Joshua Kimmich,14.999999999999986
Timo Werner,-10.04290794541105
Timo Werner,28.903978964841496
Joshua Kimmich,-10.800000000000011
Toni Kroos,-37.8
Antonio Rüdiger,-32.00000000000001
Manuel Neuer,16.546298679765208
Jérôme Boateng,66.4
Toni Kroos,39.59797974644666
Julian Draxler,78.9131167804187
Antonio Rüdiger,23.799999999999997
Toni Kroos,39.0
Julian Draxler,11.030865786510118
Manuel Neuer,10.748023074035522
Jonas Hector,-15.697770542341358
Manuel Neuer,21.496046148071045
Sebastian Rudy,-1.5556349186104015
Jonas Hector,-14.142135623730947
Antonio Rüdiger,8.909545442950497
Jérôme Boateng,17.819090885901
Joshua Kimmich,-11.600000000000009
Jérôme Boateng,29.200000000000003
Joshua Kimmich,78.2
Timo Werner,-21.310560762213658
Thomas Müller,-53.39887639267328
Joshua Kimmich,-8.328265125462819
Toni Kroos,32.0
Jonas Hector,-33.80295845040785
Marco Reus,-27.924183067728244
Julian Draxler,21.310560762213658
Julian Draxler,-23.200000000000003
Antonio Rüdiger,15.800000000000011
Jérôme Boateng,12.200000000000003
Sebastian Rudy,-1.0
Toni Kroos,41.2
Marco Reus,34.22396820942888
Julian Draxler,14.707821048680197
Antonio Rüdiger,17.111984104714452
Marco Reus,-13.400000000000006
Toni Kroos,11.600000000000009
Thomas Müller,-22.0
Joshua Kimmich,-9.800000000000004
Jérôme Boateng,10.200000000000003
Toni Kroos,-5.6000000000000085
Jérôme Boateng,44.60000000000001
Joshua Kimmich,41.012193308819754
Marco Reus,3.959797974644642
Marco Reus,-18.371173070873837
Toni Kroos,-22.78025460788355
Marco Reus,22.344574285494918
Julian Draxler,41.396376653035695
Toni Kroos,41.8607214462436
Julian Draxler,16.97056274847714
Jonas Hector,1.1313708498984922
Jérôme Boateng,16.97056274847714
Toni Kroos,27.189336144893264
Thomas Müller,-31.598417681902976
Toni Kroos,-33.55800947612955
Joshua Kimmich,20.200000000000017
Sebastian Rudy,-13.200000000000003
Antonio Rüdiger,-1.2000000000000028
Jérôme Boateng,64.77098115668772
Jonas Hector,22.061731573020275
Toni Kroos,12.162236636408615
Sebastian Rudy,2.8284271247461903
Toni Kroos,-19.940411229460643
Jérôme Boateng,19.51614716074871
Joshua Kimmich,-15.600000000000009
Jérôme Boateng,1.4000000000000057
Toni Kroos,-1.3999999999999915
Jérôme Boateng,63.39999999999999
Joshua Kimmich,11.313708498984761
Marco Reus,5.939696961966983
Sebastian Rudy,26.870057685088806
Joshua Kimmich,11.596551211459364
Toni Kroos,19.516147160748726
Julian Draxler,-19.106019993708816
Toni Kroos,41.88627460159237
Thomas Müller,9.616652224137022
Sebastian Rudy,3.394112549695436
Toni Kroos,-5.3999999999999915
Jérôme Boateng,31.200000000000003
Timo Werner,0.7348469228349465
Joshua Kimmich,-32.333264604737955
Jérôme Boateng,-28.799999999999997
Antonio Rüdiger,21.799999999999997
Manuel Neuer,30.26417023478423
Toni Kroos,20.799999999999997
Marco Reus,-21.400000000000006
Toni Kroos,18.799999999999997
Marco Reus,-21.310560762213658
Toni Kroos,62.19999999999999
Timo Werner,13.576450198781744
Toni Kroos,-1.4000000000000057
Sebastian Rudy,52.19999999999999
Joshua Kimmich,-10.287856919689355
Thomas Müller,-31.10851973334637
Sebastian Rudy,18.126224096595497
Joshua Kimmich,-33.0681115275729
Jérôme Boateng,5.0
Toni Kroos,36.0
Jonas Hector,22.627416997969522
Toni Kroos,26.870057685088806
Thomas Müller,0.0
Toni Kroos,7.7781745930520225
Julian Draxler,-29.800000000000004
Jonas Hector,-14.990663761154808
Manuel Neuer,59.821233688381916
Timo Werner,0.8485281374238489
Julian Draxler,-12.000000000000014
Toni Kroos,0.20000000000000284
Jonas Hector,10.000000000000014
Thomas Müller,21.200000000000017
Marco Reus,-10.532805893967659
Thomas Müller,5.878775382679606
Marco Reus,-45.80545819004544
Jonas Hector,22.80000000000001
Marco Reus,3.394112549695436
Thomas Müller,36.20386719675127
Joshua Kimmich,29.13279938488575
Joshua Kimmich,-25.000000000000014
Sebastian Rudy,-1.2000000000000028
Toni Kroos,17.39999999999999
Jonas Hector,-20.19999999999999
Antonio Rüdiger,-0.20000000000000284
Sebastian Rudy,52.599999999999994
Joshua Kimmich,18.66761902332484
Jérôme Boateng,30.400000000000006
Toni Kroos,-2.262741699796949
Sebastian Rudy,8.485281374238566
Timo Werner,5.599999999999994
Joshua Kimmich,29.60000000000001
Marco Reus,7.636753236814721
Manuel Neuer,18.384776310850235
Toni Kroos,4.949747468305833
Sebastian Rudy,9.899494936611665
Joshua Kimmich,-19.200000000000003
Jérôme Boateng,0.0
Antonio Rüdiger,29.0
Toni Kroos,-28.0
Antonio Rüdiger,-0.20000000000000284
Jérôme Boateng,50.8
Joshua Kimmich,1.7146428199482318
Antonio Rüdiger,-20.22325394193526
Manuel Neuer,26.728636328851493
Joshua Kimmich,-13.400000000000006
Jérôme Boateng,-5.0
Antonio Rüdiger,15.599999999999994
Toni Kroos,36.599999999999994
Joshua Kimmich,25.964591273501675
Thomas Müller,17.88127512231719
Marco Reus,36.486709909225866
Sebastian Rudy,4.6000000000000085
Toni Kroos,15.200000000000003
Julian Draxler,-26.4
Jonas Hector,-10.4651803615609
Antonio Rüdiger,4.101219330881974
Jérôme Boateng,-15.0
Antonio Rüdiger,10.0
Toni Kroos,21.19999999999999
Julian Draxler,6.0
Julian Draxler,-2.6870057685088784
Jonas Hector,-5.656854249492381
Antonio Rüdiger,11.879393923933996
Toni Kroos,18.526197667087537
Marco Reus,-9.199999999999989
Toni Kroos,24.599999999999994
Joshua Kimmich,-22.599999999999994
Jérôme Boateng,28.80000000000001
Toni Kroos,5.633826408401302
Toni Kroos,24.32447327281722
Jonas Hector,35.92102448427662
Julian Draxler,-0.4000000000000057
Jonas Hector,8.799999999999997
Julian Draxler,-12.0
Jonas Hector,18.200000000000003
Joshua Kimmich,0.0
Jérôme Boateng,-24.0
Antonio Rüdiger,10.0
Toni Kroos,33.375440072005034
Antonio Rüdiger,33.51686142824235
Manuel Neuer,22.91025971044414
Antonio Rüdiger,2.4041630560342604
Jérôme Boateng,17.96051224213831
Joshua Kimmich,-14.600000000000009
Jérôme Boateng,-12.0
Antonio Rüdiger,-20.7889393668845
Manuel Neuer,74.81189744953674
Timo Werner,24.465894629054546
Timo Werner,21.49604614807105
Thomas Müller,-2.799999999999997
Toni Kroos,16.799999999999997
Marco Reus,22.799999999999983
Julian Draxler,30.37367281051139
Jonas Hector,-0.7348469228349465
Jonas Hector,-90.14122253442096
Antonio Rüdiger,-33.0
Joshua Kimmich,73.53910524340094
Jérôme Boateng,0.4242640687119295
Jonas Hector,2.2627416997969543
Toni Kroos,15.599999999999994
Timo Werner,-36.8
Julian Draxler,14.599999999999994
Ilkay Gündogan,-4.800000000000011
Jérôme Boateng,31.19999999999999
Joshua Kimmich,-23.515101530718496
Jérôme Boateng,34.0
Thomas Müller,-24.984795376388423
Manuel Neuer,17.819090885900994
Jérôme Boateng,14.849242404917497
Toni Kroos,2.5999999999999943
Ilkay Gündogan,23.0
Joshua Kimmich,39.315137033972015
Antonio Rüdiger,14.599999999999994
Julian Draxler,-6.599999999999994
Toni Kroos,-10.200000000000003
Antonio Rüdiger,-13.199999999999996
Jérôme Boateng,6.929646455628169
Joshua Kimmich,41.599999999999994
Thomas Müller,5.599999999999994
Joshua Kimmich,-39.20000000000002
Antonio Rüdiger,0.7999999999999972
Toni Kroos,28.39999999999999
Thomas Müller,-8.083316151184482
Jérôme Boateng,55.400000000000006
Thomas Müller,26.304372260139562
Joshua Kimmich,-33.80295845040785
Ilkay Gündogan,-20.0
Antonio Rüdiger,1.2000000000000028
Jérôme Boateng,51.79999999999998
Joshua Kimmich,27.435743110038054
Jonas Hector,3.2526911934581246
Antonio Rüdiger,2.404163056034263
Jonas Hector,-28.400000000000006
Antonio Rüdiger,11.455129855222072
Toni Kroos,5.0
Jérôme Boateng,41.19999999999999
Joshua Kimmich,27.435743110038054
Thomas Müller,0.8485281374238489
Jérôme Boateng,-7.199999999999989
Antonio Rüdiger,15.200000000000003
Jérôme Boateng,44.599999999999994
Joshua Kimmich,3.676955262170039
Jérôme Boateng,2.262741699796944
Ilkay Gündogan,39.59797974644666
Jérôme Boateng,-28.400000000000006
Antonio Rüdiger,41.39999999999999
Julian Draxler,11.596551211459403
Toni Kroos,-29.393876913398138
Julian Draxler,-36.742346141747674
Ilkay Gündogan,10.777754868245998
Toni Kroos,4.525483399593888
Thomas Müller,26.304372260139562
Julian Draxler,-21.0
Antonio Rüdiger,0.4242640687119295
Jérôme Boateng,8.9095454429505
Joshua Kimmich,-11.599999999999994
Jérôme Boateng,-0.20000000000000284
Antonio Rüdiger,10.0
Toni Kroos,14.0
Ilkay Gündogan,13.799999999999983
Thomas Müller,-20.599999999999994
Jérôme Boateng,17.960512242138307
Ilkay Gündogan,8.199999999999989
Julian Draxler,3.0
Ilkay Gündogan,1.2000000000000028
Joshua Kimmich,45.80545819004544
Marco Reus,11.030865786510157
Joshua Kimmich,-25.71964229922337
Jérôme Boateng,-23.599999999999994
Antonio Rüdiger,-37.8
Manuel Neuer,22.627416997969522
Jérôme Boateng,48.599999999999994
Joshua Kimmich,1.4142135623730951
Jonas Hector,-21.400000000000006
Antonio Rüdiger,7.0710678118654755
Jérôme Boateng,28.599999999999994
Thomas Müller,13.962091533864122
Jérôme Boateng,-28.39999999999999
Antonio Rüdiger,19.799999999999997
Jérôme Boateng,25.738686835190354
Julian Draxler,22.485995641732213
Timo Werner,25.60000000000001
Manuel Neuer,17.677669529663692
Antonio Rüdiger,24.599999999999994
Toni Kroos,30.39999999999999
Julian Draxler,0.0
Ilkay Gündogan,-14.600000000000009
Toni Kroos,21.599999999999994
Joshua Kimmich,1.4142135623730951
Jérôme Boateng,25.45584412271571
Thomas Müller,-18.126224096595497
Antonio Rüdiger,4.199999999999989
Toni Kroos,23.0
Jérôme Boateng,35.76255024463442
Joshua Kimmich,-18.371173070873837
Manuel Neuer,19.657568516986018
Joshua Kimmich,-12.799999999999997
Jérôme Boateng,-6.199999999999989
Antonio Rüdiger,16.80000000000001
Ilkay Gündogan,-20.80000000000001
Antonio Rüdiger,13.0
Jérôme Boateng,28.849956672411146
Toni Kroos,26.304372260139562
Julian Draxler,9.399999999999991
Jérôme Boateng,50.91168824543142
Marco Reus,-16.0
Toni Kroos,-8.400000000000006
Jérôme Boateng,-9.799999999999997
Antonio Rüdiger,14.600000000000009
Jérôme Boateng,-12.200000000000003
Antonio Rüdiger,9.399999999999991
Toni Kroos,2.799999999999997
Jérôme Boateng,25.0
Joshua Kimmich,-21.065611787935353
Jérôme Boateng,60.01249869818786
Toni Kroos,-29.0
Antonio Rüdiger,10.0
Toni Kroos,20.400000000000006
Timo Werner,20.400000000000006
Jonas Hector,-17.88127512231719
Toni Kroos,38.21203998741756
Thomas Müller,5.374011537017777
Toni Kroos,2.449489742783178
Antonio Rüdiger,-15.200000000000003
Jérôme Boateng,18.39999999999999
Ilkay Gündogan,-14.399999999999991
Antonio Rüdiger,5.799999999999997
Toni Kroos,42.42640687119285
Timo Werner,23.193102422918766
Ilkay Gündogan,26.3043722601396
Thomas Müller,25.45584412271571
Toni Kroos,18.126224096595532
Joshua Kimmich,35.07249634685273
Antonio Rüdiger,-28.80000000000001
Manuel Neuer,10.3237590053236
Jérôme Boateng,5.0
Ilkay Gündogan,10.748023074035554
Joshua Kimmich,48.931789258109085
Joshua Kimmich,-26.94438717061494
Jérôme Boateng,-8.400000000000006
Toni Kroos,39.880822458921266
Timo Werner,5.656854249492381
Mario Gomez,0.0
Toni Kroos,9.899494936611665
Marco Reus,-21.555509736491963
Toni Kroos,27.15290039756345
Ilkay Gündogan,36.76955262170047
Toni Kroos,3.1843366656181247
Joshua Kimmich,8.48528137423857
Toni Kroos,34.22396820942888
Mario Gomez,26.304372260139566
Thomas Müller,28.80000000000001
Marco Reus,4.525483399593888
Toni Kroos,7.0
Toni Kroos,7.200000000000003
Marco Reus,-20.19999999999999
Antonio Rüdiger,14.199999999999989
Jérôme Boateng,-23.200000000000017
Antonio Rüdiger,14.200000000000003
Jérôme Boateng,-17.0
Antonio Rüdiger,2.0
Toni Kroos,33.94112549695428
Timo Werner,11.030865786510118
Thomas Müller,11.879393923934007
Timo Werner,26.304372260139562
Jonas Hector,-18.950461735799475
Antonio Rüdiger,3.8183766184073558
Jérôme Boateng,1.4142135623731
Antonio Rüdiger,2.545584412271577
Toni Kroos,46.599999999999994
Marco Reus,46.19999999999999
Jonas Hector,-2.4000000000000057
Jérôme Boateng,37.599999999999994
Thomas Müller,12.0
Marco Reus,-17.63632614803889
Manuel Neuer,37.476659402887016
Marco Reus,1.3999999999999915
Antonio Rüdiger,5.799999999999997
Jérôme Boateng,16.39999999999999
Jérôme Boateng,-17.11198410471445
Manuel Neuer,19.940411229460643
Toni Kroos,17.960512242138307
Ilkay Gündogan,3.4000000000000057
Toni Kroos,23.200000000000017
Jonas Hector,6.222539674441626
Toni Kroos,39.92668280736579
Timo Werner,12.727922061357855
Jonas Hector,-7.495331880577405
Jérôme Boateng,11.596551211459383
Toni Kroos,-5.6000000000000085
Ilkay Gündogan,4.949747468305827
Toni Kroos,-6.200000000000003
Ilkay Gündogan,19.091883092036785
Marco Reus,4.808326112068531
Ilkay Gündogan,20.081832585697974
Joshua Kimmich,13.293607486307103
Ilkay Gündogan,-23.0
Antonio Rüdiger,-5.199999999999989
Jérôme Boateng,29.400000000000006
Ilkay Gündogan,59.11412690719539
Jonas Hector,12.586500705120546
Antonio Rüdiger,23.19310242291876
Ilkay Gündogan,41.43645737753169
Marco Reus,48.8
Mario Gomez,2.449489742783178
Mario Gomez,-30.86357075906803
Toni Kroos,6.123724356957945
Toni Kroos,-19.84086691654373
Jonas Hector,-11.0
Jérôme Boateng,15.556349186104045
Joshua Kimmich,-6.9296464556281645
Manuel Neuer,55.012907576313395
Jonas Hector,11.030865786510143
Toni Kroos,-10.889444430272832
Jonas Hector,-6.08111831820431
Antonio Rüdiger,0.8485281374238571
Manuel Neuer,14.142135623730947
Jérôme Boateng,29.839906166072307
Thomas Müller,-25.599999999999994
Jérôme Boateng,13.152186130069781
Toni Kroos,30.264170234784242
Thomas Müller,13.010764773832458
Marco Reus,29.698484809834994
Joshua Kimmich,33.658282784479674
Jérôme Boateng,5.939696961966994
Joshua Kimmich,-10.0
Antonio Rüdiger,5.0
Jérôme Boateng,17.599999999999994
Joshua Kimmich,-42.599999999999994
Manuel Neuer,16.122034611053284
Antonio Rüdiger,68.0
Antonio Rüdiger,-24.4
Manuel Neuer,14.707821048680191
Jérôme Boateng,9.475230867899741
Toni Kroos,4.3999999999999915
Jérôme Boateng,7.400000000000006
Joshua Kimmich,-24.0
Antonio Rüdiger,4.6000000000000085
Toni Kroos,16.200000000000003
Ilkay Gündogan,-19.0
Antonio Rüdiger,9.599999999999994
Jérôme Boateng,82.30722933011411
Timo Werner,1.1313708498984922
Manuel Neuer,42.0
Jérôme Boateng,61.599999999999994
Timo Werner,32.526911934581186
Timo Werner,-32.57821357901628
Antonio Rüdiger,13.200000000000003
Ilkay Gündogan,21.213203435596427
Jérôme Boateng,20.930360723121822
Marco Reus,-18.61612204515214
Jérôme Boateng,0.9797958971132852
Ilkay Gündogan,2.8284271247461903
Toni Kroos,24.890158697766484
Antonio Rüdiger,26.0
Joshua Kimmich,3.676955262170039
Ilkay Gündogan,2.5455844122715874
Toni Kroos,18.101933598375634
Marco Reus,-18.861071019430444
Joshua Kimmich,0.2449489742783387
Marco Reus,36.00749921891273
Thomas Müller,34.78965363437813
Antonio Rüdiger,27.200000000000003
Jérôme Boateng,-0.20000000000000284
Ilkay Gündogan,-27.0
Antonio Rüdiger,12.799999999999997
Toni Kroos,5.599999999999994
Jérôme Boateng,36.25244819319103
Joshua Kimmich,10.465180361560911
Mario Gomez,3.676955262170039
Mario Gomez,16.97056274847714
Toni Kroos,21.213203435596427
Manuel Neuer,34.60000000000001
Toni Kroos,-33.0
Jonas Hector,24.200000000000003
Jérôme Boateng,29.393876913398138
Joshua Kimmich,24.890158697766466
Jérôme Boateng,-18.616122045152157
Ilkay Gündogan,-34.400000000000006
Antonio Rüdiger,23.799999999999997
Ilkay Gündogan,17.200000000000003
Jérôme Boateng,46.29535613860208
Jonas Hector,34.78965363437813
Jonas Hector,17.599999999999994
Ilkay Gündogan,12.200000000000003
Toni Kroos,22.600000000000023
Timo Werner,-26.454489222058317
Toni Kroos,17.81909088590103
Thomas Müller,16.68772003600254
Ilkay Gündogan,8.202438661763967
Toni Kroos,62.508239456890784
Marco Reus,4.525483399593928
Marco Reus,-29.63882588767644
Joshua Kimmich,-16.656530250925638
Jérôme Boateng,11.879393923933987
Antonio Rüdiger,3.3999999999999915
Toni Kroos,49.0
Marco Reus,-25.474693324945065
Joshua Kimmich,-0.9797958971132852
Marco Reus,24.890158697766466
Manuel Neuer,28.001428534987284
Jérôme Boateng,2.0
Toni Kroos,-23.80000000000001
Antonio Rüdiger,17.599999999999994
Jérôme Boateng,68.73077913133241
Jonas Hector,20.9303607231218
Toni Kroos,-1.6000000000000085
Jérôme Boateng,-21.071782079359114
Manuel Neuer,54.30580079512685
Marco Reus,9.799999999999997
Thomas Müller,36.486709909225866
Ilkay Gündogan,18.60000000000001
Timo Werner,-14.200000000000017
Toni Kroos,6.799999999999997
Ilkay Gündogan,57.69991334482229
Jonas Hector,1.6970562748477382
Toni Kroos,19.516147160748726
Ilkay Gündogan,11.879393923933966
Manuel Neuer,25.03158005400378
Toni Kroos,25.799999999999997
Marco Reus,61.659711319466936
Timo Werner,1.1313708498984518
Timo Werner,16.404877323527895
Toni Kroos,25.738686835190315
Joshua Kimmich,-47.03020306143703
Ilkay Gündogan,41.29503602129436
Marco Reus,-55.113519212621505
Antonio Rüdiger,-10.399999999999991
Ilkay Gündogan,18.799999999999997
Toni Kroos,5.091168824543134
Ilkay Gündogan,20.930360723121822
Marco Reus,-6.222539674441618
Manuel Neuer,31.39554108468271
Manuel Neuer,22.061731573020282
Jonas Hector,-9.050966799187806
Antonio Rüdiger,14.56639969244288
Toni Kroos,48.60000000000001
Marco Reus,-21.799999999999997
Toni Kroos,41.400000000000006
Jonas Hector,-19.200000000000003
Toni Kroos,-18.400000000000006
Antonio Rüdiger,20.0
Jérôme Boateng,38.21203998741756
Joshua Kimmich,-8.083316151184482
Thomas Müller,20.820662813657012
Joshua Kimmich,31.11269837220809
Manuel Neuer,171.96836918456836
Jérôme Boateng,39.880822458921266
Jonas Hector,-16.799999999999997
Antonio Rüdiger,-42.400000000000006
Manuel Neuer,13.010764773832479
Antonio Rüdiger,50.0
Jonas Hector,-9.200000000000017
Ilkay Gündogan,-9.799999999999997
Toni Kroos,3.8000000000000114
Ilkay Gündogan,-13.400000000000006
Jérôme Boateng,13.859292911256347
Joshua Kimmich,-1.469693845669893
Jérôme Boateng,10.287856919689355
Joshua Kimmich,5.939696961966983
Jérôme Boateng,28.284271247461902
Antonio Rüdiger,19.51614716074871
Timo Werner,23.0
Antonio Rüdiger,17.9605122421383
Ilkay Gündogan,16.599999999999994
Toni Kroos,36.400000000000006
Jonas Hector,-20.820662813657012
Toni Kroos,0.2449489742783387
Jonas Hector,5.374011537017777
Ilkay Gündogan,13.293607486307081
Jérôme Boateng,16.12203461105329
Thomas Müller,10.182337649086268
Joshua Kimmich,46.95189027078674
Thomas Müller,6.50538238691627
Antonio Rüdiger,13.799999999999997
Toni Kroos,29.599999999999994
Manuel Neuer,32.526911934581186
Joshua Kimmich,-10.323759005323593
Manuel Neuer,58.26559876977152
Joshua Kimmich,-3.1112698372208083
Antonio Rüdiger,-16.82914139223983
Manuel Neuer,23.47594513539338
Ilkay Gündogan,11.800000000000011
Jonas Hector,-2.6000000000000085
Toni Kroos,-14.0
Ilkay Gündogan,33.0681115275729
Marco Reus,5.14392845984466
Ilkay Gündogan,-9.999999999999993
Antonio Rüdiger,8.909545442950495
Joshua Kimmich,-19.80000000000001
Antonio Rüdiger,17.400000000000006
Toni Kroos,34.782754347521134
Jonas Hector,-37.72214203886092
Antonio Rüdiger,7.400000000000006
Joshua Kimmich,19.84086691654373
Thomas Müller,18.10193359837559
Jonas Hector,1.1313708498984922
Antonio Rüdiger,19.798989873223352
Ilkay Gündogan,35.92102448427662
Jonas Hector,3.1999999999999886
Antonio Rüdiger,6.800000000000011
Joshua Kimmich,24.599999999999994
Marco Reus,49.969590752776845
Thomas Müller,19.516147160748726
Thomas Müller,-9.063112048297766
Joshua Kimmich,2.545584412271547
Ilkay Gündogan,17.536248173426365
Joshua Kimmich,-2.799999999999997
Toni Kroos,41.012193308819754
Julian Brandt,-44.09081537009719
Antonio Rüdiger,44.599999999999994
Julian Brandt,3.6742346141747673
Toni Kroos,23.47594513539337
Ilkay Gündogan,35.35533905932738
Antonio Rüdiger,1.0
Joshua Kimmich,13.600000000000023
Thomas Müller,-14.45198948242073
Joshua Kimmich,37.61808075912432
Marco Reus,19.79898987322333
Thomas Müller,11.030865786510157
Toni Kroos,20.364675298172575
Thomas Müller,-32.08831563045962
Ilkay Gündogan,31.11269837220809
Joshua Kimmich,43.55777772109134
Thomas Müller,26.021529547664958
Toni Kroos,1.4000000000000057
Ilkay Gündogan,21.80000000000001
Toni Kroos,36.19999999999999
Toni Kroos,17.81909088590103
Julian Brandt,41.012193308819754
Julian Brandt,-30.618621784789728
Joshua Kimmich,-4.654030511288018
Toni Kroos,6.788225099390872
Thomas Müller,27.15290039756341
Antonio Rüdiger,2.5455844122715874
Ilkay Gündogan,1.6970562748476978
Joshua Kimmich,21.310560762213658
Julian Brandt,6.858571279792927
Ilkay Gündogan,-11.022703842524301
Julian Brandt,-17.391377173760585
Joshua Kimmich,24.49489742783178
Antonio Rüdiger,2.4000000000000057
Joshua Kimmich,18.400000000000006
Ilkay Gündogan,7.400000000000006
Toni Kroos,44.20000000000002
Timo Werner,0.28284271247464315
Toni Kroos,-6.123724356957945
Marco Reus,-22.290356659326907
Toni Kroos,16.68772003600254
Ilkay Gündogan,1.9798989873223412
Joshua Kimmich,25.0
Manuel Neuer,25.03158005400378
Thomas Müller,-5.0
Marco Reus,2.0
Ilkay Gündogan,1.2000000000000028
Marco Reus,-8.400000000000006
Toni Kroos,30.400000000000006
Thomas Müller,1.4142135623730951
Ilkay Gündogan,16.404877323527895
Marco Reus,6.222539674441626
Ilkay Gündogan,29.9813275223096
Antonio Rüdiger,8.202438661763967
Toni Kroos,73.82194795587554
Marco Reus,8.48528137423857
Manuel Neuer,40.729350596345135
Thomas Müller,-10.799999999999997
Ilkay Gündogan,19.799999999999997
Toni Kroos,27.60000000000001
Toni Kroos,6.505382386916229
Marco Reus,6.222539674441626
Manuel Neuer,78.0
Mesut Özil,-26.0
Toni Kroos,21.599999999999994
Mesut Özil,-25.400000000000006
Niklas Süle,5.798275605729692
Toni Kroos,-25.200000000000003
Niklas Süle,-19.940411229460643
Manuel Neuer,23.051681066681443
Toni Kroos,6.08111831820431
Sami Khedira,1.131370849898472
Mats Hummels,-5.374011537017757
Toni Kroos,17.536248173426376
Sami Khedira,-12.799999999999997
Toni Kroos,11.737972567696685
Niklas Süle,-2.0
Toni Kroos,23.799999999999997
Jonas Hector,15.13208511739211
Toni Kroos,-16.122034611053284
Manuel Neuer,6.363961030678928
Mats Hummels,-4.242640687119285
Manuel Neuer,2.5455844122715696
Niklas Süle,20.22325394193526
Joshua Kimmich,-17.536248173426376
Niklas Süle,-6.788225099390854
Manuel Neuer,18.950461735799475
Mats Hummels,10.889444430272835
Toni Kroos,21.39999999999999
Marco Reus,-19.599999999999994
Toni Kroos,18.400000000000006
Marco Reus,-14.800000000000011
Toni Kroos,34.0
Mesut Özil,13.199999999999989
Marco Reus,5.400000000000006
Jonas Hector,-23.025203582161872
Toni Kroos,13.799999999999997
Mesut Özil,-3.799999999999997
Sami Khedira,1.0
Niklas Süle,20.0
Joshua Kimmich,2.4000000000000057
Mesut Özil,-10.799999999999997
Toni Kroos,15.399999999999991
Sami Khedira,-14.0
Niklas Süle,17.200000000000003
Joshua Kimmich,-5.0
Toni Kroos,-7.0
Sami Khedira,11.599999999999994
Niklas Süle,-13.200000000000003
Sami Khedira,-15.799999999999997
Mats Hummels,15.400000000000006
Sami Khedira,12.199999999999989
Niklas Süle,17.200000000000003
Timo Werner,63.922453019263884
Jonas Hector,8.328265125462819
Marco Reus,-9.30806102257607
Jonas Hector,-25.47469332494503
Toni Kroos,-21.60000000000001
Niklas Süle,79.76164491784257
Jonas Hector,2.200000000000003
Sami Khedira,5.200000000000003
Toni Kroos,-17.39999999999999
Sami Khedira,-2.2627416997969543
Sami Khedira,17.960512242138307
Mesut Özil,14.42497833620557
Sami Khedira,6.646803743153546
Toni Kroos,12.020815280171307
Mesut Özil,-6.6000000000000085
Sami Khedira,10.200000000000003
Niklas Süle,-8.799999999999997
Mats Hummels,30.547012947258857
Mesut Özil,121.33952365161156
Manuel Neuer,25.738686835190336
Mats Hummels,15.980613254815974
Toni Kroos,-10.040916292848971
Mats Hummels,13.717871555019022
Toni Kroos,43.0
Jonas Hector,5.200000000000003
Jonas Hector,9.600000000000009
Mesut Özil,0.0
Marco Reus,-17.799999999999997
Toni Kroos,-24.39999999999999
Mats Hummels,4.799999999999997
Niklas Süle,25.19999999999999
Joshua Kimmich,-38.456988961695885
Niklas Süle,32.2
Joshua Kimmich,-34.0
Niklas Süle,25.799999999999997
Leon Goretzka,-19.400000000000006
Mats Hummels,3.0
Niklas Süle,21.80000000000001
Sami Khedira,46.103362133362886
Timo Werner,10.182337649086309
Leon Goretzka,2.8284271247461903
Mesut Özil,54.305800795126856
Joshua Kimmich,7.0710678118654755
Joshua Kimmich,-39.68173383308749
Sami Khedira,-28.799999999999997
Niklas Süle,43.400000000000006
Jonas Hector,7.353910524340118
Marco Reus,-26.209540247780012
Jonas Hector,-17.88127512231719
Toni Kroos,11.313708498984761
Niklas Süle,18.39999999999999
Sami Khedira,11.200000000000003
Mesut Özil,12.399999999999977
Toni Kroos,33.658282784479674
Jonas Hector,-34.04790742468615
Mats Hummels,28.414081016284854
Marco Reus,28.00142853498726
Toni Kroos,-1.7999999999999972
Sami Khedira,5.3999999999999915
Joshua Kimmich,-24.0
Niklas Süle,16.799999999999997
Toni Kroos,28.567113959936506
Jonas Hector,-4.999999999999986
Sami Khedira,-21.799999999999997
Niklas Süle,20.80000000000001
Joshua Kimmich,45.82051942088829
Timo Werner,-18.243354954612926
Niklas Süle,18.384776310850235
Sami Khedira,11.0
Joshua Kimmich,-20.200000000000003
Niklas Süle,5.799999999999997
Joshua Kimmich,-45.2
Manuel Neuer,123.03657992645927
Mesut Özil,5.939696961967023
Marco Reus,37.052395334175074
Leon Goretzka,7.0710678118654755
Toni Kroos,36.486709909225866
Jonas Hector,34.292856398964496
Marco Reus,-8.818163074019461
Jonas Hector,-0.7348469228349465
Toni Kroos,-6.368673331236249
Marco Reus,-21.310560762213623
Toni Kroos,-31.843366656181317
Mesut Özil,39.880822458921266
Manuel Neuer,11.45512985522207
Niklas Süle,-10.748023074035522
Manuel Neuer,12.586500705120546
Mats Hummels,21.354624791833736
Mats Hummels,6.363961030678928
Toni Kroos,-11.030865786510137
Mats Hummels,9.050966799187806
Niklas Süle,-10.323759005323595
Mats Hummels,12.869343417595163
Niklas Süle,42.99209229614209
Mesut Özil,-9.799999999999997
Leon Goretzka,48.39999999999999
Timo Werner,0.2449489742783387
Joshua Kimmich,7.353910524340078
Marco Reus,6.788225099390872
Leon Goretzka,18.10193359837559
Mesut Özil,32.526911934581186
Joshua Kimmich,59.679812332144614
Niklas Süle,-25.6
Manuel Neuer,16.2634559672906
Manuel Neuer,18.38477631085023
Joshua Kimmich,10.200000000000003
Mesut Özil,-0.4000000000000057
Sami Khedira,45.8
Jonas Hector,4.808326112068531
Joshua Kimmich,5.374011537017737
Toni Kroos,5.091168824543134
Joshua Kimmich,6.222539674441626
Mesut Özil,30.618621784789728
Marco Reus,-0.4898979485566078
Mesut Özil,50.06316010800757
Niklas Süle,-5.400000000000006
Mats Hummels,38.18376618407357
Joshua Kimmich,7.636753236814721
Jonas Hector,-20.0
Manuel Neuer,25.45584412271571
Niklas Süle,-2.545584412271572
Mats Hummels,16.4048773235279
Sami Khedira,-5.799999999999997
Toni Kroos,13.717871555019027
Leon Goretzka,-16.400000000000006
Toni Kroos,22.80000000000001
Toni Kroos,9.799999999999997
Sami Khedira,-17.200000000000003
Niklas Süle,30.0
Joshua Kimmich,-0.7999999999999972
Mesut Özil,109.46012972767757
Mats Hummels,16.400000000000006
Manuel Neuer,46.2447834896002
Joshua Kimmich,-43.39999999999999
Niklas Süle,13.010764773832479
Joshua Kimmich,3.959797974644667
Sami Khedira,-15.980613254815974
Mats Hummels,6.788225099390857
Niklas Süle,12.869343417595168
Joshua Kimmich,-3.5999999999999943
Sami Khedira,95.88367952889581
Joshua Kimmich,37.60000000000001
Timo Werner,24.890158697766466
Jonas Hector,24.200000000000003
Mesut Özil,-38.400000000000006
Jonas Hector,-27.0
Mats Hummels,0.0
Niklas Süle,42.599999999999994
Leon Goretzka,-7.400000000000006
Toni Kroos,11.200000000000017
Niklas Süle,18.371173070873837
Joshua Kimmich,-29.148927939119798
Mats Hummels,60.245497757093844
Mats Hummels,-21.496046148071045
Manuel Neuer,14.707821048680191
Mats Hummels,11.879393923933996
Mesut Özil,8.200000000000003
Joshua Kimmich,-29.200000000000003
Niklas Süle,15.800000000000011
Joshua Kimmich,-16.0
Niklas Süle,-3.799999999999997
Mats Hummels,22.799999999999997
Sami Khedira,-2.4000000000000057
Toni Kroos,33.2
Leon Goretzka,-15.200000000000003
Joshua Kimmich,-1.7999999999999972
Leon Goretzka,-27.200000000000003
Niklas Süle,5.599999999999994
Toni Kroos,57.982756057296896
Mesut Özil,29.9813275223096
Leon Goretzka,29.698484809834994
Jonas Hector,5.374011537017777
Timo Werner,3.9597979746446823
Toni Kroos,25.45584412271571
Joshua Kimmich,22.290356659326907
Timo Werner,-31.35346870762467
Joshua Kimmich,13.962091533864122
Timo Werner,5.14392845984466
Joshua Kimmich,-59.52260074963124
Niklas Süle,-3.200000000000003
Toni Kroos,41.0
Jonas Hector,-11.757550765359248
Toni Kroos,17.81909088590099
Marco Reus,18.101933598375613
Sami Khedira,-14.0
Mats Hummels,-1.0
Niklas Süle,-0.6000000000000227
Sami Khedira,14.0
Niklas Süle,48.49989690710692
Mats Hummels,69.01362184380706
Leon Goretzka,90.50966799187809
Sami Khedira,86.83271272970804
Leon Goretzka,-1.2000000000000028
Toni Kroos,15.273506473629443
Jonas Hector,1.6970562748476978
Toni Kroos,16.411581276647265
Jonas Hector,4.898979485566356
Mesut Özil,5.388877434122999
Toni Kroos,-32.8
Mats Hummels,3.6000000000000085
Niklas Süle,21.799999999999997
Joshua Kimmich,-78.4
Manuel Neuer,16.546298679765215
Niklas Süle,14.990663761154805
Joshua Kimmich,-27.39999999999999
Niklas Süle,-1.979898987322331
Mats Hummels,11.879393923933996
Niklas Süle,43.599999999999994
Leon Goretzka,16.68772003600254
Jonas Hector,21.63746750430836
Mesut Özil,-7.6000000000000085
Sami Khedira,-5.798275605729692
Joshua Kimmich,-9.475230867899736
Niklas Süle,-0.565685424949241
Mats Hummels,10.4651803615609
Niklas Süle,-12.727922061357855
Manuel Neuer,13.152186130069781
Niklas Süle,13.293607486307092
Toni Kroos,24.400000000000006
Leon Goretzka,12.002499739637587
Joshua Kimmich,-38.2120399874176
Niklas Süle,17.19999999999999
Toni Kroos,26.0
Leon Goretzka,29.148927939119833
Sami Khedira,-0.4898979485566426
Joshua Kimmich,1.469693845669893
Leon Goretzka,-14.941887430977372
Joshua Kimmich,-28.41408101628489
Toni Kroos,22.061731573020275
Sami Khedira,-24.200000000000003
Niklas Süle,-0.6000000000000085
Mats Hummels,23.599999999999994
Toni Kroos,26.30437226013958
Mesut Özil,44.9719912834644
Joshua Kimmich,7.636753236814721
Mats Hummels,-36.400000000000006
Niklas Süle,-21.920310216782976
Manuel Neuer,19.940411229460643
Jonas Hector,12.600000000000009
Toni Kroos,5.0
Sami Khedira,37.599999999999994
Joshua Kimmich,46.050407164323744
Leon Goretzka,-8.328265125462783
Joshua Kimmich,-13.717142559585783
Mesut Özil,-4.409081537009748
Sami Khedira,0.7348469228349465
Mesut Özil,42.621121524427274
Joshua Kimmich,24.32447327281722
Mesut Özil,1.1313708498984922
Toni Kroos,23.47594513539337
Jonas Hector,13.010764773832499
Sami Khedira,1.9798989873223412
Toni Kroos,29.415642097360394
Mesut Özil,37.33523804664968
Timo Werner,31.395541084682694
Sami Khedira,1.9798989873223412
Sami Khedira,27.599999999999994
Joshua Kimmich,17.636326148038854
Mats Hummels,-69.81045766932057
Marco Reus,-4.949747468305833
Mats Hummels,12.162236636408615
Sami Khedira,14.0
Toni Kroos,1.200000000000017
Sami Khedira,50.0
Timo Werner,23.193102422918745
Mesut Özil,19.516147160748687
Toni Kroos,18.101933598375634
Timo Werner,18.667619023324878
Jonas Hector,24.200000000000003
Manuel Neuer,17.536248173426383
Niklas Süle,21.071782079359114
Joshua Kimmich,-7.799999999999997
Sami Khedira,-21.400000000000006
Niklas Süle,0.282842712474618
Mats Hummels,11.879393923934002
Toni Kroos,1.5999999999999943
Niklas Süle,-23.33452377915607
Manuel Neuer,9.475230867899736
Niklas Süle,42.8
Mesut Özil,41.012193308819754
Jonas Hector,19.10601999370878
Timo Werner,40.44650788387051
Toni Kroos,1.9798989873223412
Sami Khedira,-21.599999999999994
Niklas Süle,13.399999999999991
Joshua Kimmich,-25.60000000000001
Niklas Süle,89.37829714197962
Leon Goretzka,-27.67923409344994
Joshua Kimmich,10.532805893967659
Mesut Özil,17.88127512231719
Leon Goretzka,21.213203435596427
Mats Hummels,22.799999999999997
Sami Khedira,145.6639969244288
Marco Reus,21.400000000000006
Timo Werner,14.142135623730951
Manuel Neuer,22.627416997969522
Sami Khedira,22.768838354206828
Niklas Süle,11.599999999999994
Mesut Özil,3.799999999999997
Toni Kroos,20.599999999999994
Jonas Hector,26.209540247780012
Marco Reus,7.0710678118654755
Toni Kroos,18.66761902332484
Jonas Hector,37.05239533417512
Jonas Hector,12.24744871391589
Marco Reus,-4.898979485566356
Jonas Hector,-23.27015255644019
Toni Kroos,1.6970562748476978
Mesut Özil,33.94112549695428
Sami Khedira,-23.599999999999994
Niklas Süle,-2.0
Mats Hummels,3.0
Niklas Süle,29.599999999999994
Joshua Kimmich,-26.799999999999997
Niklas Süle,24.80000000000001
Joshua Kimmich,24.80000000000001
Mesut Özil,7.838367176906142
Leon Goretzka,-4.409081537009714
Mesut Özil,13.859292911256347
Marco Reus,3.111269837220793
Joshua Kimmich,6.788225099390872
Jonas Hector,-28.200000000000003
Mats Hummels,34.8
Mesut Özil,26.021529547664958
Joshua Kimmich,-29.638825887676475
Mesut Özil,48.254947932828614
Joshua Kimmich,13.293607486307103
Manuel Neuer,22.76883835420683
Sami Khedira,-11.737972567696687
Leon Goretzka,9.899494936611665
Manuel Neuer,21.637467504308354
Toni Kroos,16.0
Marco Reus,-19.39999999999999
Mats Hummels,14.799999999999997
Niklas Süle,56.000000000000014
Joshua Kimmich,39.436784858809155
Niklas Süle,-30.000000000000007
Manuel Neuer,10.889444430272832
Sami Khedira,13.15218613006979
Niklas Süle,-8.599999999999994
Sami Khedira,12.400000000000006
Niklas Süle,15.400000000000006
Joshua Kimmich,-3.1999999999999886
Mesut Özil,-20.0
Sami Khedira,-31.0
Mats Hummels,26.599999999999994
Sami Khedira,-1.1999999999999886
Toni Kroos,1.4000000000000057
Sami Khedira,4.400000000000006
Niklas Süle,20.081832585697974
Mesut Özil,5.939696961966983
Toni Kroos,8.202438661763926
Marco Reus,45.82051942088829
Joshua Kimmich,9.616652224137063
Mats Hummels,-19.65756851698602
Manuel Neuer,4.101219330881974
Mats Hummels,31.599999999999994
Mats Hummels,10.323759005323595
Toni Kroos,15.799999999999997
Mesut Özil,16.599999999999994
Jonas Hector,-4.0
Toni Kroos,28.39999999999999
Mesut Özil,63.922453019263884
Timo Werner,-12.24744871391589
Mesut Özil,-13.47219358530748
Timo Werner,-16.656530250925606
Mats Hummels,9.333809511662425
Toni Kroos,-29.6
Jonas Hector,-0.848528137423859
Niklas Süle,17.819090885901
Joshua Kimmich,-26.60000000000001
Niklas Süle,7.0710678118654755
Joshua Kimmich,-14.799999999999997
Niklas Süle,-17.677669529663692
Manuel Neuer,20.081832585697953
Mats Hummels,16.97056274847714
Jonas Hector,10.599999999999994
Marco Reus,-6.200000000000003
Jonas Hector,-4.0
Toni Kroos,10.0
Mesut Özil,24.73984640211012
Marco Reus,-7.3484692283495345
Mesut Özil,-1.7146428199482318
Marco Reus,6.788225099390872
Toni Kroos,28.284271247461902
Joshua Kimmich,11.757550765359248
Timo Werner,21.77888886054563
Joshua Kimmich,3.9597979746446823
Toni Kroos,5.374011537017777
Sami Khedira,10.748023074035514
Joshua Kimmich,3.111269837220793
Toni Kroos,46.95189027078674
Jonas Hector,-3.919183588453071
Mesut Özil,9.899494936611665
Marco Reus,11.030865786510157
Mesut Özil,25.738686835190354
Manuel Neuer,23.758787847867996
Mats Hummels,6.788225099390857
Sami Khedira,13.010764773832479
Niklas Süle,23.0
Joshua Kimmich,-10.600000000000009
Sami Khedira,10.399999999999991
Toni Kroos,19.0
Jonas Hector,-21.0
Toni Kroos,12.0
Niklas Süle,23.80000000000001
Joshua Kimmich,-33.0681115275729
Niklas Süle,1.3999999999999915
Toni Kroos,17.000000000000014
Marco Reus,-18.19999999999999
Toni Kroos,8.799999999999997
Niklas Süle,50.19999999999999
Joshua Kimmich,19.79898987322333
Toni Kroos,31.11269837220809
Joshua Kimmich,8.0
Jonas Hector,16.400000000000006
Marco Reus,0.4000000000000057
Jonas Hector,-2.8000000000000114
Toni Kroos,16.97056274847714
Marco Reus,11.596551211459364
Toni Kroos,14.9906637611548
Mesut Özil,0.0
Marco Reus,15.839191898578648
Timo Werner,-13.799999999999997
Jonas Hector,12.200000000000003
Mesut Özil,19.599999999999994
Leon Goretzka,11.596551211459364
Mesut Özil,70.99352083112936
Marco Reus,7.353910524340118
Leon Goretzka,2.2627416997969845
Toni Kroos,-0.9899494936611655
Sami Khedira,-8.9095454429505
Mats Hummels,-11.59655121145938
Manuel Neuer,28.284271247461902
Sami Khedira,43.2
Jonas Hector,-2.799999999999997
Toni Kroos,20.60000000000001
Marco Reus,-14.94188743097739
Toni Kroos,16.799999999999997
Marco Reus,19.516147160748726
Mats Hummels,7.07106781186547
Mesut Özil,6.0
Toni Kroos,9.799999999999997
Mesut Özil,6.788225099390872
Marco Reus,-17.63632614803889
Jonas Hector,-1.4000000000000057
Toni Kroos,8.48528137423857
Mesut Özil,38.18376618407357
Manuel Neuer,3.818376618407356
Mats Hummels,-2.687005768508881
Manuel Neuer,15.556349186104045
Niklas Süle,15.839191898578658
Toni Kroos,-13.600000000000009
Niklas Süle,-30.400000000000006
Manuel Neuer,13.859292911256333
Mats Hummels,14.600000000000009
Toni Kroos,5.0
Mesut Özil,15.556349186104045
Joshua Kimmich,33.658282784479674
Timo Werner,0.8485281374238489
Joshua Kimmich,13.576450198781705
Timo Werner,10.465180361560911
Joshua Kimmich,25.229744350666728
Timo Werner,1.714642819948197
Joshua Kimmich,-12.24744871391589
Mats Hummels,19.233304448274083
Mesut Özil,85.70134187980955
Marco Reus,-18.799999999999997
Mats Hummels,-3.3941125496954263
Niklas Süle,28.14284989122459
Timo Werner,25.45584412271571
Mesut Özil,14.142135623730951
Mats Hummels,45.39999999999999
Niklas Süle,36.91097397793778
Manuel Neuer,27.152900397563428
Mats Hummels,9.050966799187806
Mesut Özil,20.0
Thomas Müller,-1.469693845669893
Joshua Kimmich,35.76255024463438
Jonas Hector,-2.6870057685088784
Mats Hummels,21.071782079359114
Thomas Müller,30.264170234784242
Mesut Özil,38.74945160902281
Timo Werner,0.2449489742783387
Mesut Özil,24.607315985291862
Manuel Neuer,47.65899705197331
Jonas Hector,-4.200000000000003
Mesut Özil,31.395541084682694
Timo Werner,41.2950360212944
Mats Hummels,23.758787847867993
Timo Werner,-0.19999999999998863
Mesut Özil,18.400000000000006
Timo Werner,1.6970562748476978
Mesut Özil,3.111269837220793
Toni Kroos,10.182337649086309
Marco Reus,40.729350596345114
Thomas Müller,47.23473298326138
Timo Werner,20.200000000000003
Joshua Kimmich,-1.5999999999999943
Mesut Özil,-0.20000000000000284
Toni Kroos,58.54844148224614
Timo Werner,40.163665171395905
Mesut Özil,21.213203435596427
Mario Gomez,0.8485281374238489
Joshua Kimmich,2.0
Toni Kroos,7.800000000000011
Thomas Müller,-28.200000000000003
Jonas Hector,10.600000000000009
Toni Kroos,45.82051942088827
Mesut Özil,34.78965363437813
Joshua Kimmich,27.435743110038054
Joshua Kimmich,0.0
Mesut Özil,-7.6000000000000085
Joshua Kimmich,6.5053823869162395
Jonas Hector,24.19999999999999
Marco Reus,2.6000000000000085
Toni Kroos,18.101933598375634
Mesut Özil,30.264170234784242
Joshua Kimmich,42.42640687119285
Mats Hummels,-11.455129855222072
Manuel Neuer,10.040916292848976
Niklas Süle,45.113412639701735
Manuel Neuer,14.56639969244288
Toni Kroos,21.354624791833732
Mesut Özil,19.799999999999983
Marco Reus,-17.88127512231719
Joshua Kimmich,11.313708498984761
Mesut Özil,27.718585822512654
Marco Reus,18.126224096595532
Joshua Kimmich,0.5656854249492461
Toni Kroos,32.80975464705581
Mats Hummels,8.799999999999997
Toni Kroos,7.400000000000006
Mesut Özil,45.254833995939045
Niklas Süle,17.200000000000003
Mesut Özil,-19.799999999999983
Mats Hummels,1.1313708498984922
Toni Kroos,58.831284194720745
Joshua Kimmich,50.06316010800757
Mesut Özil,14.9906637611548
Mats Hummels,22.061731573020275
Thomas Müller,29.13279938488575
Mats Hummels,24.041630560342615
Timo Werner,-19.6
Manuel Neuer,24.60731598529185
Mesut Özil,21.799999999999997
Marco Reus,-6.800000000000011
Toni Kroos,14.600000000000009
Mats Hummels,-0.20000000000000284
Mesut Özil,13.859292911256308
Toni Kroos,41.8607214462436
Timo Werner,-48.49989690710696
Jonas Hector,7.636753236814721
Niklas Süle,-18.799999999999997
Mats Hummels,63.07392488184003
Marco Reus,-25.229744350666728
Mats Hummels,41.012193308819754
Toni Kroos,24.32447327281722
Toni Kroos,10.532805893967659
Manuel Neuer,11.030865786510137
Mats Hummels,-13.999999999999993
Jonas Hector,13.859292911256333
Toni Kroos,35.2
Thomas Müller,-31.200000000000003
Mesut Özil,-3.200000000000003
Niklas Süle,29.9813275223096
Timo Werner,19.840866916543764
Joshua Kimmich,-21.310560762213658
Timo Werner,-1.9595917942265704
Joshua Kimmich,-46.54030511288038
Mats Hummels,-1.2000000000000028
Mesut Özil,0.39999999999997726
Toni Kroos,11.879393923934007
Joshua Kimmich,73.82194795587559
Timo Werner,26.021529547664958
Mario Gomez,13.576450198781705
Jonas Hector,31.11269837220809
Jonas Hector,-23.39999999999999
Mats Hummels,24.39999999999999
Jonas Hector,-11.512601791080945
Mesut Özil,4.525483399593888
Toni Kroos,27.435743110038054
Mesut Özil,26.587214972614163
Mats Hummels,-15.999999999999993
Joshua Kimmich,-28.42569260369921
Manuel Neuer,22.061731573020282
Mats Hummels,13.0
Toni Kroos,35.92102448427662
Joshua Kimmich,20.64751801064718
Toni Kroos,54.305800795126856
Timo Werner,20.33076486510037
Marco Reus,0.5656854249492461
Toni Kroos,22.910259710444127
Manuel Neuer,43.1335136523794
Mats Hummels,29.98132752230962
Julian Brandt,-27.0
Mats Hummels,24.400000000000006
Mesut Özil,18.19999999999999
Joshua Kimmich,-18.19999999999999
Niklas Süle,15.199999999999989
Mesut Özil,-8.200000000000003
Toni Kroos,18.80000000000001
Mesut Özil,54.305800795126856
Joshua Kimmich,41.2950360212944
Niklas Süle,18.526197667087544
Julian Brandt,-3.3999999999999915
Toni Kroos,6.799999999999997
Mesut Özil,18.384776310850235
Marco Reus,1.4142135623730951
Thomas Müller,27.15290039756341
Manuel Neuer,13.859292911256333
Toni Kroos,43.19999999999999
Joshua Kimmich,-5.14392845984466
Mesut Özil,9.0
Joshua Kimmich,27.924183067728208
Marco Reus,-27.4342851191716
Joshua Kimmich,-12.982295636750838
Mesut Özil,-13.0
Toni Kroos,32.80975464705579
Julian Brandt,28.849956672411146
Timo Werner,0.9797958971132503
Timo Werner,-27.4342851191716
Mats Hummels,8.202438661763926
Mats Hummels,20.57571383937871
Mats Hummels,20.799999999999997
Toni Kroos,14.0
Toni Kroos,3.799999999999997
Julian Brandt,-22.599999999999994
Toni Kroos,20.799999999999997
Mesut Özil,18.400000000000006
Thomas Müller,8.48528137423857
Mesut Özil,27.435743110038054
Julian Brandt,35.92102448427662
Joshua Kimmich,10.748023074035514
Niklas Süle,-17.39482681718907
Manuel Neuer,11.59655121145938
Mats Hummels,16.546298679765215
Toni Kroos,24.400000000000006
Joshua Kimmich,17.81909088590099
Mesut Özil,1.6970562748477382
Toni Kroos,9.050966799187817
Marco Reus,11.596551211459403
Mats Hummels,8.768124086713213
Mesut Özil,11.596551211459364
Joshua Kimmich,-1.7999999999999972
Toni Kroos,11.399999999999991
Mesut Özil,-17.19999999999999
Mats Hummels,8.800000000000011
Mesut Özil,16.12203461105329
Toni Kroos,27.200000000000017
Julian Brandt,13.010764773832499
Toni Kroos,17.536248173426387
Julian Brandt,33.31306050185124
Thomas Müller,16.404877323527934
Mesut Özil,0.5656854249492461
Niklas Süle,59.80000000000001
Mats Hummels,-21.778888860545663
Manuel Neuer,14.707821048680186
Toni Kroos,28.001428534987287
Joshua Kimmich,-14.849242404917497
Manuel Neuer,173.9482681718907
Joshua Kimmich,28.849956672411146
Thomas Müller,7.353910524340078
Joshua Kimmich,40.41658075592244
Mesut Özil,19.79898987322333
Mesut Özil,-13.200000000000003
Toni Kroos,0.20000000000000284
Mats Hummels,26.799999999999997
Toni Kroos,3.111269837220833
Mesut Özil,20.64751801064718
Manuel Neuer,72.9734198184517
Julian Brandt,5.939696961966998
Toni Kroos,14.0
Toni Kroos,-5.79827560572969
Mario Gomez,-13.599999999999994
Toni Kroos,35.0
Julian Brandt,60.245497757093844
Julian Brandt,-15.0
Toni Kroos,16.599999999999994
Mesut Özil,32.244069222106546
Julian Brandt,21.213203435596427
Toni Kroos,-18.39999999999999
Niklas Süle,10.200000000000003
Toni Kroos,70.1449926937055
Thomas Müller,6.505382386916229
Joshua Kimmich,11.400000000000006
Toni Kroos,75.23616151824868
Mario Gomez,1.979898987322301
Niklas Süle,0.7071067811865476
Toni Kroos,99.27779207859128
Mario Gomez,44.406305858515196
Julian Brandt,-17.88127512231719
Mario Gomez,3.5999999999999943
Thomas Müller,-14.799999999999997
Mesut Özil,-6.0
Toni Kroos,22.39999999999999
Julian Brandt,1.9798989873223412
Mesut Özil,50.34600282048218
Thomas Müller,0.28284271247460296
Mario Gomez,14.142135623730951
Timo Werner,9.050966799187817
Toni Kroos,30.547012947258846
Marco Reus,0.8485281374238489
Timo Werner,-34.04790742468619
Mesut Özil,-7.838367176906142
Toni Kroos,64.20529573173852
Thomas Müller,8.768124086713172
Timo Werner,3.676955262170039
Timo Werner,0.28284271247464315
Toni Kroos,35.35533905932738
Thomas Müller,21.213203435596427
