,Player,Score
7,Jamie Vardy,34.88275134599324
5,Harry Kane,22.0536038038017
13,Marcus Rashford,14.736817776932739
11,Kieran Trippier,14.465757513320137
10,Jordan Henderson,13.318246874493
1,Bamidele Alli,11.626285114078774
0,Ashley Young,10.93319434190263
9,John Stones,10.643724143927814
6,Harry Maguire,9.974430222693258
12,Kyle Walker,9.766984180576568
15,Ruben Loftus-Cheek,9.211839653949431
14,Raheem Sterling,9.039480621541992
8,Jesse Lingard,8.443244993865425
3,Eric Dier,7.4763971563968346
2,Danny Rose,6.6486100019883265
4,Fabian Delph,5.522677188625258
