Player,Score
Fabien Barthez,72.60039537156491
Hugo Lloris,58.79208278903285
Steve Mandanda,34.63847908115895
Vikash Dhorasoo,24.27102194507582
Jérémy Toulalan,22.741957782468294
Lilian Thuram,19.324554352936584
Willy Sagnol,19.11767501216366
Laurent Koscielny,17.24550323542836
Mamadou Sakho,16.782966640404087
Raphael Varane,16.359591150444405
Mikaël Silvestre,15.977237772951087
Paul Pogba,15.858738661449
Yoann Gourcuff,15.774725890007431
Samuel Umtiti,15.307048859234316
Bacary Sagna,15.132528793291199
Zinedine Zidane,14.641717868626458
William Gallas,14.544238905833241
Sébastien Squillaci,14.543475286040415
Patrick Vieira,14.528934823476055
Eric Abidal,14.519757399221595
Yohan Cabaye,14.069620446913941
Vassiriki Abou Diaby,13.716843651735228
Patrice Evra,13.590595613106341
Karim Benzema,12.855338681982843
Claude Makelele,12.534928354643945
Morgan Schneiderlin,11.87516405292743
Thierry Henry,11.780964540686547
Presnel Kimpembe,11.775994380796533
Mathieu Valbuena,11.676644458073595
Rio Mavuba,9.70790557990391
Blaise Matuidi,9.558851748597853
Sylvain Wiltord,9.506629923874366
Mathieu Debuchy,9.41688601158139
Florent Malouda,9.277166620808488
Gaël Clichy,9.088725573308242
Franck Ribéry,8.9645748215489
Moussa Sissoko,8.849154393330368
Sidney Govou,8.712776944836628
André-Pierre Gignac,8.28026926710381
Benjamin Pavard,8.249719898587857
Nicolas Anelka,7.931132222762253
Alou Diarra,7.876464175423282
Antoine Griezmann,7.686221295310392
Steven N'Zonzi,7.672211658353267
David Trezeguet,7.63191210172391
Nabil Fekir,7.571254666576296
N'Golo Kanté,7.420514305146838
Ousmane Dembélé,6.540438303896839
Benjamin Mendy,6.470022735375548
Djibril Sidibe,6.156541624045033
Thomas Lemar,6.077892634399975
Louis Saha,6.0314744896248405
Corentin Tolisso,6.003807900446052
Olivier Giroud,5.512945178691647
Lucas Digne,5.3446741860517735
Lucas Hernández,3.934311402601591
Kylian Mbappé,3.885034604697091
Loïc Remy,1.056095750998484
Djibril Cissé,-0.9818643251322987
Florian Thauvin,-24.89015869776647
