Player,Score
Gabriel Fernando de Jesus,0.0
Fernando Luiz Rosa,8.224430071439604
Fernando Luiz Rosa,4.704386251149026
Philippe Coutinho,0.0
Marcelo Vieira Da Silva Junior,0.0
João Miranda De Souza Filho,0.0
Thiago Emiliano da Silva,9.504209593648492
Fagner Conserva Lemos,0.0
Thiago Emiliano da Silva,0.0
João Miranda De Souza Filho,0.0
Thiago Emiliano da Silva,0.0
Fagner Conserva Lemos,9.700515450222227
Thiago Emiliano da Silva,15.192802572270857
Fagner Conserva Lemos,8.316925513673912
Thiago Emiliano da Silva,15.222351986470423
Fagner Conserva Lemos,14.311184437355278
Neymar da Silva Santos Júnior,22.36067977499788
Gabriel Fernando de Jesus,31.18092365533773
Marcelo Vieira Da Silva Junior,0.0
João Miranda De Souza Filho,9.035001383508472
Fernando Luiz Rosa,0.0
Thiago Emiliano da Silva,7.373008205610515
Fagner Conserva Lemos,0.0
Thiago Emiliano da Silva,32.982192164863754
Marcelo Vieira Da Silva Junior,1.6807736313971624
Neymar da Silva Santos Júnior,0.0
Marcelo Vieira Da Silva Junior,0.0
Fernando Luiz Rosa,0.0
José Paulo Bezerra Maciel Júnior,0.0
Thiago Emiliano da Silva,11.510864433221338
Neymar da Silva Santos Júnior,4.341802621031959
Marcelo Vieira Da Silva Junior,4.97807693793497
João Miranda De Souza Filho,0.0
José Paulo Bezerra Maciel Júnior,0.0
Thiago Emiliano da Silva,0.0
João Miranda De Souza Filho,10.386589911997106
Thiago Emiliano da Silva,14.62942240828393
Fernando Luiz Rosa,15.585409843825087
Philippe Coutinho,17.200290695217905
Neymar da Silva Santos Júnior,61.97878669351316
Neymar da Silva Santos Júnior,41.62030754331352
João Miranda De Souza Filho,10.159232254457034
Willian Borges Da Silva,0.0
Thiago Emiliano da Silva,9.539457531746761
João Miranda De Souza Filho,7.2243511819401505
Neymar da Silva Santos Júnior,0.0
João Miranda De Souza Filho,0.0
Thiago Emiliano da Silva,9.441464399127923
Philippe Coutinho,0.0
Thiago Emiliano da Silva,9.773497326955177
Fagner Conserva Lemos,0.0
Thiago Emiliano da Silva,0.0
João Miranda De Souza Filho,29.615051072047798
Neymar da Silva Santos Júnior,23.73204584522789
Philippe Coutinho,88.54473445665752
Willian Borges Da Silva,59.06606470724117
Marcelo Vieira Da Silva Junior,24.748737341529168
Gabriel Fernando de Jesus,0.0
Fernando Luiz Rosa,5.900847396772773
José Paulo Bezerra Maciel Júnior,0.0
Philippe Coutinho,0.0
José Paulo Bezerra Maciel Júnior,0.0
Fagner Conserva Lemos,0.0
Thiago Emiliano da Silva,34.92593950060613
Neymar da Silva Santos Júnior,22.726416347501864
Fernando Luiz Rosa,78.56417758749848
Marcelo Vieira Da Silva Junior,16.363679292873005
Philippe Coutinho,38.003289331319756
Marcelo Vieira Da Silva Junior,53.08945281315301
Neymar da Silva Santos Júnior,18.560172412992312
Marcelo Vieira Da Silva Junior,46.560068728471606
Neymar da Silva Santos Júnior,55.35232605771867
Marcelo Vieira Da Silva Junior,0.0
Neymar da Silva Santos Júnior,17.06575518399347
Marcelo Vieira Da Silva Junior,0.0
Philippe Coutinho,23.041050323281702
Fernando Luiz Rosa,18.317205026968512
Willian Borges Da Silva,9.53519795284818
José Paulo Bezerra Maciel Júnior,32.25910724121178
Fernando Luiz Rosa,0.0
Thiago Emiliano da Silva,66.74368884021918
João Miranda De Souza Filho,0.0
Thiago Emiliano da Silva,27.1487568776178
Marcelo Vieira Da Silva Junior,4.882622246293479
Philippe Coutinho,0.0
Fernando Luiz Rosa,0.0
Fagner Conserva Lemos,21.48141638719384
Fagner Conserva Lemos,0.0
Thiago Emiliano da Silva,0.0
João Miranda De Souza Filho,35.27548723972498
Marcelo Vieira Da Silva Junior,14.01075479765456
Marcelo Vieira Da Silva Junior,7.435724578008519
Fernando Luiz Rosa,0.0
João Miranda De Souza Filho,7.600740095543331
Marcelo Vieira Da Silva Junior,20.982969284636525
Philippe Coutinho,9.818350166906859
Philippe Coutinho,0.0
Marcelo Vieira Da Silva Junior,11.620778803505367
Neymar da Silva Santos Júnior,28.557485883739826
Philippe Coutinho,22.931419493786226
Fernando Luiz Rosa,10.650821564555441
Philippe Coutinho,0.0
Fernando Luiz Rosa,0.0
João Miranda De Souza Filho,5.172040216394301
Marcelo Vieira Da Silva Junior,3.446737587922817
João Miranda De Souza Filho,18.20717578319054
Fagner Conserva Lemos,6.089745479082026
José Paulo Bezerra Maciel Júnior,0.0
Thiago Emiliano da Silva,9.436895676015494
João Miranda De Souza Filho,10.496725679944197
Marcelo Vieira Da Silva Junior,20.615528128088304
Neymar da Silva Santos Júnior,0.0
Marcelo Vieira Da Silva Junior,0.0
João Miranda De Souza Filho,9.548036447353988
Neymar da Silva Santos Júnior,17.910890541790486
Marcelo Vieira Da Silva Junior,25.97248544132811
Fernando Luiz Rosa,23.50531854708632
João Miranda De Souza Filho,8.549342079949776
Marcelo Vieira Da Silva Junior,4.591432238419729
Philippe Coutinho,0.0
Fernando Luiz Rosa,8.837491159825849
José Paulo Bezerra Maciel Júnior,0.0
Fagner Conserva Lemos,0.0
Thiago Emiliano da Silva,13.644458582149753
Philippe Coutinho,16.27210035613104
Marcelo Vieira Da Silva Junior,6.0754629453235935
Neymar da Silva Santos Júnior,0.0
Philippe Coutinho,0.0
Fernando Luiz Rosa,5.495566394831382
José Paulo Bezerra Maciel Júnior,0.0
Thiago Emiliano da Silva,13.493378005525518
Marcelo Vieira Da Silva Junior,5.685178097474175
Philippe Coutinho,0.0
Gabriel Fernando de Jesus,0.0
Philippe Coutinho,6.621178142898734
Neymar da Silva Santos Júnior,32.17017252051965
Fernando Luiz Rosa,28.744564703609605
José Paulo Bezerra Maciel Júnior,17.95389929792408
Fagner Conserva Lemos,5.348130514488208
Willian Borges Da Silva,0.0
José Paulo Bezerra Maciel Júnior,0.0
Fagner Conserva Lemos,0.0
Willian Borges Da Silva,0.0
João Miranda De Souza Filho,31.052556255484024
Marcelo Vieira Da Silva Junior,18.56017241299229
Philippe Coutinho,18.391981948664476
Fernando Luiz Rosa,0.0
Willian Borges Da Silva,0.0
José Paulo Bezerra Maciel Júnior,0.0
João Miranda De Souza Filho,16.79538627123532
Fernando Luiz Rosa,0.0
José Paulo Bezerra Maciel Júnior,0.0
Fagner Conserva Lemos,0.0
José Paulo Bezerra Maciel Júnior,10.231385536670974
Philippe Coutinho,0.0
José Paulo Bezerra Maciel Júnior,7.484650960465699
Willian Borges Da Silva,0.0
José Paulo Bezerra Maciel Júnior,0.0
João Miranda De Souza Filho,10.05839201860814
Fernando Luiz Rosa,17.42699056062177
Marcelo Vieira Da Silva Junior,0.0
João Miranda De Souza Filho,13.396314791762691
José Paulo Bezerra Maciel Júnior,0.0
Thiago Emiliano da Silva,0.0
Philippe Coutinho,25.16207463624572
José Paulo Bezerra Maciel Júnior,19.1049731745428
Gabriel Fernando de Jesus,0.0
Philippe Coutinho,7.2374892055187185
Neymar da Silva Santos Júnior,24.807257002740158
João Miranda De Souza Filho,3.2758586660599405
Philippe Coutinho,4.244997055358225
José Paulo Bezerra Maciel Júnior,16.425932241428495
Marcelo Vieira Da Silva Junior,0.0
José Paulo Bezerra Maciel Júnior,13.548431643551961
Willian Borges Da Silva,0.0
Thiago Emiliano da Silva,21.21158292065917
Philippe Coutinho,8.17067928632622
Neymar da Silva Santos Júnior,64.1859797775184
Marcelo Vieira Da Silva Junior,50.468306886599635
Fernando Luiz Rosa,5.174094123612364
Marcelo Vieira Da Silva Junior,3.513011528589104
Philippe Coutinho,12.347671845331814
Fernando Luiz Rosa,0.0
José Paulo Bezerra Maciel Júnior,8.197026900041262
Fagner Conserva Lemos,0.0
Fagner Conserva Lemos,6.187285349812141
Willian Borges Da Silva,47.63192206913342
Philippe Coutinho,40.209575973889606
Neymar da Silva Santos Júnior,43.40368647937637
Neymar da Silva Santos Júnior,0.0
Marcelo Vieira Da Silva Junior,0.0
Fernando Luiz Rosa,15.21253594901258
Fernando Luiz Rosa,30.98661001142266
Willian Borges Da Silva,31.47967598308469
José Paulo Bezerra Maciel Júnior,0.0
Fagner Conserva Lemos,0.0
Thiago Emiliano da Silva,10.881176406988356
João Miranda De Souza Filho,5.960285228074245
Philippe Coutinho,21.43081892975629
Neymar da Silva Santos Júnior,24.997599884788908
Marcelo Vieira Da Silva Junior,0.0
Neymar da Silva Santos Júnior,21.52301094178046
Neymar da Silva Santos Júnior,52.88024205693463
Willian Borges Da Silva,34.42455518957361
Willian Borges Da Silva,7.3824115301167
Thiago Emiliano da Silva,13.152233650600952
Marcelo Vieira Da Silva Junior,9.762748076233454
Philippe Coutinho,0.0
Marcelo Vieira Da Silva Junior,0.0
Thiago Emiliano da Silva,27.06882431876199
Willian Borges Da Silva,35.64267105591275
Marcelo Vieira Da Silva Junior,17.20465053408525
Philippe Coutinho,17.94770180273787
Fernando Luiz Rosa,20.35779948815686
Philippe Coutinho,47.848092960953004
João Miranda De Souza Filho,0.0
Philippe Coutinho,16.703929178489705
Marcelo Vieira Da Silva Junior,19.0031576323515
Philippe Coutinho,56.48362594593233
Willian Borges Da Silva,31.7227048027119
Fernando Luiz Rosa,14.154857823376405
Philippe Coutinho,25.187298386289857
Neymar da Silva Santos Júnior,18.15929514050587
Philippe Coutinho,8.352245207128442
João Miranda De Souza Filho,8.985057039329247
Thiago Emiliano da Silva,10.762202376837182
José Paulo Bezerra Maciel Júnior,12.369316876852983
Philippe Coutinho,16.643054106743747
Marcelo Vieira Da Silva Junior,35.573620844665236
Fagner Conserva Lemos,0.0
Thiago Emiliano da Silva,8.58894638474359
Fernando Luiz Rosa,12.80058592408957
Fernando Luiz Rosa,16.190738093119784
Roberto Firmino Barbosa de Oliveira,1.8384776310850237
Thiago Emiliano da Silva,24.684408034222738
Neymar da Silva Santos Júnior,9.042676594902629
Roberto Firmino Barbosa de Oliveira,35.74590885681883
Gabriel Fernando de Jesus,40.55218859691793
José Paulo Bezerra Maciel Júnior,21.136697944570244
Fagner Conserva Lemos,0.0
Thiago Emiliano da Silva,0.0
Marcelo Vieira Da Silva Junior,0.0
João Miranda De Souza Filho,5.412139133466546
Fernando Luiz Rosa,0.0
João Miranda De Souza Filho,8.874190103891172
Thiago Emiliano da Silva,4.677739838853799
Neymar da Silva Santos Júnior,10.549170583510348
Roberto Firmino Barbosa de Oliveira,0.0
Neymar da Silva Santos Júnior,56.014283892592985
Gabriel Fernando de Jesus,28.910897599348242
João Miranda De Souza Filho,4.504997225304362
Marcelo Vieira Da Silva Junior,7.504082222364038
Philippe Coutinho,26.56372056019263
Gabriel Fernando de Jesus,0.0
Neymar da Silva Santos Júnior,7.271863585079138
Philippe Coutinho,17.44964183013508
Marcelo Vieira Da Silva Junior,56.60141340991403
Philippe Coutinho,0.0
Neymar da Silva Santos Júnior,17.58522106770344
Philippe Coutinho,28.353659375819543
Marcelo Vieira Da Silva Junior,21.280037593951757
Marcelo Vieira Da Silva Junior,0.0
Thiago Emiliano da Silva,14.059338533515723
Fagner Conserva Lemos,11.551677367378295
Gabriel Fernando de Jesus,0.0
Fagner Conserva Lemos,0.0
Thiago Emiliano da Silva,0.0
Fernando Luiz Rosa,0.0
Thiago Emiliano da Silva,9.44033897696475
Neymar da Silva Santos Júnior,24.351591323771842
Philippe Coutinho,72.15434844830907
Marcelo Vieira Da Silva Junior,24.90702712087494
Fernando Luiz Rosa,9.771642645942386
Gabriel Fernando de Jesus,0.0
Philippe Coutinho,40.16279372752847
Neymar da Silva Santos Júnior,70.56351748602106
Neymar da Silva Santos Júnior,0.0
Philippe Coutinho,13.389548162652847
Neymar da Silva Santos Júnior,24.39999999999999
João Miranda De Souza Filho,20.97573002305283
Philippe Coutinho,40.03279905277672
Marcelo Vieira Da Silva Junior,4.368352092036544
Philippe Coutinho,0.0
Neymar da Silva Santos Júnior,9.83514107677163
Philippe Coutinho,17.353962083628055
Neymar da Silva Santos Júnior,21.242410409367398
Fernando Luiz Rosa,26.217742084321465
José Paulo Bezerra Maciel Júnior,29.350298124550626
Fernando Luiz Rosa,0.0
Thiago Emiliano da Silva,20.20940375171915
Marcelo Vieira Da Silva Junior,3.8132990965829054
Philippe Coutinho,33.3442648741879
Fagner Conserva Lemos,0.0
Fernando Luiz Rosa,0.0
Thiago Emiliano da Silva,22.503555274667157
Neymar da Silva Santos Júnior,47.088002718314556
Marcelo Vieira Da Silva Junior,66.94475334184152
Fagner Conserva Lemos,4.578345771127389
Thiago Emiliano da Silva,20.68042552753691
José Paulo Bezerra Maciel Júnior,11.986659251017366
Roberto Firmino Barbosa de Oliveira,19.887936041731407
Fagner Conserva Lemos,43.61387393937848
João Miranda De Souza Filho,0.0
Fernando Luiz Rosa,22.282083609931988
Marcelo Vieira Da Silva Junior,0.0
Fernando Luiz Rosa,9.895011369371941
Fagner Conserva Lemos,9.458395741350644
Thiago Emiliano da Silva,43.274935008616715
Marcelo Vieira Da Silva Junior,68.51868358338474
Fernando Luiz Rosa,4.643813088400521
Douglas Costa de Souza,4.092676385936225
Philippe Coutinho,13.38025597662466
Roberto Firmino Barbosa de Oliveira,0.0
Philippe Coutinho,0.0
Marcelo Vieira Da Silva Junior,0.0
João Miranda De Souza Filho,34.833622407093976
Marcelo Vieira Da Silva Junior,10.855643693489576
Fagner Conserva Lemos,4.775065444577702
José Paulo Bezerra Maciel Júnior,0.0
Fagner Conserva Lemos,0.0
Thiago Emiliano da Silva,6.7542579163073135
Fernando Luiz Rosa,8.45133125608032
Philippe Coutinho,16.614188213692533
Douglas Costa de Souza,71.98249787274685
Fernando Luiz Rosa,24.06013300046365
Philippe Coutinho,19.266551326067667
Fernando Luiz Rosa,0.0
João Miranda De Souza Filho,8.89894656686959
José Paulo Bezerra Maciel Júnior,0.0
Philippe Coutinho,0.0
José Paulo Bezerra Maciel Júnior,0.0
Fagner Conserva Lemos,0.0
Thiago Emiliano da Silva,71.54530033482281
João Miranda De Souza Filho,20.634921855921824
Marcelo Vieira Da Silva Junior,23.922896981762054
Douglas Costa de Souza,29.274562336608888
Philippe Coutinho,18.499999999999968
Marcelo Vieira Da Silva Junior,29.934762400927774
Neymar da Silva Santos Júnior,46.05659561886873
Thiago Emiliano da Silva,30.269807564634434
Marcelo Vieira Da Silva Junior,11.241941558289648
Philippe Coutinho,0.0
Marcelo Vieira Da Silva Junior,50.82843692265188
Thiago Emiliano da Silva,15.532908613649926
Roberto Firmino Barbosa de Oliveira,0.0
Marcelo Vieira Da Silva Junior,43.06019043153433
Neymar da Silva Santos Júnior,49.39999999999997
Philippe Coutinho,39.212242986087894
Marcelo Vieira Da Silva Junior,22.0081802973349
Roberto Firmino Barbosa de Oliveira,28.855502074994302
Fernando Luiz Rosa,17.274258305351356
Philippe Coutinho,10.640018796975864
Fernando Luiz Rosa,3.1685959035509725
Thiago Emiliano da Silva,2.7577164466275335
Thiago Emiliano da Silva,1.7439180026595293
Fagner Conserva Lemos,16.673781814573438
José Paulo Bezerra Maciel Júnior,18.814655192163364
Neymar da Silva Santos Júnior,17.75007042239551
Douglas Costa de Souza,9.484724561103501
Neymar da Silva Santos Júnior,26.777789303824175
Philippe Coutinho,13.994284547628714
Neymar da Silva Santos Júnior,14.148144754701958
João Miranda De Souza Filho,10.0
Philippe Coutinho,6.640783086353597
Marcelo Vieira Da Silva Junior,28.834007699242928
Roberto Firmino Barbosa de Oliveira,24.80000000000001
Marcelo Vieira Da Silva Junior,12.457226818196723
Marcelo Vieira Da Silva Junior,9.226321043622967
Philippe Coutinho,0.0
Thiago Emiliano da Silva,38.652700423126966
Fernando Luiz Rosa,9.165969670471313
Fernando Luiz Rosa,22.81775624376769
Philippe Coutinho,26.880476186258303
Marcelo Vieira Da Silva Junior,30.278870520546203
Philippe Coutinho,21.59282288168918
Fernando Luiz Rosa,28.1375194357996
Thiago Emiliano da Silva,0.0
Thiago Emiliano da Silva,14.50073274010662
João Miranda De Souza Filho,12.451505933018703
Thiago Emiliano da Silva,8.276472678623424
Renato Soares de Oliveira Augusto,0.0
Fagner Conserva Lemos,0.0
Thiago Emiliano da Silva,12.041594578792296
João Miranda De Souza Filho,16.134590171429828
Fernando Luiz Rosa,12.240098038823053
Thiago Emiliano da Silva,22.80813999430905
Philippe Coutinho,7.445216585163927
Fernando Luiz Rosa,12.47417331930256
Neymar da Silva Santos Júnior,16.140012391568987
Marcelo Vieira Da Silva Junior,30.307754783223384
Roberto Firmino Barbosa de Oliveira,27.060118255469614
Fagner Conserva Lemos,9.909086738948245
Roberto Firmino Barbosa de Oliveira,39.539236841395905
Marcelo Vieira Da Silva Junior,7.853661566428737
Thiago Emiliano da Silva,32.40385779502188
Neymar da Silva Santos Júnior,0.0
Fernando Luiz Rosa,34.58569068270865
Philippe Coutinho,55.07267925205749
Fagner Conserva Lemos,0.0
Thiago Emiliano da Silva,12.624232649947484
Renato Soares de Oliveira Augusto,0.0
Thiago Emiliano da Silva,21.343880856114243
Douglas Costa de Souza,62.81791145843674
Roberto Firmino Barbosa de Oliveira,6.209669878504015
Renato Soares de Oliveira Augusto,21.55945268321995
Douglas Costa de Souza,30.89372913715662
Marcelo Vieira Da Silva Junior,23.86629422428206
Philippe Coutinho,17.745985461506475
Fernando Luiz Rosa,9.194563611178078
Philippe Coutinho,34.23508799462914
Neymar da Silva Santos Júnior,28.20780033962238
Renato Soares de Oliveira Augusto,6.542266426858511
Marcelo Vieira Da Silva Junior,28.420789046048665
Douglas Costa de Souza,17.11768091769443
Roberto Firmino Barbosa de Oliveira,0.0
Douglas Costa de Souza,0.0
Fagner Conserva Lemos,0.0
Thiago Emiliano da Silva,5.045790324617147
Renato Soares de Oliveira Augusto,26.268231763862598
Marcelo Vieira Da Silva Junior,17.206721070558437
Philippe Coutinho,32.426069758760455
Fernando Luiz Rosa,13.327227768744704
Roberto Firmino Barbosa de Oliveira,83.04125480747504
Neymar da Silva Santos Júnior,24.52835094334717
Fernando Luiz Rosa,27.342732123911826
Neymar da Silva Santos Júnior,0.0
Marcelo Vieira Da Silva Junior,15.717864040638602
Renato Soares de Oliveira Augusto,39.56273499140324
Douglas Costa de Souza,39.49392358325521
João Miranda De Souza Filho,0.0
Thiago Emiliano da Silva,18.855635762286035
Fagner Conserva Lemos,7.939222254100208
Renato Soares de Oliveira Augusto,14.154857823376403
Douglas Costa de Souza,16.90931695841083
Philippe Coutinho,12.33617647409441
Marcelo Vieira Da Silva Junior,41.75547868244356
Fernando Luiz Rosa,0.0
Marcelo Vieira Da Silva Junior,9.500065789245882
Philippe Coutinho,0.0
Marcelo Vieira Da Silva Junior,20.59493262916876
Fagner Conserva Lemos,14.751991390995316
Douglas Costa de Souza,48.5176256632577
Douglas Costa de Souza,28.81110896859058
Philippe Coutinho,16.253307355735338
João Miranda De Souza Filho,3.6796738985948214
Fernando Luiz Rosa,0.0
Marcelo Vieira Da Silva Junior,4.866210024238576
Philippe Coutinho,23.865141943847725
Fagner Conserva Lemos,14.316598758084973
Douglas Costa de Souza,36.00347205478941
Marcelo Vieira Da Silva Junior,0.0
Fernando Luiz Rosa,0.0
João Miranda De Souza Filho,6.861486719363375
Thiago Emiliano da Silva,15.04044547212615
Philippe Coutinho,0.0
Roberto Firmino Barbosa de Oliveira,0.0
João Miranda De Souza Filho,5.2317540079785845
Fernando Luiz Rosa,15.315515009296943
Fagner Conserva Lemos,13.39626813705967
Douglas Costa de Souza,53.211370965236384
Marcelo Vieira Da Silva Junior,25.393109301540825
João Miranda De Souza Filho,4.82130687677107
Fernando Luiz Rosa,17.725828612507794
Thiago Emiliano da Silva,28.610225444760133
Marcelo Vieira Da Silva Junior,0.0
Fernando Luiz Rosa,6.709042405589639
Marcelo Vieira Da Silva Junior,24.992999019725517
Neymar da Silva Santos Júnior,46.362161295608296
Douglas Costa de Souza,16.521501142450706
Neymar da Silva Santos Júnior,60.05206074732157
Marcelo Vieira Da Silva Junior,10.53903458576733
João Miranda De Souza Filho,13.236738646660662
Filipe Luis Kasmirski,12.16675799052484
Philippe Coutinho,0.0
Filipe Luis Kasmirski,0.0
Carlos Henrique José Francisco Venâncio,0.0
Neymar da Silva Santos Júnior,30.79025819963191
Willian Borges Da Silva,0.0
Fagner Conserva Lemos,0.0
Thiago Emiliano da Silva,11.341957503006261
João Miranda De Souza Filho,7.243704162926587
Filipe Luis Kasmirski,23.911738748991056
Neymar da Silva Santos Júnior,24.064392782698675
Willian Borges Da Silva,19.349935400408963
Fagner Conserva Lemos,4.569463863518354
José Paulo Bezerra Maciel Júnior,11.333247548694917
Willian Borges Da Silva,0.0
Philippe Coutinho,0.0
João Miranda De Souza Filho,8.793179174792241
Carlos Henrique José Francisco Venâncio,0.0
João Miranda De Souza Filho,11.596766790791296
Philippe Coutinho,7.734662242140896
Filipe Luis Kasmirski,2.462722071204953
Filipe Luis Kasmirski,0.0
João Miranda De Souza Filho,0.0
Thiago Emiliano da Silva,0.0
João Miranda De Souza Filho,4.850257725111119
Carlos Henrique José Francisco Venâncio,20.880613017821123
José Paulo Bezerra Maciel Júnior,0.0
Willian Borges Da Silva,47.507894080878785
João Miranda De Souza Filho,5.841339743586225
Thiago Emiliano da Silva,9.938875690942107
Carlos Henrique José Francisco Venâncio,0.0
Filipe Luis Kasmirski,20.35070637594676
Neymar da Silva Santos Júnior,0.0
João Miranda De Souza Filho,6.484693516273535
Thiago Emiliano da Silva,9.30275496828762
Fagner Conserva Lemos,0.0
Thiago Emiliano da Silva,7.430679645900506
Carlos Henrique José Francisco Venâncio,0.0
João Miranda De Souza Filho,5.0014997750674794
Filipe Luis Kasmirski,0.0
João Miranda De Souza Filho,39.61420199877817
Carlos Henrique José Francisco Venâncio,8.964373932405994
Filipe Luis Kasmirski,5.490104734884385
Neymar da Silva Santos Júnior,0.0
Thiago Emiliano da Silva,7.137226352022191
Fagner Conserva Lemos,0.0
Thiago Emiliano da Silva,0.0
João Miranda De Souza Filho,20.913183640947643
Philippe Coutinho,7.677971737379604
Filipe Luis Kasmirski,0.0
Philippe Coutinho,0.0
Carlos Henrique José Francisco Venâncio,40.1088674734154
Carlos Henrique José Francisco Venâncio,0.0
Thiago Emiliano da Silva,4.6706530592626985
João Miranda De Souza Filho,4.941153711432178
Carlos Henrique José Francisco Venâncio,9.300537618869134
Filipe Luis Kasmirski,0.0
Carlos Henrique José Francisco Venâncio,0.0
Thiago Emiliano da Silva,4.091607263655688
José Paulo Bezerra Maciel Júnior,0.0
Thiago Emiliano da Silva,8.339739204555501
João Miranda De Souza Filho,5.133346861454038
Filipe Luis Kasmirski,14.565069515797026
Fagner Conserva Lemos,15.50016128948341
Fagner Conserva Lemos,0.0
Thiago Emiliano da Silva,0.0
João Miranda De Souza Filho,13.179150200221562
Filipe Luis Kasmirski,0.0
João Miranda De Souza Filho,10.340212763768454
Thiago Emiliano da Silva,25.343662916003286
Thiago Emiliano da Silva,29.195290716141194
José Paulo Bezerra Maciel Júnior,12.564682646211171
Filipe Luis Kasmirski,0.0
José Paulo Bezerra Maciel Júnior,0.0
Thiago Emiliano da Silva,0.0
João Miranda De Souza Filho,0.0
José Paulo Bezerra Maciel Júnior,0.0
Carlos Henrique José Francisco Venâncio,0.0
Filipe Luis Kasmirski,9.70006443277569
José Paulo Bezerra Maciel Júnior,5.001999600159921
Philippe Coutinho,0.0
Gabriel Fernando de Jesus,0.0
José Paulo Bezerra Maciel Júnior,0.0
Thiago Emiliano da Silva,15.645806147335458
Philippe Coutinho,0.0
Filipe Luis Kasmirski,5.425979174305779
Philippe Coutinho,0.0
Carlos Henrique José Francisco Venâncio,15.86773455790082
Filipe Luis Kasmirski,0.0
Carlos Henrique José Francisco Venâncio,6.627310917710144
Philippe Coutinho,0.0
Filipe Luis Kasmirski,27.679776010654415
Neymar da Silva Santos Júnior,6.00083327547099
Filipe Luis Kasmirski,70.05826146858058
Gabriel Fernando de Jesus,35.319258202855835
Carlos Henrique José Francisco Venâncio,0.0
Thiago Emiliano da Silva,3.3526109228480436
Carlos Henrique José Francisco Venâncio,0.0
Fagner Conserva Lemos,0.0
Thiago Emiliano da Silva,22.912987583464542
Willian Borges Da Silva,0.0
Carlos Henrique José Francisco Venâncio,0.0
João Miranda De Souza Filho,16.298504532625067
Filipe Luis Kasmirski,14.424978336205573
Neymar da Silva Santos Júnior,0.0
Filipe Luis Kasmirski,0.0
João Miranda De Souza Filho,8.660254037844387
Philippe Coutinho,0.0
Thiago Emiliano da Silva,9.894506051339803
Carlos Henrique José Francisco Venâncio,24.43644818708315
Filipe Luis Kasmirski,27.236005580848314
Filipe Luis Kasmirski,41.757394554737246
Gabriel Fernando de Jesus,34.1796723214252
José Paulo Bezerra Maciel Júnior,16.670932787339794
Willian Borges Da Silva,37.880337907679724
Carlos Henrique José Francisco Venâncio,4.6048887065813
Filipe Luis Kasmirski,11.620294746692105
Neymar da Silva Santos Júnior,65.92025485387624
Willian Borges Da Silva,23.855869298770077
Gabriel Fernando de Jesus,64.31119653683952
Neymar da Silva Santos Júnior,42.67282507638792
Fagner Conserva Lemos,16.27590243273779
Carlos Henrique José Francisco Venâncio,0.0
Thiago Emiliano da Silva,11.546049107811726
Filipe Luis Kasmirski,30.746137968857166
Fagner Conserva Lemos,17.536818411559146
José Paulo Bezerra Maciel Júnior,27.06039541470154
Fagner Conserva Lemos,63.2113913784533
Filipe Luis Kasmirski,0.0
José Paulo Bezerra Maciel Júnior,0.0
Thiago Emiliano da Silva,7.053456599426979
Carlos Henrique José Francisco Venâncio,13.171228112822279
José Paulo Bezerra Maciel Júnior,28.25369444869112
Fagner Conserva Lemos,0.0
Thiago Emiliano da Silva,8.858964386428019
Carlos Henrique José Francisco Venâncio,0.0
Thiago Emiliano da Silva,0.0
Filipe Luis Kasmirski,0.0
Carlos Henrique José Francisco Venâncio,0.0
Thiago Emiliano da Silva,75.5026489601524
Gabriel Fernando de Jesus,44.125729455726834
Philippe Coutinho,24.262728618191357
Filipe Luis Kasmirski,8.707755164219996
Neymar da Silva Santos Júnior,0.0
Carlos Henrique José Francisco Venâncio,15.493224325491452
José Paulo Bezerra Maciel Júnior,0.0
João Miranda De Souza Filho,6.556675987114197
Filipe Luis Kasmirski,0.0
João Miranda De Souza Filho,29.091085404295242
Neymar da Silva Santos Júnior,16.341664541900247
Filipe Luis Kasmirski,0.0
Philippe Coutinho,23.88995604851544
Neymar da Silva Santos Júnior,9.200543462209152
Willian Borges Da Silva,53.945991510027895
Thiago Emiliano da Silva,6.997946127257624
Willian Borges Da Silva,0.0
João Miranda De Souza Filho,16.02720343665731
Filipe Luis Kasmirski,3.2557641192199425
Filipe Luis Kasmirski,0.0
Thiago Emiliano da Silva,9.759354486850043
Fagner Conserva Lemos,12.618686540206953
Willian Borges Da Silva,0.0
Fagner Conserva Lemos,12.608380149725814
Thiago Emiliano da Silva,6.563630854946059
Carlos Henrique José Francisco Venâncio,9.368097458929423
Willian Borges Da Silva,57.92029005452236
Carlos Henrique José Francisco Venâncio,23.18706535980786
Fagner Conserva Lemos,0.0
Carlos Henrique José Francisco Venâncio,31.220045643784694
Philippe Coutinho,23.015646851652924
Neymar da Silva Santos Júnior,7.632168761236874
Philippe Coutinho,72.48834389058698
José Paulo Bezerra Maciel Júnior,24.540578640284735
Gabriel Fernando de Jesus,27.810789273229915
Willian Borges Da Silva,23.88723508487326
Fagner Conserva Lemos,0.0
Neymar da Silva Santos Júnior,12.737739202856996
Willian Borges Da Silva,17.05058650017647
Filipe Luis Kasmirski,15.589900576976108
Gabriel Fernando de Jesus,0.0
Carlos Henrique José Francisco Venâncio,2.08925824157762
José Paulo Bezerra Maciel Júnior,0.0
João Miranda De Souza Filho,7.0831666647058364
José Paulo Bezerra Maciel Júnior,0.0
Fagner Conserva Lemos,0.0
Thiago Emiliano da Silva,0.0
João Miranda De Souza Filho,9.23715324112359
Thiago Emiliano da Silva,0.0
João Miranda De Souza Filho,36.86816038263911
Philippe Coutinho,0.0
Neymar da Silva Santos Júnior,8.819934807015303
Thiago Emiliano da Silva,12.084752790189789
Carlos Henrique José Francisco Venâncio,15.968875977976658
Philippe Coutinho,12.531959144523274
Neymar da Silva Santos Júnior,39.186222068477065
Fagner Conserva Lemos,0.0
Thiago Emiliano da Silva,16.850074183812957
Fagner Conserva Lemos,14.294754282603105
Gabriel Fernando de Jesus,0.0
Philippe Coutinho,0.0
João Miranda De Souza Filho,5.39768468882724
Carlos Henrique José Francisco Venâncio,5.5502252206554665
Philippe Coutinho,30.740384675537165
Neymar da Silva Santos Júnior,0.0
José Paulo Bezerra Maciel Júnior,0.0
Willian Borges Da Silva,0.0
José Paulo Bezerra Maciel Júnior,0.0
Willian Borges Da Silva,11.667154751695033
Fagner Conserva Lemos,0.0
Willian Borges Da Silva,7.728033385021059
Thiago Emiliano da Silva,87.82277608912166
Willian Borges Da Silva,73.96492411947706
Fagner Conserva Lemos,9.518994169553842
José Paulo Bezerra Maciel Júnior,0.0
Carlos Henrique José Francisco Venâncio,28.08131051072937
Philippe Coutinho,10.884851859350222
Neymar da Silva Santos Júnior,11.063453348751455
Willian Borges Da Silva,26.49150807334307
Neymar da Silva Santos Júnior,18.017075234343668
Carlos Henrique José Francisco Venâncio,8.198246763790417
Filipe Luis Kasmirski,22.44014260204244
Willian Borges Da Silva,35.177407522442564
Carlos Henrique José Francisco Venâncio,28.041576275238157
Philippe Coutinho,17.579853526124726
Fagner Conserva Lemos,0.0
Neymar da Silva Santos Júnior,4.579301256742123
Willian Borges Da Silva,0.0
Thiago Emiliano da Silva,0.0
João Miranda De Souza Filho,16.515787901277978
Filipe Luis Kasmirski,0.0
João Miranda De Souza Filho,3.862641583165594
Willian Borges Da Silva,7.288689868556626
Carlos Henrique José Francisco Venâncio,8.082774894799432
Filipe Luis Kasmirski,24.18346542578213
Neymar da Silva Santos Júnior,35.27718809655895
Gabriel Fernando de Jesus,20.497804760510352
Philippe Coutinho,25.949373788205385
Willian Borges Da Silva,61.25104080748341
Fagner Conserva Lemos,28.64402206394906
Thiago Emiliano da Silva,7.02566722810012
Willian Borges Da Silva,8.577951387132018
Philippe Coutinho,29.213866570517517
Carlos Henrique José Francisco Venâncio,13.682105101189663
Neymar da Silva Santos Júnior,18.352111595127106
Carlos Henrique José Francisco Venâncio,28.908216824979025
José Paulo Bezerra Maciel Júnior,0.0
João Miranda De Souza Filho,13.887449369844708
Carlos Henrique José Francisco Venâncio,16.62077013859466
Neymar da Silva Santos Júnior,11.761377470347597
Thiago Emiliano da Silva,0.0
Carlos Henrique José Francisco Venâncio,0.0
Thiago Emiliano da Silva,9.98148285576848
Carlos Henrique José Francisco Venâncio,28.082467840273583
Neymar da Silva Santos Júnior,0.0
Filipe Luis Kasmirski,19.9130924268432
Neymar da Silva Santos Júnior,0.0
Philippe Coutinho,0.0
Philippe Coutinho,0.0
Carlos Henrique José Francisco Venâncio,15.698128869390773
João Miranda De Souza Filho,24.61554386967714
Philippe Coutinho,0.0
Carlos Henrique José Francisco Venâncio,9.223949804720318
Willian Borges Da Silva,22.784643951574044
Willian Borges Da Silva,11.26099462747407
Gabriel Fernando de Jesus,0.0
Willian Borges Da Silva,6.625896165802781
Thiago Emiliano da Silva,0.0
José Paulo Bezerra Maciel Júnior,0.0
João Miranda De Souza Filho,0.0
Willian Borges Da Silva,4.851803788283283
Gabriel Fernando de Jesus,0.0
Willian Borges Da Silva,9.18374923438135
Gabriel Fernando de Jesus,6.266179059043875
Willian Borges Da Silva,23.323807579381203
Philippe Coutinho,0.0
Fagner Conserva Lemos,4.923540392847408
Gabriel Fernando de Jesus,13.80040760267609
Carlos Henrique José Francisco Venâncio,0.0
Willian Borges Da Silva,4.333589736004089
José Paulo Bezerra Maciel Júnior,0.0
Willian Borges Da Silva,0.0
Thiago Emiliano da Silva,0.0
João Miranda De Souza Filho,19.011871291380025
Fagner Conserva Lemos,3.5693136595149513
Willian Borges Da Silva,0.0
Thiago Emiliano da Silva,4.630874647407334
Willian Borges Da Silva,0.0
Fagner Conserva Lemos,0.0
Gabriel Fernando de Jesus,37.07411495909242
Neymar da Silva Santos Júnior,57.48330192325419
Carlos Henrique José Francisco Venâncio,36.08434563630051
José Paulo Bezerra Maciel Júnior,20.384307689985473
José Paulo Bezerra Maciel Júnior,6.582932477247509
Filipe Luis Kasmirski,9.984049779523339
Neymar da Silva Santos Júnior,8.448076704197213
Thiago Emiliano da Silva,14.342593907658408
Fagner Conserva Lemos,16.179771321004512
José Paulo Bezerra Maciel Júnior,7.561167237933565
Willian Borges Da Silva,0.0
Neymar da Silva Santos Júnior,23.970815588961486
Filipe Luis Kasmirski,52.80383508799338
Thiago Emiliano da Silva,30.111957757674944
João Miranda De Souza Filho,12.025181911305957
Fernando Luiz Rosa,13.920533394952939
Filipe Luis Kasmirski,8.383391318553615
Gabriel Fernando de Jesus,5.1478150704935
Thiago Emiliano da Silva,6.336501400615326
João Miranda De Souza Filho,0.0
Fernando Luiz Rosa,20.277697107906516
Fernando Luiz Rosa,3.60624458405139
Roberto Firmino Barbosa de Oliveira,0.0
Carlos Henrique José Francisco Venâncio,0.0
Fagner Conserva Lemos,12.17050738465739
Roberto Firmino Barbosa de Oliveira,7.32470135909991
Filipe Luis Kasmirski,13.06770829181613
Carlos Henrique José Francisco Venâncio,5.512825954081994
Filipe Luis Kasmirski,24.335673403462668
Gabriel Fernando de Jesus,6.050206608042407
Carlos Henrique José Francisco Venâncio,189.7321269579825
Marcos Aoas Correa,11.191570488541815
Fagner Conserva Lemos,0.0
Marcos Aoas Correa,0.0
Fernando Luiz Rosa,54.651852667590326
Marcos Aoas Correa,24.191424100288103
Fagner Conserva Lemos,20.4978047605103
Gabriel Fernando de Jesus,0.0
Carlos Henrique Jose Francisco Venancio,0.0
José Paulo Bezerra Maciel Júnior,0.0
João Miranda De Souza Filho,6.372205269763362
João Miranda De Souza Filho,10.082410426083639
João Miranda De Souza Filho,0.0
Marcelo Vieira Da Silva Junior,0.0
Marcelo Vieira Da Silva Junior,9.84885780179611
Neymar da Silva Santos Júnior,0.0
Marcelo Vieira Da Silva Junior,23.19377610480882
Gabriel Fernando de Jesus,8.71679413546056
Willian Borges Da Silva,18.68756270892488
Neymar da Silva Santos Júnior,15.845504094221809
João Miranda De Souza Filho,0.0
Carlos Henrique Jose Francisco Venancio,8.013816194548014
Fagner Conserva Lemos,0.0
Marcelo Vieira Da Silva Junior,32.22392356619535
João Miranda De Souza Filho,0.0
Thiago Emiliano da Silva,0.0
João Miranda De Souza Filho,7.139327699440615
José Paulo Bezerra Maciel Júnior,0.0
Carlos Henrique Jose Francisco Venancio,4.0188617791608605
João Miranda De Souza Filho,7.536660400999902
Marcelo Vieira Da Silva Junior,6.0548534251458115
Carlos Henrique Jose Francisco Venancio,7.215348224444889
João Miranda De Souza Filho,2.9105411867898385
Carlos Henrique Jose Francisco Venancio,31.858593817053507
João Miranda De Souza Filho,6.511624221344472
Carlos Henrique Jose Francisco Venancio,6.808909604334599
Neymar da Silva Santos Júnior,26.12757164376359
Neymar da Silva Santos Júnior,45.64383857652639
Carlos Henrique Jose Francisco Venancio,0.0
João Miranda De Souza Filho,18.337529822743306
Fagner Conserva Lemos,5.449885319894357
Carlos Henrique Jose Francisco Venancio,0.0
Filipe Luís Kasmirski,16.334664061436964
Neymar da Silva Santos Júnior,0.0
Filipe Luís Kasmirski,0.0
João Miranda De Souza Filho,10.200551455681204
Thiago Emiliano da Silva,12.244182292011175
Filipe Luís Kasmirski,16.90976049505137
Willian Borges Da Silva,0.0
Carlos Henrique Jose Francisco Venancio,20.224768231057674
Neymar da Silva Santos Júnior,24.162781296862285
Fagner Conserva Lemos,8.931475242086279
Carlos Henrique Jose Francisco Venancio,0.0
Thiago Emiliano da Silva,0.0
João Miranda De Souza Filho,7.900079113527913
Filipe Luís Kasmirski,28.892927335249365
Filipe Luís Kasmirski,8.532877591996735
Carlos Henrique Jose Francisco Venancio,9.873449245324554
Neymar da Silva Santos Júnior,25.059928172283335
José Paulo Bezerra Maciel Júnior,0.0
Thiago Emiliano da Silva,13.127642591112846
João Miranda De Souza Filho,2.615339366124403
Neymar da Silva Santos Júnior,4.482186966202991
Filipe Luís Kasmirski,3.8832975677895187
Filipe Luís Kasmirski,0.0
João Miranda De Souza Filho,11.829412495977982
José Paulo Bezerra Maciel Júnior,9.38669270829721
Filipe Luís Kasmirski,5.627721563830251
João Miranda De Souza Filho,0.0
Thiago Emiliano da Silva,13.302678301755627
Filipe Luís Kasmirski,29.65307741196518
Gabriel Fernando de Jesus,10.491186777481387
Carlos Henrique Jose Francisco Venancio,9.631264195317248
Thiago Emiliano da Silva,10.484512387326363
José Paulo Bezerra Maciel Júnior,3.1050362316726683
Carlos Henrique Jose Francisco Venancio,0.0
José Paulo Bezerra Maciel Júnior,0.0
João Miranda De Souza Filho,7.368259631690511
Filipe Luís Kasmirski,19.97110412571123
Neymar da Silva Santos Júnior,0.0
Filipe Luís Kasmirski,0.0
Fagner Conserva Lemos,4.745655908301822
Thiago Emiliano da Silva,11.297842714430043
João Miranda De Souza Filho,7.689034399714965
Filipe Luís Kasmirski,18.593009439033803
Neymar da Silva Santos Júnior,0.0
Filipe Luís Kasmirski,0.0
Willian Borges Da Silva,0.0
Fagner Conserva Lemos,10.62661752393489
Willian Borges Da Silva,50.90031925243693
Willian Borges Da Silva,0.0
Neymar da Silva Santos Júnior,3.9912404086950284
Thiago Emiliano da Silva,68.73958102869116
João Miranda De Souza Filho,0.0
Gabriel Fernando de Jesus,6.390618123468186
José Paulo Bezerra Maciel Júnior,0.0
Carlos Henrique Jose Francisco Venancio,11.707743164248178
Willian Borges Da Silva,0.0
Neymar da Silva Santos Júnior,0.0
Filipe Luís Kasmirski,0.0
Carlos Henrique Jose Francisco Venancio,0.0
José Paulo Bezerra Maciel Júnior,9.28035559663529
Fagner Conserva Lemos,0.0
José Paulo Bezerra Maciel Júnior,7.94929242134166
Carlos Henrique Jose Francisco Venancio,0.0
José Paulo Bezerra Maciel Júnior,0.0
Filipe Luís Kasmirski,22.091287875540434
Neymar da Silva Santos Júnior,0.0
Filipe Luís Kasmirski,7.696752561957546
Carlos Henrique Jose Francisco Venancio,6.425048637948199
Filipe Luís Kasmirski,0.0
José Paulo Bezerra Maciel Júnior,33.849667649771675
João Miranda De Souza Filho,0.0
Thiago Emiliano da Silva,10.493807697875924
Fagner Conserva Lemos,4.051080102886143
José Paulo Bezerra Maciel Júnior,0.0
João Miranda De Souza Filho,10.314613419803964
Filipe Luís Kasmirski,0.0
Neymar da Silva Santos Júnior,0.0
Thiago Emiliano da Silva,12.142127078893548
Fagner Conserva Lemos,0.0
Thiago Emiliano da Silva,0.0
João Miranda De Souza Filho,9.352539762011173
Carlos Henrique Jose Francisco Venancio,0.0
João Miranda De Souza Filho,0.0
Thiago Emiliano da Silva,11.059441667643082
Filipe Luís Kasmirski,0.0
Thiago Emiliano da Silva,0.0
João Miranda De Souza Filho,6.1159627206188905
Filipe Luís Kasmirski,15.668160389784124
Filipe Luís Kasmirski,14.475194299214092
Gabriel Fernando de Jesus,0.0
Neymar da Silva Santos Júnior,0.0
Filipe Luís Kasmirski,8.468839944171808
Neymar da Silva Santos Júnior,0.0
Fagner Conserva Lemos,12.281337467881912
Willian Borges Da Silva,0.0
Thiago Emiliano da Silva,12.000885384003967
Filipe Luís Kasmirski,51.201562476158884
Gabriel Fernando de Jesus,10.900573379414505
Neymar da Silva Santos Júnior,39.60012626242499
Fagner Conserva Lemos,0.0
Filipe Luís Kasmirski,0.0
João Miranda De Souza Filho,9.978226295289156
Thiago Emiliano da Silva,6.9836416001968455
José Paulo Bezerra Maciel Júnior,0.0
Thiago Emiliano da Silva,0.0
João Miranda De Souza Filho,8.534928236370824
Thiago Emiliano da Silva,0.0
João Miranda De Souza Filho,0.0
Thiago Emiliano da Silva,14.281631559454263
Filipe Luís Kasmirski,5.885575587824862
Carlos Henrique Jose Francisco Venancio,0.0
João Miranda De Souza Filho,19.38275651191027
Fagner Conserva Lemos,16.292636373527756
Filipe Luís Kasmirski,0.0
João Miranda De Souza Filho,0.0
Fagner Conserva Lemos,13.117211975111172
Fagner Conserva Lemos,0.0
João Miranda De Souza Filho,10.500476179678708
Filipe Luís Kasmirski,19.575015964233593
Neymar da Silva Santos Júnior,0.0
Filipe Luís Kasmirski,5.654312513471465
Neymar da Silva Santos Júnior,135.9647013014775
Neymar da Silva Santos Júnior,0.0
Neymar da Silva Santos Júnior,25.38523192724462
Carlos Henrique Jose Francisco Venancio,4.492215489043237
Thiago Emiliano da Silva,9.90151503558925
Fagner Conserva Lemos,0.0
Thiago Emiliano da Silva,0.0
João Miranda De Souza Filho,7.628318949808011
Neymar da Silva Santos Júnior,3.967524417064123
Gabriel Fernando de Jesus,31.44137401577737
Neymar da Silva Santos Júnior,0.0
Filipe Luís Kasmirski,2.692814512735697
Neymar da Silva Santos Júnior,0.0
Carlos Henrique Jose Francisco Venancio,4.64017779831765
José Paulo Bezerra Maciel Júnior,0.0
Thiago Emiliano da Silva,8.795737604089833
Fagner Conserva Lemos,13.316578013889313
Willian Borges Da Silva,0.0
José Paulo Bezerra Maciel Júnior,21.703686322834667
Neymar da Silva Santos Júnior,15.646085772486357
Carlos Henrique Jose Francisco Venancio,0.0
João Miranda De Souza Filho,7.251982487568484
Neymar da Silva Santos Júnior,0.0
Filipe Luís Kasmirski,4.226700841081608
Filipe Luís Kasmirski,0.0
Fagner Conserva Lemos,4.940141698372631
José Paulo Bezerra Maciel Júnior,11.068028279689205
Willian Borges Da Silva,0.0
Fagner Conserva Lemos,9.752948272189288
José Paulo Bezerra Maciel Júnior,2.6983791431153628
Willian Borges Da Silva,0.0
Filipe Luís Kasmirski,36.14500311246355
Neymar da Silva Santos Júnior,0.0
Carlos Henrique Jose Francisco Venancio,0.0
Thiago Emiliano da Silva,14.074134076382817
Fagner Conserva Lemos,11.459984729483713
Filipe Luís Kasmirski,0.0
José Paulo Bezerra Maciel Júnior,0.0
Thiago Emiliano da Silva,9.791322688993555
Fagner Conserva Lemos,14.805404418657407
Willian Borges Da Silva,5.758472019555183
Carlos Henrique Jose Francisco Venancio,0.0
Willian Borges Da Silva,0.0
Filipe Luís Kasmirski,7.38723561286629
Neymar da Silva Santos Júnior,0.0
Filipe Luís Kasmirski,11.75265927354316
Neymar da Silva Santos Júnior,0.0
Carlos Henrique Jose Francisco Venancio,33.875083025728514
Willian Borges Da Silva,0.0
José Paulo Bezerra Maciel Júnior,0.0
Carlos Henrique Jose Francisco Venancio,0.0
Fagner Conserva Lemos,0.0
Thiago Emiliano da Silva,14.649232061783993
Filipe Luís Kasmirski,27.560206820704384
Thiago Emiliano da Silva,10.590561835898978
Carlos Henrique Jose Francisco Venancio,11.58123482190047
Carlos Henrique Jose Francisco Venancio,6.427285585688564
Fagner Conserva Lemos,10.088669386990526
Willian Borges Da Silva,0.0
Filipe Luís Kasmirski,4.18867520822515
José Paulo Bezerra Maciel Júnior,0.0
Carlos Henrique Jose Francisco Venancio,0.0
Neymar da Silva Santos Júnior,0.0
Filipe Luís Kasmirski,20.877739341221798
Neymar da Silva Santos Júnior,0.0
Filipe Luís Kasmirski,0.0
Willian Borges Da Silva,10.179636535751165
Willian Borges Da Silva,22.963013739489853
Fagner Conserva Lemos,32.18573053388722
João Miranda De Souza Filho,21.59548563936454
Neymar da Silva Santos Júnior,7.53823586789376
Willian Borges Da Silva,0.0
José Paulo Bezerra Maciel Júnior,0.0
Willian Borges Da Silva,0.0
Fagner Conserva Lemos,0.0
Willian Borges Da Silva,0.0
Carlos Henrique Jose Francisco Venancio,38.13490854846777
Neymar da Silva Santos Júnior,36.40494471909002
Carlos Henrique Jose Francisco Venancio,0.0
Neymar da Silva Santos Júnior,0.0
Filipe Luís Kasmirski,14.76702407392904
Gabriel Fernando de Jesus,0.0
Filipe Luís Kasmirski,5.139066063011838
Thiago Emiliano da Silva,0.0
João Miranda De Souza Filho,8.104936767180854
Carlos Henrique Jose Francisco Venancio,0.0
Fagner Conserva Lemos,53.74923255266069
Fagner Conserva Lemos,0.0
Willian Borges Da Silva,28.040149785619906
Thiago Emiliano da Silva,24.686838598735154
Neymar da Silva Santos Júnior,13.536617007214161
Fagner Conserva Lemos,11.710305290640378
Carlos Henrique Jose Francisco Venancio,21.946298093300367
Neymar da Silva Santos Júnior,13.306013678032933
Thiago Emiliano da Silva,14.61009924675394
Filipe Luís Kasmirski,8.930355536035503
José Paulo Bezerra Maciel Júnior,20.75620389184882
Gabriel Fernando de Jesus,0.0
Filipe Luís Kasmirski,3.839433551970919
Neymar da Silva Santos Júnior,0.0
Thiago Emiliano da Silva,0.0
Fagner Conserva Lemos,13.861863150384943
José Paulo Bezerra Maciel Júnior,0.0
Fagner Conserva Lemos,5.94222180669823
Fagner Conserva Lemos,23.167218218853986
Willian Borges Da Silva,32.66221058042459
Neymar da Silva Santos Júnior,47.389450302783644
Carlos Henrique Jose Francisco Venancio,0.0
Filipe Luís Kasmirski,0.0
João Miranda De Souza Filho,0.0
Gabriel Fernando de Jesus,14.900000000000006
Filipe Luís Kasmirski,6.788317169961937
Neymar da Silva Santos Júnior,32.239727045990925
Fagner Conserva Lemos,10.248902380255169
Filipe Luís Kasmirski,15.566028716406766
Neymar da Silva Santos Júnior,0.0
Filipe Luís Kasmirski,15.539626765144643
Neymar da Silva Santos Júnior,15.592626462530292
Filipe Luís Kasmirski,4.736164059658397
Filipe Luís Kasmirski,0.0
Carlos Henrique Jose Francisco Venancio,0.0
Filipe Luís Kasmirski,13.125595224598392
Carlos Henrique Jose Francisco Venancio,0.0
Thiago Emiliano da Silva,7.376313442364011
Fagner Conserva Lemos,13.431492843314178
Willian Borges Da Silva,0.0
Fernando Luiz Rosa,0.0
Willian Borges Da Silva,0.0
Thiago Emiliano da Silva,38.409569120207536
João Miranda De Souza Filho,11.512221766453248
Filipe Luís Kasmirski,0.0
Fagner Conserva Lemos,12.292324841135624
Willian Borges Da Silva,32.610811090802386
Neymar da Silva Santos Júnior,0.0
Neymar da Silva Santos Júnior,48.921263270688335
Neymar da Silva Santos Júnior,0.0
Filipe Luís Kasmirski,18.58066871778301
Neymar da Silva Santos Júnior,27.200183822908272
Willian Borges Da Silva,7.770617736061915
Gabriel Fernando de Jesus,0.0
Willian Borges Da Silva,0.0
Fagner Conserva Lemos,0.0
Carlos Henrique Jose Francisco Venancio,9.912618221237011
Fernando Luiz Rosa,46.288767535980064
Filipe Luís Kasmirski,43.00697617828997
Neymar da Silva Santos Júnior,46.349217900629114
Carlos Henrique Jose Francisco Venancio,9.211677371684267
Gabriel Fernando de Jesus,0.0
Neymar da Silva Santos Júnior,69.73729274928874
Filipe Luís Kasmirski,11.960351165413167
Carlos Henrique Jose Francisco Venancio,24.890962215229848
Thiago Emiliano da Silva,0.0
Filipe Luís Kasmirski,22.521101216414785
Gabriel Fernando de Jesus,21.66679487141558
Willian Borges Da Silva,4.345112196480096
Gabriel Fernando de Jesus,0.0
Willian Borges Da Silva,35.33624201864142
Fernando Luiz Rosa,16.20744427724495
Neymar da Silva Santos Júnior,0.0
Filipe Luís Kasmirski,1.6677080080157918
Neymar da Silva Santos Júnior,16.268988905276245
Neymar da Silva Santos Júnior,0.0
Fernando Luiz Rosa,12.218428704215613
Neymar da Silva Santos Júnior,25.959969183340743
Willian Borges Da Silva,19.63670033381369
Fernando Luiz Rosa,21.067540198134186
Neymar da Silva Santos Júnior,0.0
Carlos Henrique Jose Francisco Venancio,2.21472345903501
Neymar da Silva Santos Júnior,0.0
Fagner Conserva Lemos,8.60929730001235
Willian Borges Da Silva,0.0
Fagner Conserva Lemos,4.833218389437833
Willian Borges Da Silva,0.0
Fagner Conserva Lemos,4.780298107858965
Carlos Henrique Jose Francisco Venancio,0.0
Fagner Conserva Lemos,0.0
Thiago Emiliano da Silva,12.865457628860305
Fernando Luiz Rosa,0.0
João Miranda De Souza Filho,20.863365021012314
Filipe Luís Kasmirski,0.0
Filipe Luís Kasmirski,0.0
João Miranda De Souza Filho,0.0
Fagner Conserva Lemos,16.689854702782764
Carlos Henrique Jose Francisco Venancio,8.229292193135448
João Miranda De Souza Filho,9.977036133040714
Fernando Luiz Rosa,6.543317201542346
Carlos Henrique Jose Francisco Venancio,26.463654320596017
Thiago Emiliano da Silva,5.83277378268693
Filipe Luís Kasmirski,7.749516113926085
Fernando Luiz Rosa,12.41979267137741
Fagner Conserva Lemos,6.800091911143556
Willian Borges Da Silva,0.0
Carlos Henrique Jose Francisco Venancio,23.235855912791347
Neymar da Silva Santos Júnior,0.0
Filipe Luís Kasmirski,3.1595094555959036
Neymar da Silva Santos Júnior,47.13141203061926
Neymar da Silva Santos Júnior,22.508887133752285
Gabriel Fernando de Jesus,0.0
Filipe Luís Kasmirski,9.749358953285075
Gabriel Fernando de Jesus,20.912197397691116
Carlos Henrique Jose Francisco Venancio,42.6690754528382
Fagner Conserva Lemos,21.572725836110735
Willian Borges Da Silva,0.0
Fagner Conserva Lemos,7.6305307810138645
Willian Borges Da Silva,0.0
Carlos Henrique Jose Francisco Venancio,9.905806378079468
Filipe Luís Kasmirski,20.8904284302644
Neymar da Silva Santos Júnior,23.90397456491286
Filipe Luís Kasmirski,11.412712210513327
Filipe Luís Kasmirski,5.531839657835348
Filipe Luís Kasmirski,34.34195684581759
Carlos Henrique Jose Francisco Venancio,11.279683062923354
Fernando Luiz Rosa,18.37828201981893
Willian Borges Da Silva,0.0
Fagner Conserva Lemos,0.0
Thiago Emiliano da Silva,0.0
João Miranda De Souza Filho,10.469001862641917
Filipe Luís Kasmirski,17.6465294038233
Neymar da Silva Santos Júnior,0.0
Filipe Luís Kasmirski,0.0
Carlos Henrique Jose Francisco Venancio,7.455283361482648
Fernando Luiz Rosa,9.5323134652612
Fagner Conserva Lemos,10.442461395667202
Willian Borges Da Silva,23.146706029152412
Gabriel Fernando de Jesus,47.783783860217675
Fagner Conserva Lemos,40.824012541640236
Fernando Luiz Rosa,24.678938388836762
Neymar da Silva Santos Júnior,5.347078641650975
Thiago Emiliano da Silva,0.0
Fagner Conserva Lemos,0.0
Thiago Emiliano da Silva,4.621688003316536
Willian Borges Da Silva,18.948119959510496
Neymar da Silva Santos Júnior,20.268448386593416
Willian Borges Da Silva,0.0
Carlos Henrique Jose Francisco Venancio,6.7542579163073135
Fernando Luiz Rosa,13.955688804211707
Fagner Conserva Lemos,0.0
Thiago Emiliano da Silva,0.0
Carlos Henrique Jose Francisco Venancio,12.263003302617182
Renato Soares de Oliveira Augusto,0.0
Carlos Henrique Jose Francisco Venancio,7.243704162926587
Fernando Luiz Rosa,0.0
Carlos Henrique Jose Francisco Venancio,9.353141183581057
Filipe Luís Kasmirski,0.0
Fernando Luiz Rosa,0.0
Fagner Conserva Lemos,15.433769792244528
Willian Borges Da Silva,35.383612025908256
Fernando Luiz Rosa,0.0
Fagner Conserva Lemos,0.0
Thiago Emiliano da Silva,0.0
João Miranda De Souza Filho,12.078958978322595
Renato Soares de Oliveira Augusto,0.0
Carlos Henrique Jose Francisco Venancio,44.8340411963945
Filipe Luís Kasmirski,13.610336145738652
Carlos Henrique Jose Francisco Venancio,7.267736924242649
Fagner Conserva Lemos,8.200076219157966
Gabriel Fernando de Jesus,0.0
Filipe Luís Kasmirski,44.32585306567716
Neymar da Silva Santos Júnior,0.0
Renato Soares de Oliveira Augusto,11.243220179290267
Filipe Luís Kasmirski,0.0
Renato Soares de Oliveira Augusto,0.0
Carlos Henrique Jose Francisco Venancio,6.551717332119876
Gabriel Fernando de Jesus,0.0
Carlos Henrique Jose Francisco Venancio,5.296343078011468
Renato Soares de Oliveira Augusto,0.0
Carlos Henrique Jose Francisco Venancio,13.781872151489434
Fernando Luiz Rosa,8.136645500450417
Fagner Conserva Lemos,4.903060268852505
Fernando Luiz Rosa,0.0
Fagner Conserva Lemos,0.0
Thiago Emiliano da Silva,10.50809211988551
Carlos Henrique Jose Francisco Venancio,10.01405262618487
Renato Soares de Oliveira Augusto,0.0
Filipe Luís Kasmirski,4.018084120572888
Renato Soares de Oliveira Augusto,0.0
Filipe Luís Kasmirski,33.10724996130003
Gabriel Fernando de Jesus,21.20377324911771
Renato Soares de Oliveira Augusto,12.831601614763487
Filipe Luís Kasmirski,0.0
Renato Soares de Oliveira Augusto,8.49536638409432
Neymar da Silva Santos Júnior,0.0
Carlos Henrique Jose Francisco Venancio,0.0
Fagner Conserva Lemos,16.735628162695292
Willian Borges Da Silva,0.0
Fernando Luiz Rosa,3.000833217624734
Willian Borges Da Silva,26.46176486933553
Neymar da Silva Santos Júnior,9.394147114027957
Willian Borges Da Silva,5.913543776789008
Fagner Conserva Lemos,5.028916384272064
Fernando Luiz Rosa,9.011659114724656
Willian Borges Da Silva,5.27304466129389
Renato Soares de Oliveira Augusto,0.0
Carlos Henrique Jose Francisco Venancio,6.8934751758456345
Renato Soares de Oliveira Augusto,11.459548420422161
Neymar da Silva Santos Júnior,0.0
Renato Soares de Oliveira Augusto,0.0
Renato Soares de Oliveira Augusto,0.0
Filipe Luís Kasmirski,3.153569406244298
João Miranda De Souza Filho,6.634097527169771
Carlos Henrique Jose Francisco Venancio,10.275273718981888
Renato Soares de Oliveira Augusto,0.0
Fernando Luiz Rosa,23.592901474808052
Willian Borges Da Silva,0.0
Fernando Luiz Rosa,0.0
Fagner Conserva Lemos,10.242070103255491
Fernando Luiz Rosa,11.853269591129695
Willian Borges Da Silva,5.4940877313708745
Fernando Luiz Rosa,65.95422655145005
Fagner Conserva Lemos,15.43016526159069
Willian Borges Da Silva,0.0
Gabriel Fernando de Jesus,14.404556570752186
Renato Soares de Oliveira Augusto,14.281631559454262
Neymar da Silva Santos Júnior,8.738706998177706
Willian Borges Da Silva,20.443580899636935
Renato Soares de Oliveira Augusto,103.53453530102888
Willian Borges Da Silva,6.825137361255079
Willian Borges Da Silva,0.0
Thiago Emiliano da Silva,9.51866587290467
João Miranda De Souza Filho,6.911584478250991
Carlos Henrique Jose Francisco Venancio,0.0
João Miranda De Souza Filho,7.660613552451261
Renato Soares de Oliveira Augusto,0.0
João Miranda De Souza Filho,0.0
Carlos Henrique Jose Francisco Venancio,12.834718539960274
Fernando Luiz Rosa,0.0
Fagner Conserva Lemos,0.0
Thiago Emiliano da Silva,13.296663115233082
João Miranda De Souza Filho,9.939881790041568
Renato Soares de Oliveira Augusto,0.0
Carlos Henrique Jose Francisco Venancio,4.8157294359214164
Renato Soares de Oliveira Augusto,0.0
Fernando Luiz Rosa,0.0
Fagner Conserva Lemos,5.276836173314461
Fernando Luiz Rosa,0.0
Fagner Conserva Lemos,0.0
Thiago Emiliano da Silva,11.002045264404247
Carlos Henrique Jose Francisco Venancio,12.674827414998594
Fernando Luiz Rosa,13.513002997113558
Renato Soares de Oliveira Augusto,32.20186330012597
Neymar da Silva Santos Júnior,45.6017543522176
Gabriel Fernando de Jesus,25.36217656274793
Neymar da Silva Santos Júnior,0.0
Willian Borges Da Silva,0.0
Neymar da Silva Santos Júnior,0.0
Fagner Conserva Lemos,0.0
Thiago Emiliano da Silva,6.387879147260067
José Paulo Bezerra Maciel Júnior,10.952853509474142
Thiago Emiliano da Silva,1.4525839046333948
Fagner Conserva Lemos,4.277996026178612
José Paulo Bezerra Maciel Júnior,0.0
Carlos Henrique Jose Francisco Venancio,18.820500790361553
Carlos Henrique Jose Francisco Venancio,0.0
Fagner Conserva Lemos,0.0
Thiago Emiliano da Silva,0.0
João Miranda De Souza Filho,15.326447729333765
Marcelo Vieira Da Silva Junior,19.225503894566717
Neymar da Silva Santos Júnior,0.0
Marcelo Vieira Da Silva Junior,6.709042405589635
Carlos Henrique Jose Francisco Venancio,18.245033570810435
Fagner Conserva Lemos,6.425048637948195
Fagner Conserva Lemos,0.0
Thiago Emiliano da Silva,0.0
João Miranda De Souza Filho,19.723082923316017
Marcelo Vieira Da Silva Junior,3.314362683835307
Marcelo Vieira Da Silva Junior,0.0
Carlos Henrique Jose Francisco Venancio,0.0
João Miranda De Souza Filho,8.919711318198587
Thiago Emiliano da Silva,6.957010852370436
Fagner Conserva Lemos,0.0
Thiago Emiliano da Silva,14.005177614011183
Neymar da Silva Santos Júnior,8.315046602394961
Fagner Conserva Lemos,2.195449840010017
Willian Borges Da Silva,0.0
Neymar da Silva Santos Júnior,0.0
Willian Borges Da Silva,0.0
Thiago Emiliano da Silva,11.671546598459003
Fagner Conserva Lemos,63.14681306289339
José Paulo Bezerra Maciel Júnior,0.0
Thiago Emiliano da Silva,0.0
Fagner Conserva Lemos,8.22708940026788
Willian Borges Da Silva,4.545464772715767
José Paulo Bezerra Maciel Júnior,8.029009901600569
Neymar da Silva Santos Júnior,11.075197515168744
Marcelo Vieira Da Silva Junior,0.0
Neymar da Silva Santos Júnior,0.0
Carlos Henrique Jose Francisco Venancio,16.630694513459147
Fagner Conserva Lemos,5.729092423761377
Willian Borges Da Silva,32.07054723574263
Marcelo Vieira Da Silva Junior,10.499523798725345
João Miranda De Souza Filho,0.0
Thiago Emiliano da Silva,6.403514659934807
Carlos Henrique Jose Francisco Venancio,6.251499820043189
Fagner Conserva Lemos,0.0
Thiago Emiliano da Silva,0.0
João Miranda De Souza Filho,27.387953556262644
Marcelo Vieira Da Silva Junior,0.0
João Miranda De Souza Filho,11.56465520454458
Thiago Emiliano da Silva,8.019039842774195
Carlos Henrique Jose Francisco Venancio,57.88825442177367
Neymar da Silva Santos Júnior,19.5532605976599
Willian Borges Da Silva,21.590304536990676
Fagner Conserva Lemos,0.0
Thiago Emiliano da Silva,0.0
João Miranda De Souza Filho,21.363081472484254
Marcelo Vieira Da Silva Junior,0.0
Thiago Emiliano da Silva,20.71545316907162
Willian Borges Da Silva,10.028459502834895
Fagner Conserva Lemos,0.0
José Paulo Bezerra Maciel Júnior,0.0
Thiago Emiliano da Silva,0.0
João Miranda De Souza Filho,7.944258933342999
Carlos Henrique Jose Francisco Venancio,25.124092023394596
Fagner Conserva Lemos,0.0
José Paulo Bezerra Maciel Júnior,0.0
Thiago Emiliano da Silva,0.0
João Miranda De Souza Filho,19.308838649696156
Marcelo Vieira Da Silva Junior,9.956153875869939
Neymar da Silva Santos Júnior,0.0
Marcelo Vieira Da Silva Junior,0.0
João Miranda De Souza Filho,26.31396967392035
Marcelo Vieira Da Silva Junior,0.0
Fagner Conserva Lemos,0.0
Marcelo Vieira Da Silva Junior,0.0
Fagner Conserva Lemos,9.64209520799292
Thiago Emiliano da Silva,10.027025979820737
João Miranda De Souza Filho,16.324827717314506
Marcelo Vieira Da Silva Junior,27.488179277645862
Carlos Henrique Jose Francisco Venancio,0.0
Marcelo Vieira Da Silva Junior,0.0
João Miranda De Souza Filho,12.125231956544171
Thiago Emiliano da Silva,10.53873806487285
João Miranda De Souza Filho,6.100409822298825
Thiago Emiliano da Silva,7.445888127013462
José Paulo Bezerra Maciel Júnior,30.582429596093238
Marcelo Vieira Da Silva Junior,0.0
José Paulo Bezerra Maciel Júnior,0.0
Thiago Emiliano da Silva,15.086417732516889
Willian Borges Da Silva,0.0
Thiago Emiliano da Silva,10.951027349066386
José Paulo Bezerra Maciel Júnior,8.805679985100525
Marcelo Vieira Da Silva Junior,0.0
João Miranda De Souza Filho,12.37760073681487
Fagner Conserva Lemos,15.830705922352294
Willian Borges Da Silva,0.0
Thiago Emiliano da Silva,0.0
João Miranda De Souza Filho,15.950901228457283
Marcelo Vieira Da Silva Junior,19.204166214652485
Neymar da Silva Santos Júnior,0.0
João Miranda De Souza Filho,13.719511653116522
Thiago Emiliano da Silva,20.931823857466405
Thiago Emiliano da Silva,2.2923786772695274
José Paulo Bezerra Maciel Júnior,0.0
João Miranda De Souza Filho,10.60023584643285
Marcelo Vieira Da Silva Junior,0.0
João Miranda De Souza Filho,8.13725998109929
Thiago Emiliano da Silva,10.324243313676796
Fagner Conserva Lemos,0.0
Thiago Emiliano da Silva,0.0
João Miranda De Souza Filho,8.029009901600572
Thiago Emiliano da Silva,9.956153875869935
Fagner Conserva Lemos,0.0
Thiago Emiliano da Silva,12.296391747175267
Neymar da Silva Santos Júnior,0.0
Fagner Conserva Lemos,9.74166310236604
Willian Borges Da Silva,0.0
Marcelo Vieira Da Silva Junior,10.020977996183804
Willian Borges Da Silva,0.0
Fagner Conserva Lemos,5.0775240028974755
Carlos Henrique Jose Francisco Venancio,10.892256423716809
Marcelo Vieira Da Silva Junior,12.778546474462578
Neymar da Silva Santos Júnior,0.0
Marcelo Vieira Da Silva Junior,0.0
Thiago Emiliano da Silva,15.508062419270816
Fagner Conserva Lemos,12.236216735576404
José Paulo Bezerra Maciel Júnior,5.028419234709851
Carlos Henrique Jose Francisco Venancio,0.0
José Paulo Bezerra Maciel Júnior,13.825022603959821
Marcelo Vieira Da Silva Junior,9.298991880843863
Neymar da Silva Santos Júnior,14.777051465025082
João Miranda De Souza Filho,17.778955256144833
Fagner Conserva Lemos,20.62016610020395
Willian Borges Da Silva,0.0
Fagner Conserva Lemos,0.0
Willian Borges Da Silva,0.0
João Miranda De Souza Filho,14.709180806557516
Marcelo Vieira Da Silva Junior,29.714979387507576
Fagner Conserva Lemos,18.686659680103347
Neymar da Silva Santos Júnior,96.95854784391115
João Miranda De Souza Filho,10.612492638395565
Thiago Emiliano da Silva,9.433981132056607
Marcelo Vieira Da Silva Junior,4.992494366546645
Marcelo Vieira Da Silva Junior,0.0
Thiago Emiliano da Silva,10.45424554905805
João Miranda De Souza Filho,20.615528128088304
Fagner Conserva Lemos,12.121056059601408
Willian Borges Da Silva,0.0
Fagner Conserva Lemos,0.0
João Miranda De Souza Filho,0.0
Thiago Emiliano da Silva,15.888714548383074
Marcelo Vieira Da Silva Junior,13.26541556077306
Neymar da Silva Santos Júnior,47.41307836451882
Thiago Emiliano da Silva,7.482061881593873
Carlos Henrique Jose Francisco Venancio,10.898222332105362
Neymar da Silva Santos Júnior,85.25280054051012
Marcelo Vieira Da Silva Junior,0.0
Marcelo Vieira Da Silva Junior,0.0
Marcelo Vieira Da Silva Junior,14.30738445698584
Thiago Emiliano da Silva,11.345098060395953
Fagner Conserva Lemos,0.0
Carlos Henrique Jose Francisco Venancio,13.600781227561889
Neymar da Silva Santos Júnior,0.0
Marcelo Vieira Da Silva Junior,2.5458299236201953
Marcelo Vieira Da Silva Junior,10.924513719154724
Fagner Conserva Lemos,0.0
Thiago Emiliano da Silva,0.0
Marcelo Vieira Da Silva Junior,7.507413003158941
José Paulo Bezerra Maciel Júnior,8.396502247960157
Marcelo Vieira Da Silva Junior,9.823695842197072
Gabriel Fernando de Jesus,0.0
Carlos Henrique Jose Francisco Venancio,14.102482051043363
Marcelo Vieira Da Silva Junior,8.96437393240598
Gabriel Fernando de Jesus,8.287339742040245
Fagner Conserva Lemos,4.050925820105817
Carlos Henrique Jose Francisco Venancio,0.0
Thiago Emiliano da Silva,6.682159082212874
Carlos Henrique Jose Francisco Venancio,15.68155763946936
Marcelo Vieira Da Silva Junior,188.1142472010028
Carlos Henrique Jose Francisco Venancio,20.500030487782208
Neymar da Silva Santos Júnior,0.0
Marcelo Vieira Da Silva Junior,18.68267914406285
João Miranda De Souza Filho,6.90905203338345
Carlos Henrique Jose Francisco Venancio,21.45509846167106
Marcelo Vieira Da Silva Junior,0.0
Carlos Henrique Jose Francisco Venancio,12.134300556686402
Gabriel Fernando de Jesus,0.0
Fagner Conserva Lemos,2.659182205114944
José Paulo Bezerra Maciel Júnior,20.223748416156667
Gabriel Fernando de Jesus,25.992498917957075
Fagner Conserva Lemos,0.0
Marcelo Vieira Da Silva Junior,48.178937306669575
José Paulo Bezerra Maciel Júnior,0.0
Carlos Henrique Jose Francisco Venancio,11.855009489663015
Gabriel Fernando de Jesus,14.364235099719027
Marcelo Vieira Da Silva Junior,35.526345857687076
Marcelo Vieira Da Silva Junior,0.0
Carlos Henrique Jose Francisco Venancio,0.0
Fagner Conserva Lemos,29.090376415577712
Carlos Henrique Jose Francisco Venancio,17.348486965726988
Marcelo Vieira Da Silva Junior,6.0716554579455515
Carlos Henrique Jose Francisco Venancio,0.0
João Miranda De Souza Filho,9.683039295593094
Thiago Emiliano da Silva,23.356182265087757
Fagner Conserva Lemos,0.0
Thiago Emiliano da Silva,17.240794645259243
Neymar da Silva Santos Júnior,0.0
Fagner Conserva Lemos,21.43105223734943
Thiago Emiliano da Silva,32.1123029382821
Neymar da Silva Santos Júnior,23.720876880924948
Marcelo Vieira Da Silva Junior,0.0
Neymar da Silva Santos Júnior,33.01893396219811
João Miranda De Souza Filho,6.777259770733302
Thiago Emiliano da Silva,21.795412361320434
Carlos Henrique Jose Francisco Venancio,53.35175723441544
Fagner Conserva Lemos,0.0
Thiago Emiliano da Silva,0.0
João Miranda De Souza Filho,18.823522518381093
Marcelo Vieira Da Silva Junior,14.673275026387255
Neymar da Silva Santos Júnior,0.0
Marcelo Vieira Da Silva Junior,0.0
João Miranda De Souza Filho,11.3631531715453
Thiago Emiliano da Silva,15.577066476073085
Fagner Conserva Lemos,10.366834135839154
José Paulo Bezerra Maciel Júnior,0.0
Fagner Conserva Lemos,10.006560348091641
Willian Borges Da Silva,7.8064876865335515
Fagner Conserva Lemos,19.804039991880448
Marcelo Vieira Da Silva Junior,36.859191526673484
Neymar da Silva Santos Júnior,26.974246977441258
Thiago Emiliano da Silva,14.6398428953319
Marcelo Vieira Da Silva Junior,18.58443569226679
Marcelo Vieira Da Silva Junior,0.0
João Miranda De Souza Filho,0.0
Thiago Emiliano da Silva,9.51866587290467
Fagner Conserva Lemos,6.336501400615328
José Paulo Bezerra Maciel Júnior,0.0
Carlos Henrique Jose Francisco Venancio,13.993971916507476
Marcelo Vieira Da Silva Junior,46.73157390886808
João Miranda De Souza Filho,4.965380146574881
Carlos Henrique Jose Francisco Venancio,12.450100401201592
José Paulo Bezerra Maciel Júnior,6.198386886924694
Fagner Conserva Lemos,0.0
Thiago Emiliano da Silva,15.911356007581501
Fagner Conserva Lemos,8.040600101982438
Willian Borges Da Silva,10.917875251164947
Carlos Henrique Jose Francisco Venancio,16.42467655693716
João Miranda De Souza Filho,9.769915557465172
João Miranda De Souza Filho,5.840376700179535
Marcelo Vieira Da Silva Junior,14.503490959076016
Neymar da Silva Santos Júnior,0.0
Thiago Emiliano da Silva,5.236888389110469
Carlos Henrique Jose Francisco Venancio,11.394351670893789
Fagner Conserva Lemos,0.0
Carlos Henrique Jose Francisco Venancio,0.0
Marcelo Vieira Da Silva Junior,8.884326085866054
Carlos Henrique Jose Francisco Venancio,20.935735000233457
Carlos Henrique Jose Francisco Venancio,6.612110101926617
Marcelo Vieira Da Silva Junior,0.0
Carlos Henrique Jose Francisco Venancio,0.0
João Miranda De Souza Filho,14.864723340849634
Thiago Emiliano da Silva,23.963305281200252
Willian Borges Da Silva,27.208868039666783
Thiago Emiliano da Silva,15.287617538387073
Marcelo Vieira Da Silva Junior,0.0
João Miranda De Souza Filho,14.954263606075694
Fagner Conserva Lemos,7.416535579365883
Willian Borges Da Silva,9.121403400793106
José Paulo Bezerra Maciel Júnior,0.0
Gabriel Fernando de Jesus,38.390102891240055
Willian Borges Da Silva,20.9990475974507
Carlos Henrique Jose Francisco Venancio,35.52576529787922
Fagner Conserva Lemos,15.477725931156682
Carlos Henrique Jose Francisco Venancio,17.477127910500595
Willian Borges Da Silva,27.4372465819732
Fagner Conserva Lemos,0.0
Willian Borges Da Silva,0.0
Thiago Emiliano da Silva,47.71425363557519
Marcelo Vieira Da Silva Junior,19.140010449317945
Carlos Henrique Jose Francisco Venancio,28.750130434486735
Marcelo Vieira Da Silva Junior,17.870961082157837
Marcelo Vieira Da Silva Junior,5.0558134854838155
Carlos Henrique Jose Francisco Venancio,9.193000054389207
Thiago Emiliano da Silva,11.20959410505126
Fagner Conserva Lemos,0.0
Willian Borges Da Silva,0.0
José Paulo Bezerra Maciel Júnior,12.804100905569278
Neymar da Silva Santos Júnior,0.0
Marcelo Vieira Da Silva Junior,34.8208271010325
Gabriel Fernando de Jesus,0.0
Carlos Henrique Jose Francisco Venancio,8.464115429269613
José Paulo Bezerra Maciel Júnior,0.0
Douglas Costa de Souza,0.0
João Miranda De Souza Filho,10.27138014095477
Marcelo Vieira Da Silva Junior,0.0
João Miranda De Souza Filho,12.536347155371857
Thiago Emiliano da Silva,11.853269591129695
Carlos Henrique Jose Francisco Venancio,16.556003442860234
Marcelo Vieira Da Silva Junior,6.4175540511942675
Neymar da Silva Santos Júnior,0.0
Marcelo Vieira Da Silva Junior,6.985699678629195
Neymar da Silva Santos Júnior,17.280950494692128
Thiago Emiliano da Silva,21.282974416185343
Fagner Conserva Lemos,2.425128862555551
José Paulo Bezerra Maciel Júnior,0.0
Fagner Conserva Lemos,0.0
Carlos Henrique Jose Francisco Venancio,30.996774025694993
Neymar da Silva Santos Júnior,14.647866738880463
Marcelo Vieira Da Silva Junior,0.0
Neymar da Silva Santos Júnior,34.64390278245218
João Miranda De Souza Filho,0.0
Carlos Henrique Jose Francisco Venancio,0.0
Thiago Emiliano da Silva,16.14717467546567
Marcelo Vieira Da Silva Junior,13.22464555290614
Marcelo Vieira Da Silva Junior,5.25594901040716
Neymar da Silva Santos Júnior,0.0
João Miranda De Souza Filho,19.92263160327973
Fagner Conserva Lemos,7.493413774775819
Douglas Costa de Souza,11.399999999999999
Carlos Henrique Jose Francisco Venancio,32.646592471496895
José Paulo Bezerra Maciel Júnior,27.002407300090866
João Miranda De Souza Filho,14.732659298307281
Neymar da Silva Santos Júnior,0.0
Marcelo Vieira Da Silva Junior,0.0
José Paulo Bezerra Maciel Júnior,10.325756630872135
Douglas Costa de Souza,0.0
Fagner Conserva Lemos,62.9971427923521
José Paulo Bezerra Maciel Júnior,23.150161986474295
Neymar da Silva Santos Júnior,0.0
Marcelo Vieira Da Silva Junior,33.338416279121574
Neymar da Silva Santos Júnior,63.69552574553415
Marcelo Vieira Da Silva Junior,0.0
Fagner Conserva Lemos,24.540273022116107
Douglas Costa de Souza,17.974426277353054
Marcelo Vieira Da Silva Junior,18.428510520386638
Fagner Conserva Lemos,12.754018974425284
Fagner Conserva Lemos,20.70603776679643
Marcelo Vieira Da Silva Junior,44.4814568106756
Carlos Henrique Jose Francisco Venancio,29.030328968167037
Thiago Emiliano da Silva,13.520909732706595
Marcelo Vieira Da Silva Junior,10.916558523637383
Carlos Henrique Jose Francisco Venancio,18.47136297082595
Douglas Costa de Souza,0.0
Fagner Conserva Lemos,7.2195048306653264
Thiago Emiliano da Silva,14.198635497821614
João Miranda De Souza Filho,5.936434114853798
Fagner Conserva Lemos,0.0
José Paulo Bezerra Maciel Júnior,13.536617007214167
Neymar da Silva Santos Júnior,27.790825824361523
Marcelo Vieira Da Silva Junior,6.719467984892849
Carlos Henrique Jose Francisco Venancio,13.036151656067823
José Paulo Bezerra Maciel Júnior,22.805289956499127
Fagner Conserva Lemos,0.0
Carlos Henrique Jose Francisco Venancio,13.988968868361955
Marcelo Vieira Da Silva Junior,14.08208081215273
Neymar da Silva Santos Júnior,0.0
Marcelo Vieira Da Silva Junior,0.0
Carlos Henrique Jose Francisco Venancio,0.0
Marcelo Vieira Da Silva Junior,0.0
João Miranda De Souza Filho,15.904441203638694
Thiago Emiliano da Silva,7.769491617860201
Thiago Emiliano da Silva,10.097524449091473
Fagner Conserva Lemos,21.562931155109688
Gabriel Fernando de Jesus,10.120523701864443
José Paulo Bezerra Maciel Júnior,29.996166421727956
Gabriel Fernando de Jesus,42.309809737222906
Marcelo Vieira Da Silva Junior,0.0
Carlos Henrique Jose Francisco Venancio,9.477341399358789
Gabriel Fernando de Jesus,22.74601613469928
José Paulo Bezerra Maciel Júnior,42.655011428904835
José Paulo Bezerra Maciel Júnior,15.255490814785333
Fagner Conserva Lemos,18.63129088388671
Carlos Henrique Jose Francisco Venancio,24.649974645017387
Neymar da Silva Santos Júnior,52.400095419760454
Douglas Costa de Souza,28.044429036798018
Gabriel Fernando de Jesus,49.69708240933262
Carlos Henrique Jose Francisco Venancio,0.0
João Miranda De Souza Filho,8.164634100803294
Thiago Emiliano da Silva,0.0
João Miranda De Souza Filho,12.586500705120546
Carlos Henrique Jose Francisco Venancio,31.601424018547036
Neymar da Silva Santos Júnior,19.277188591700813
Marcelo Vieira Da Silva Junior,0.0
José Paulo Bezerra Maciel Júnior,14.176036117335483
Fagner Conserva Lemos,0.0
Fagner Conserva Lemos,0.0
João Miranda De Souza Filho,24.87873087599124
Carlos Henrique Jose Francisco Venancio,13.767398083879172
Marcelo Vieira Da Silva Junior,0.0
Carlos Henrique Jose Francisco Venancio,52.307169680647036
José Paulo Bezerra Maciel Júnior,13.21854757528223
Thiago Emiliano da Silva,3.694759802747668
Carlos Henrique Jose Francisco Venancio,15.40925046846861
Fagner Conserva Lemos,8.645229898620393
Douglas Costa de Souza,24.62199220209446
Fagner Conserva Lemos,40.24835400361114
Carlos Henrique Jose Francisco Venancio,21.194574777522668
Fagner Conserva Lemos,0.0
Thiago Emiliano da Silva,0.0
João Miranda De Souza Filho,11.403124571800486
Carlos Henrique Jose Francisco Venancio,4.188227548737053
Marcelo Vieira Da Silva Junior,0.0
João Miranda De Souza Filho,9.588534820294496
Thiago Emiliano da Silva,21.259615471593083
Fagner Conserva Lemos,13.920892571958161
Fagner Conserva Lemos,0.0
Thiago Emiliano da Silva,0.0
João Miranda De Souza Filho,12.553883861180175
Marcelo Vieira Da Silva Junior,5.830951894845304
Carlos Henrique Jose Francisco Venancio,10.830743280126255
Fagner Conserva Lemos,21.640933436430156
Douglas Costa de Souza,0.0
Marcelo Vieira Da Silva Junior,0.0
Thiago Emiliano da Silva,49.03886214014352
Thiago Emiliano da Silva,5.772347875864724
João Miranda De Souza Filho,8.801775389090544
Thiago Emiliano da Silva,9.0
Carlos Henrique Jose Francisco Venancio,13.595265720095359
Douglas Costa de Souza,0.0
Fagner Conserva Lemos,0.0
Thiago Emiliano da Silva,6.174240844022848
João Miranda De Souza Filho,11.851213018083845
Marcelo Vieira Da Silva Junior,12.077303092992242
Neymar da Silva Santos Júnior,18.659046063504974
Carlos Henrique Jose Francisco Venancio,31.39442625690108
Fagner Conserva Lemos,48.22115718229918
Fagner Conserva Lemos,0.0
Thiago Emiliano da Silva,17.98054504179448
Carlos Henrique Jose Francisco Venancio,8.495881355103776
Thiago Emiliano da Silva,16.111525377815717
Fagner Conserva Lemos,0.0
Thiago Emiliano da Silva,12.083873551142448
Marcelo Vieira Da Silva Junior,21.835750502329883
Carlos Henrique Jose Francisco Venancio,19.481273059017465
Thiago Emiliano da Silva,11.894536560959406
Carlos Henrique Jose Francisco Venancio,78.42301957971267
Neymar da Silva Santos Júnior,60.093260853443475
Marcelo Vieira Da Silva Junior,53.55156393607943
Gabriel Fernando de Jesus,43.81278352262042
Douglas Costa de Souza,44.054965667901726
Neymar da Silva Santos Júnior,61.55720916350902
Fagner Conserva Lemos,0.0
Thiago Emiliano da Silva,0.0
João Miranda De Souza Filho,10.689773150071986
Marcelo Vieira Da Silva Junior,0.0
João Miranda De Souza Filho,16.90595309351118
Carlos Henrique Jose Francisco Venancio,40.84729183189504
Marcelo Vieira Da Silva Junior,11.848206615349008
Fagner Conserva Lemos,4.680945417327572
Roberto Firmino Barbosa de Oliveira,5.133346861454036
Carlos Henrique Jose Francisco Venancio,0.0
Thiago Emiliano da Silva,16.274366347111645
Marcelo Vieira Da Silva Junior,19.092177717588946
Fagner Conserva Lemos,0.0
Thiago Emiliano da Silva,8.801775389090542
Marcelo Vieira Da Silva Junior,0.0
Thiago Emiliano da Silva,10.916558523637383
Fagner Conserva Lemos,0.0
Thiago Emiliano da Silva,12.96630247988994
Carlos Henrique Jose Francisco Venancio,17.46782756956342
Thiago Emiliano da Silva,6.965719632600786
Carlos Henrique Jose Francisco Venancio,13.418084811179277
Roberto Firmino Barbosa de Oliveira,16.434415109762803
Douglas Costa de Souza,87.07749422210081
Fagner Conserva Lemos,24.162781296862313
Fagner Conserva Lemos,13.744453426746372
Douglas Costa de Souza,6.333344298236122
Carlos Henrique Jose Francisco Venancio,0.0
Fagner Conserva Lemos,7.705841939723394
Douglas Costa de Souza,0.0
João Miranda De Souza Filho,14.140014144264496
Marcelo Vieira Da Silva Junior,38.41575197754169
Neymar da Silva Santos Júnior,18.3
Marcelo Vieira Da Silva Junior,12.916849461072156
Douglas Costa de Souza,41.74697593838387
Gabriel Fernando de Jesus,30.083217912982647
Fagner Conserva Lemos,0.0
Thiago Emiliano da Silva,10.712142642814275
João Miranda De Souza Filho,8.886014292133456
Carlos Henrique Jose Francisco Venancio,12.757399813441609
Fagner Conserva Lemos,9.73242004847715
Carlos Henrique Jose Francisco Venancio,5.300943312279431
Roberto Firmino Barbosa de Oliveira,0.0
Thiago Emiliano da Silva,70.93659140387277
Neymar da Silva Santos Júnior,45.705579528105766
Marcelo Vieira Da Silva Junior,54.835025303176444
João Miranda De Souza Filho,16.590509335159055
Marcelo Vieira Da Silva Junior,0.0
Thiago Emiliano da Silva,0.0
João Miranda De Souza Filho,12.63808727616644
Thiago Emiliano da Silva,19.888218874499543
Marcelo Vieira Da Silva Junior,0.0
Thiago Emiliano da Silva,14.894965592440958
Fagner Conserva Lemos,14.319261503303865
Douglas Costa de Souza,12.800390619039723
Carlos Henrique Jose Francisco Venancio,24.470594598415463
Fagner Conserva Lemos,0.0
Marcelo Vieira Da Silva Junior,16.089903666585453
Douglas Costa de Souza,11.282342398633368
Neymar da Silva Santos Júnior,59.19197580753658
Fagner Conserva Lemos,50.37549007205787
Thiago Emiliano da Silva,0.0
Carlos Henrique Jose Francisco Venancio,32.671853329739356
Marcelo Vieira Da Silva Junior,27.600181158825777
Douglas Costa de Souza,0.0
Marcelo Vieira Da Silva Junior,31.718921797564303
Roberto Firmino Barbosa de Oliveira,0.0
Fagner Conserva Lemos,5.091659847240385
Marcelo Vieira Da Silva Junior,35.085182057387144
Douglas Costa de Souza,67.61249884451843
Carlos Henrique Jose Francisco Venancio,12.961867149450324
Fagner Conserva Lemos,0.0
Carlos Henrique Jose Francisco Venancio,13.550830232867652
Douglas Costa de Souza,33.149358968161046
João Miranda De Souza Filho,8.515940934506297
Marcelo Vieira Da Silva Junior,25.612521351870058
Marcelo Vieira Da Silva Junior,6.819274154922917
Fagner Conserva Lemos,8.904212486233696
Carlos Henrique Jose Francisco Venancio,0.0
Fagner Conserva Lemos,16.94937314475081
Thiago Emiliano da Silva,20.53497017285391
Marcelo Vieira Da Silva Junior,72.20533221307136
Douglas Costa de Souza,21.925555865245464
João Miranda De Souza Filho,15.163442880823604
Carlos Henrique Jose Francisco Venancio,11.243887228178693
Marcelo Vieira Da Silva Junior,73.04580754567642
Roberto Firmino Barbosa de Oliveira,11.545128842936318
Gabriel Fernando de Jesus,6.082762530298224
Fernando Luiz Rosa,12.126829758844643
Neymar da Silva Santos Júnior,27.390509305231973
Roberto Firmino Barbosa de Oliveira,0.0
Neymar da Silva Santos Júnior,0.0
Marcelo Vieira Da Silva Junior,20.775015042112486
Carlos Henrique Jose Francisco Venancio,20.263390634343505
Neymar da Silva Santos Júnior,16.822009392459623
Roberto Firmino Barbosa de Oliveira,16.992056967889447
Fernando Luiz Rosa,15.393829932801017
Douglas Costa de Souza,18.257053431482333
Fernando Luiz Rosa,0.0
Fernando Luiz Rosa,1.9342311133884729
Fernando Luiz Rosa,0.0
Thiago Emiliano da Silva,36.33545100862241
Roberto Firmino Barbosa de Oliveira,9.503683496413355
Marcelo Vieira Da Silva Junior,0.0
Neymar da Silva Santos Júnior,47.80135981329399
Roberto Firmino Barbosa de Oliveira,12.657013865837406
Fagner Conserva Lemos,0.0
Carlos Henrique Jose Francisco Venancio,0.0
Fernando Luiz Rosa,0.0
Thiago Emiliano da Silva,7.627581530209951
João Miranda De Souza Filho,29.74357073385776
Neymar da Silva Santos Júnior,0.0
Carlos Henrique Jose Francisco Venancio,0.0
Fernando Luiz Rosa,8.775035612463343
Douglas Costa de Souza,3.911521443121583
Fernando Luiz Rosa,0.0
Douglas Costa de Souza,0.0
Thiago Emiliano da Silva,18.954814691787412
Marcelo Vieira Da Silva Junior,13.171370467798713
Neymar da Silva Santos Júnior,0.0
Marcelo Vieira Da Silva Junior,0.0
Fernando Luiz Rosa,18.94465623863362
Douglas Costa de Souza,47.75981574503823
Carlos Henrique Jose Francisco Venancio,39.09386141071256
Marcelo Vieira Da Silva Junior,41.456000771902744
Neymar da Silva Santos Júnior,45.88866962551868
Douglas Costa de Souza,0.0
Douglas Costa de Souza,23.49319050278185
Roberto Firmino Barbosa de Oliveira,20.640009689920205
Carlos Henrique Jose Francisco Venancio,14.560219778561036
Fernando Luiz Rosa,15.555786704631794
Carlos Henrique Jose Francisco Venancio,43.51367601111171
Douglas Costa de Souza,20.847062143141432
Gabriel Fernando de Jesus,0.0
Carlos Henrique Jose Francisco Venancio,5.769857017292543
Marcelo Vieira Da Silva Junior,39.31462832076631
Marcelo Vieira Da Silva Junior,0.0
João Miranda De Souza Filho,8.955724426309688
Carlos Henrique Jose Francisco Venancio,0.0
João Miranda De Souza Filho,10.55988873047439
Marcelo Vieira Da Silva Junior,0.0
João Miranda De Souza Filho,0.0
Thiago Emiliano da Silva,14.164083097751154
Thiago Emiliano da Silva,25.11433853399289
Carlos Henrique Jose Francisco Venancio,0.0
Marcelo Vieira Da Silva Junior,16.28377259728224
João Miranda De Souza Filho,2.8286480869843107
Neymar da Silva Santos Júnior,0.0
João Miranda De Souza Filho,15.479179564821905
Marcelo Vieira Da Silva Junior,0.0
João Miranda De Souza Filho,6.600852217706438
Thiago Emiliano da Silva,7.381818881549453
Danilo Luiz da Silva,0.0
Thiago Emiliano da Silva,9.726317391489959
João Miranda De Souza Filho,13.011149065320865
Thiago Emiliano da Silva,0.0
João Miranda De Souza Filho,10.102536810128434
Neymar da Silva Santos Júnior,5.700877125495694
José Paulo Bezerra Maciel Júnior,13.400419769544536
Danilo Luiz da Silva,16.17687392545296
Danilo Luiz da Silva,0.0
Carlos Henrique Jose Francisco Venancio,0.0
Thiago Emiliano da Silva,10.773636804719196
Danilo Luiz da Silva,0.0
Danilo Luiz da Silva,14.174316562007496
Thiago Emiliano da Silva,0.0
Gabriel Fernando de Jesus,16.400304875214964
Thiago Emiliano da Silva,16.740706376972273
Willian Borges Da Silva,0.0
Danilo Luiz da Silva,11.531316056721366
Marcelo Vieira Da Silva Junior,0.0
Neymar da Silva Santos Júnior,0.0
Carlos Henrique Jose Francisco Venancio,3.478505426185213
Neymar da Silva Santos Júnior,12.870120434556949
João Miranda De Souza Filho,14.177975878100511
João Miranda De Souza Filho,6.564392584238086
Carlos Henrique Jose Francisco Venancio,9.26093947718049
Thiago Emiliano da Silva,6.152336954361326
Danilo Luiz da Silva,0.0
Thiago Emiliano da Silva,7.872737770305828
José Paulo Bezerra Maciel Júnior,0.0
Thiago Emiliano da Silva,13.830084959970419
Marcelo Vieira Da Silva Junior,0.0
Thiago Emiliano da Silva,17.23285379732562
Marcelo Vieira Da Silva Junior,11.706835610018631
Neymar da Silva Santos Júnior,20.895932618574374
Marcelo Vieira Da Silva Junior,92.09842561086484
Thiago Emiliano da Silva,25.33929754353898
Marcelo Vieira Da Silva Junior,22.355536227073582
Neymar da Silva Santos Júnior,23.035841638629144
Marcelo Vieira Da Silva Junior,7.263693963817584
Marcelo Vieira Da Silva Junior,0.0
João Miranda De Souza Filho,55.544227872930236
Danilo Luiz da Silva,0.0
José Paulo Bezerra Maciel Júnior,19.75854245636553
Willian Borges Da Silva,34.95153787746682
José Paulo Bezerra Maciel Júnior,0.0
Thiago Emiliano da Silva,0.0
João Miranda De Souza Filho,17.670880000724352
Neymar da Silva Santos Júnior,9.60429591380856
Marcelo Vieira Da Silva Junior,0.0
Neymar da Silva Santos Júnior,0.0
Carlos Henrique Jose Francisco Venancio,0.0
Neymar da Silva Santos Júnior,16.1245154965971
Carlos Henrique Jose Francisco Venancio,27.35854528296416
Marcelo Vieira Da Silva Junior,44.97999555357913
Gabriel Fernando de Jesus,0.0
Carlos Henrique Jose Francisco Venancio,65.34370665947866
Thiago Emiliano da Silva,0.0
João Miranda De Souza Filho,16.66988302298489
Marcelo Vieira Da Silva Junior,58.22379238764854
Gabriel Fernando de Jesus,25.031979546172483
Neymar da Silva Santos Júnior,12.11981848048885
Carlos Henrique Jose Francisco Venancio,0.0
Thiago Emiliano da Silva,18.09986187792603
Danilo Luiz da Silva,9.952449447246643
Willian Borges Da Silva,0.0
José Paulo Bezerra Maciel Júnior,0.0
Thiago Emiliano da Silva,11.094142598686929
Carlos Henrique Jose Francisco Venancio,0.0
Marcelo Vieira Da Silva Junior,0.0
Neymar da Silva Santos Júnior,4.518987718505119
Marcelo Vieira Da Silva Junior,0.0
João Miranda De Souza Filho,16.350267581908252
Thiago Emiliano da Silva,19.49977563973494
Danilo Luiz da Silva,10.612492638395562
Thiago Emiliano da Silva,11.737333598394484
Danilo Luiz da Silva,17.234884681946667
Willian Borges Da Silva,23.21077336066164
Marcelo Vieira Da Silva Junior,19.95056390180488
Neymar da Silva Santos Júnior,0.0
Marcelo Vieira Da Silva Junior,23.08246087400562
Neymar da Silva Santos Júnior,14.735331689514167
Danilo Luiz da Silva,6.5528619701623505
Willian Borges Da Silva,29.91623722997261
Danilo Luiz da Silva,0.0
Willian Borges Da Silva,4.55439348322033
Danilo Luiz da Silva,0.0
Willian Borges Da Silva,32.73912033027156
José Paulo Bezerra Maciel Júnior,31.326027517066354
Danilo Luiz da Silva,0.0
Gabriel Fernando de Jesus,16.058019803201134
Marcelo Vieira Da Silva Junior,0.0
João Miranda De Souza Filho,9.080817694459018
Marcelo Vieira Da Silva Junior,0.0
Carlos Henrique Jose Francisco Venancio,0.0
Thiago Emiliano da Silva,0.0
João Miranda De Souza Filho,7.119778788698422
Carlos Henrique Jose Francisco Venancio,0.0
Thiago Emiliano da Silva,15.982529524452628
Marcelo Vieira Da Silva Junior,0.0
João Miranda De Souza Filho,6.546086617208787
José Paulo Bezerra Maciel Júnior,7.630530781013855
Carlos Henrique Jose Francisco Venancio,7.781468370429837
Carlos Henrique Jose Francisco Venancio,8.556576418170996
Marcelo Vieira Da Silva Junior,10.704730262832406
Gabriel Fernando de Jesus,0.0
Thiago Emiliano da Silva,14.17572749455914
Danilo Luiz da Silva,8.432748662209733
José Paulo Bezerra Maciel Júnior,0.0
Danilo Luiz da Silva,11.595688854052613
Willian Borges Da Silva,8.989994438263018
Marcelo Vieira Da Silva Junior,9.52706670492025
Danilo Luiz da Silva,10.134162520899297
Carlos Henrique Jose Francisco Venancio,4.630874647407335
Danilo Luiz da Silva,5.833630944789014
José Paulo Bezerra Maciel Júnior,0.0
Thiago Emiliano da Silva,11.895429794673245
João Miranda De Souza Filho,12.635317566250565
Carlos Henrique Jose Francisco Venancio,13.301550661483052
Neymar da Silva Santos Júnior,59.232423553320864
João Miranda De Souza Filho,5.703617273274917
Marcelo Vieira Da Silva Junior,29.64694335003189
João Miranda De Souza Filho,0.0
Thiago Emiliano da Silva,6.781684893888834
Carlos Henrique Jose Francisco Venancio,0.0
João Miranda De Souza Filho,7.604028537558231
José Paulo Bezerra Maciel Júnior,0.0
João Miranda De Souza Filho,21.575014484352035
Carlos Henrique Jose Francisco Venancio,12.200819644597653
Marcelo Vieira Da Silva Junior,0.0
João Miranda De Souza Filho,0.0
Thiago Emiliano da Silva,12.649703553838723
João Miranda De Souza Filho,16.65653025092561
Marcelo Vieira Da Silva Junior,0.0
Carlos Henrique Jose Francisco Venancio,0.0
João Miranda De Souza Filho,31.116093103087348
Marcelo Vieira Da Silva Junior,0.0
Danilo Luiz da Silva,33.3064558306644
Carlos Henrique Jose Francisco Venancio,6.440593916712969
Willian Borges Da Silva,0.0
Thiago Emiliano da Silva,0.0
João Miranda De Souza Filho,14.56708618770412
Thiago Emiliano da Silva,0.0
Danilo Luiz da Silva,0.0
Marcelo Vieira Da Silva Junior,0.0
João Miranda De Souza Filho,15.93333769177067
Marcelo Vieira Da Silva Junior,0.0
João Miranda De Souza Filho,5.565069631190611
Carlos Henrique Jose Francisco Venancio,0.0
João Miranda De Souza Filho,12.379620349590692
Marcelo Vieira Da Silva Junior,0.0
Marcelo Vieira Da Silva Junior,0.0
José Paulo Bezerra Maciel Júnior,0.0
Carlos Henrique Jose Francisco Venancio,0.0
José Paulo Bezerra Maciel Júnior,0.0
José Paulo Bezerra Maciel Júnior,0.0
Thiago Emiliano da Silva,6.040695324215581
Danilo Luiz da Silva,0.0
José Paulo Bezerra Maciel Júnior,4.8166378315169185
Danilo Luiz da Silva,0.0
José Paulo Bezerra Maciel Júnior,0.0
João Miranda De Souza Filho,11.007270324653614
Marcelo Vieira Da Silva Junior,0.0
João Miranda De Souza Filho,0.0
Thiago Emiliano da Silva,9.244187362878362
Danilo Luiz da Silva,7.962411694957749
José Paulo Bezerra Maciel Júnior,0.0
Danilo Luiz da Silva,0.0
João Miranda De Souza Filho,19.66964666688245
Marcelo Vieira Da Silva Junior,0.0
Carlos Henrique Jose Francisco Venancio,25.204067132111835
José Paulo Bezerra Maciel Júnior,89.3174674965653
João Miranda De Souza Filho,15.806327846783388
Marcelo Vieira Da Silva Junior,3.973820579744386
Carlos Henrique Jose Francisco Venancio,5.035995432881167
Danilo Luiz da Silva,6.225853355163452
Carlos Henrique Jose Francisco Venancio,0.0
Danilo Luiz da Silva,22.398018885606824
Danilo Luiz da Silva,0.0
Thiago Emiliano da Silva,0.0
João Miranda De Souza Filho,13.078273968685624
Marcelo Vieira Da Silva Junior,15.96092885768243
Neymar da Silva Santos Júnior,11.415395306339592
Neymar da Silva Santos Júnior,6.364353855655733
João Miranda De Souza Filho,5.676706791793986
Carlos Henrique Jose Francisco Venancio,24.31175127381818
Willian Borges Da Silva,29.509659435513655
Marcelo Vieira Da Silva Junior,10.800462953040508
José Paulo Bezerra Maciel Júnior,28.33813684771816
Carlos Henrique Jose Francisco Venancio,14.14147269558585
José Paulo Bezerra Maciel Júnior,9.871676655968805
Neymar da Silva Santos Júnior,47.656374180166075
Willian Borges Da Silva,4.543264245011514
Neymar da Silva Santos Júnior,12.93213052826176
Gabriel Fernando de Jesus,0.0
Willian Borges Da Silva,43.98772556066068
Neymar da Silva Santos Júnior,0.0
Marcelo Vieira Da Silva Junior,0.0
Carlos Henrique Jose Francisco Venancio,3.6055512754639794
Willian Borges Da Silva,15.221038072352346
Marcelo Vieira Da Silva Junior,17.86644900364926
Neymar da Silva Santos Júnior,0.0
Marcelo Vieira Da Silva Junior,17.00470523119998
Neymar da Silva Santos Júnior,4.333733955839926
Marcelo Vieira Da Silva Junior,5.56158700372475
Neymar da Silva Santos Júnior,11.038568747804199
Marcelo Vieira Da Silva Junior,1.7233687939614084
Gabriel Fernando de Jesus,0.0
Carlos Henrique Jose Francisco Venancio,6.407905273956535
José Paulo Bezerra Maciel Júnior,0.0
Danilo Luiz da Silva,0.0
João Miranda De Souza Filho,9.653561518942112
Marcelo Vieira Da Silva Junior,0.0
João Miranda De Souza Filho,0.0
Thiago Emiliano da Silva,9.614637278649674
Danilo Luiz da Silva,14.144300972476508
Willian Borges Da Silva,21.6540989191423
Marcelo Vieira Da Silva Junior,22.506998911449745
Marcelo Vieira Da Silva Junior,8.949022292965864
José Paulo Bezerra Maciel Júnior,0.0
Neymar da Silva Santos Júnior,0.0
José Paulo Bezerra Maciel Júnior,0.0
Carlos Henrique Jose Francisco Venancio,0.0
João Miranda De Souza Filho,18.584435692266805
Marcelo Vieira Da Silva Junior,30.188739622581128
Carlos Henrique Jose Francisco Venancio,14.654009690183777
Neymar da Silva Santos Júnior,0.0
Carlos Henrique Jose Francisco Venancio,65.49694649371068
Danilo Luiz da Silva,22.507776433935
Carlos Henrique Jose Francisco Venancio,0.0
João Miranda De Souza Filho,18.340154034249544
Danilo Luiz da Silva,7.495665414090995
Willian Borges Da Silva,5.966573556070516
Danilo Luiz da Silva,0.0
Thiago Emiliano da Silva,0.0
Carlos Henrique Jose Francisco Venancio,18.697727134601145
João Miranda De Souza Filho,20.971200490196065
Marcelo Vieira Da Silva Junior,0.0
Carlos Henrique Jose Francisco Venancio,109.04609117249461
José Paulo Bezerra Maciel Júnior,48.9400653861435
Carlos Henrique Jose Francisco Venancio,29.22464713217252
Marcelo Vieira Da Silva Junior,56.06032465121835
Danilo Luiz da Silva,31.877892025665655
Carlos Henrique Jose Francisco Venancio,33.196535963862274
Willian Borges Da Silva,0.0
José Paulo Bezerra Maciel Júnior,8.98359616189419
Marcelo Vieira Da Silva Junior,26.895538663503277
Fernando Luiz Rosa,4.9458315782080575
Willian Borges Da Silva,0.0
Danilo Luiz da Silva,0.0
João Miranda De Souza Filho,18.137288937434946
Marcelo Vieira Da Silva Junior,0.0
João Miranda De Souza Filho,16.10807251039056
Fernando Luiz Rosa,8.734700910735295
José Paulo Bezerra Maciel Júnior,0.0
Marcelo Vieira Da Silva Junior,0.0
João Miranda De Souza Filho,15.41557653803451
Thiago Emiliano da Silva,23.87532722288848
Danilo Luiz da Silva,0.0
Thiago Emiliano da Silva,17.851085401173798
Danilo Luiz da Silva,0.0
Willian Borges Da Silva,0.0
Thiago Emiliano da Silva,0.0
João Miranda De Souza Filho,15.446682491719706
Fernando Luiz Rosa,0.0
Marcelo Vieira Da Silva Junior,22.700991167788242
Neymar da Silva Santos Júnior,8.900561780022652
Fernando Luiz Rosa,5.686936785300146
Fernando Luiz Rosa,15.40730346296846
Neymar da Silva Santos Júnior,28.285376080229163
Gabriel Fernando de Jesus,0.0
Thiago Emiliano da Silva,6.028370426574663
João Miranda De Souza Filho,9.53683647757473
João Miranda De Souza Filho,0.0
Thiago Emiliano da Silva,12.717360182050365
Renato Soares de Oliveira Augusto,0.0
Thiago Emiliano da Silva,20.661679505790428
Thiago Emiliano da Silva,14.431259473795071
Danilo Luiz da Silva,10.08619105510102
Willian Borges Da Silva,9.024411338142789
Danilo Luiz da Silva,42.71162019872342
Thiago Emiliano da Silva,9.032441530394754
Danilo Luiz da Silva,0.0
João Miranda De Souza Filho,22.327113561766108
Danilo Luiz da Silva,28.836088500349707
Neymar da Silva Santos Júnior,81.05109499568779
Thiago Emiliano da Silva,8.709262310896372
Renato Soares de Oliveira Augusto,11.275249442917003
Willian Borges Da Silva,0.0
João Miranda De Souza Filho,11.741007196999757
Marcelo Vieira Da Silva Junior,4.463182720884278
Neymar da Silva Santos Júnior,8.499485278533044
Gabriel Fernando de Jesus,10.253292154230259
Renato Soares de Oliveira Augusto,46.79529890918529
Danilo Luiz da Silva,0.0
Renato Soares de Oliveira Augusto,48.858980750727916
Willian Borges Da Silva,16.378339354159205
Gabriel Fernando de Jesus,14.105362455463526
Neymar da Silva Santos Júnior,15.477725931156701
Marcelo Vieira Da Silva Junior,34.557922391254955
Marcelo Vieira Da Silva Junior,0.0
Fernando Luiz Rosa,0.0
Marcelo Vieira Da Silva Junior,13.301221748395905
Thiago Emiliano da Silva,3.444016550482881
Willian Borges Da Silva,0.0
Thiago Emiliano da Silva,13.780829075204439
Danilo Luiz da Silva,0.0
Fernando Luiz Rosa,0.0
João Miranda De Souza Filho,6.9383895826048825
Marcelo Vieira Da Silva Junior,16.336462285329734
João Miranda De Souza Filho,16.42619858640459
Fernando Luiz Rosa,23.486831416774805
Willian Borges Da Silva,8.91017676592334
Danilo Luiz da Silva,0.0
Marcelo Vieira Da Silva Junior,16.321764610482553
Marcelo Vieira Da Silva Junior,15.028140270838573
João Miranda De Souza Filho,0.0
Marcelo Vieira Da Silva Junior,11.738824472663346
Neymar da Silva Santos Júnior,13.46699669562594
Marcelo Vieira Da Silva Junior,0.0
Gabriel Fernando de Jesus,28.270833026283476
Neymar da Silva Santos Júnior,46.65661796572915
Thiago Emiliano da Silva,7.0032135480791995
Renato Soares de Oliveira Augusto,0.0
Thiago Emiliano da Silva,31.837477915186685
Renato Soares de Oliveira Augusto,8.2116533049076
Marcelo Vieira Da Silva Junior,31.343759346957732
João Miranda De Souza Filho,0.0
João Miranda De Souza Filho,6.18637616056444
Renato Soares de Oliveira Augusto,0.0
Fernando Luiz Rosa,19.03657663551932
Danilo Luiz da Silva,nan
Marcelo Vieira Da Silva Junior,0.0
João Miranda De Souza Filho,0.0
Thiago Emiliano da Silva,23.616969534637583
Fernando Luiz Rosa,7.596051605933178
Danilo Luiz da Silva,4.395594385290801
Marcelo Vieira Da Silva Junior,7.035623639735146
Danilo Luiz da Silva,14.02787403707347
Roberto Firmino Barbosa de Oliveira,0.0
Danilo Luiz da Silva,0.0
Danilo Luiz da Silva,0.0
Thiago Emiliano da Silva,0.0
João Miranda De Souza Filho,14.10004432617146
João Miranda De Souza Filho,7.886063656856948
Danilo Luiz da Silva,10.71920006343757
Willian Borges Da Silva,8.445412956155547
Roberto Firmino Barbosa de Oliveira,46.43619278106252
Neymar da Silva Santos Júnior,18.163975335812363
João Miranda De Souza Filho,6.458424730536078
Renato Soares de Oliveira Augusto,25.804263213662963
Neymar da Silva Santos Júnior,42.62686946047058
Roberto Firmino Barbosa de Oliveira,22.2892350698717
Willian Borges Da Silva,0.0
Willian Borges Da Silva,41.49457795905388
Fernando Luiz Rosa,11.936551009399656
Renato Soares de Oliveira Augusto,12.593649193144927
Marcelo Vieira Da Silva Junior,0.0
Renato Soares de Oliveira Augusto,7.86384130053499
Marcelo Vieira Da Silva Junior,0.0
João Miranda De Souza Filho,14.411497146375874
Danilo Luiz da Silva,5.02444026733327
Willian Borges Da Silva,0.0
João Miranda De Souza Filho,25.820752312820016
Marcelo Vieira Da Silva Junior,11.37898281921543
Neymar da Silva Santos Júnior,84.30895563343195
Fernando Luiz Rosa,14.384018909887452
Renato Soares de Oliveira Augusto,2.818022356192372
Marcelo Vieira Da Silva Junior,13.515176654413361
Roberto Firmino Barbosa de Oliveira,0.0
Renato Soares de Oliveira Augusto,6.360915814566337
Roberto Firmino Barbosa de Oliveira,0.0
Willian Borges Da Silva,46.05778978631081
Willian Borges Da Silva,0.0
Danilo Luiz da Silva,6.151422599691881
Danilo Luiz da Silva,0.0
Thiago Emiliano da Silva,0.0
João Miranda De Souza Filho,19.281597444195338
Marcelo Vieira Da Silva Junior,0.0
João Miranda De Souza Filho,11.052827692495708
Thiago Emiliano da Silva,20.639313215317994
Danilo Luiz da Silva,3.5750874115187696
João Miranda De Souza Filho,12.044500819876264
Thiago Emiliano da Silva,11.201841366489703
Marcelo Vieira Da Silva Junior,12.460136435850131
Renato Soares de Oliveira Augusto,15.78416928444447
Marcelo Vieira Da Silva Junior,2.332380757938117
Neymar da Silva Santos Júnior,0.0
João Miranda De Souza Filho,8.995068093127474
