Player,Score
Jordan Pickford,62.395840686462186
Harry Kane,20.549289788162273
Jordan Henderson,12.199409534323923
Kyle Walker,10.377593600354249
Kieran Trippier,10.33970864661769
Jamie Vardy,10.259999907658498
Marcus Rashford,9.331977264019086
John Stones,9.268812885567934
Eric Dier,9.018818497929656
Harry Maguire,8.308187081151218
Ashley Young,5.804446573427431
Bamidele Alli,5.618965504966745
Raheem Sterling,2.5643410605135393
Danny Rose,2.4261608186137686
Fabian Delph,1.2485885068850013
Jesse Lingard,0.9645157068891111
Ruben Loftus-Cheek,0.29783434475796045
