Player,Score
Manuel Neuer,29.026651737373477
Jérôme Boateng,24.021651899761245
Toni Kroos,16.446844871432106
Mesut Özil,15.895257568273214
Niklas Süle,13.75922174342584
Mario Gomez,12.033745229271348
Mats Hummels,11.615725845024661
Ilkay Gündogan,11.153456661026576
Sebastian Rudy,10.087133370390578
Sami Khedira,9.56301038229521
Julian Draxler,8.265971048102477
Antonio Rüdiger,7.818148010423842
Leon Goretzka,6.837489223827168
Julian Brandt,5.149671507671712
Thomas Müller,4.568409402054158
Marvin Plattenhardt,4.307498721745784
Timo Werner,3.5995184136693066
Joshua Kimmich,3.4858953062500406
Marco Reus,1.5067544019554628
Jonas Hector,-0.5620359327145804
